[2026-08-01 15:18:50] production.ERROR: require(/storage/emulated/0/Download/university-portal-backend  (2)/bootstrap/../routes/web.php): Failed to open stream: No such file or directory {"exception":"[object] (ErrorException(code: 0): require(/storage/emulated/0/Download/university-portal-backend  (2)/bootstrap/../routes/web.php): Failed to open stream: No such file or directory at /storage/emulated/0/Download/university-portal-backend  (2)/vendor/laravel/framework/src/Illuminate/Routing/RouteFileRegistrar.php:35)
[stacktrace]
#0 /storage/emulated/0/Download/university-portal-backend  (2)/vendor/laravel/framework/src/Illuminate/Foundation/Bootstrap/HandleExceptions.php(258): Illuminate\\Foundation\\Bootstrap\\HandleExceptions->handleError(2, 'require(/storag...', '/storage/emulat...', 35)
#1 /storage/emulated/0/Download/university-portal-backend  (2)/vendor/laravel/framework/src/Illuminate/Routing/RouteFileRegistrar.php(35): Illuminate\\Foundation\\Bootstrap\\HandleExceptions->{closure:Illuminate\\Foundation\\Bootstrap\\HandleExceptions::forwardsTo():257}(2, 'require(/storag...', '/storage/emulat...', 35)
#2 /storage/emulated/0/Download/university-portal-backend  (2)/vendor/laravel/framework/src/Illuminate/Routing/RouteFileRegistrar.php(35): require('/storage/emulat...')
#3 /storage/emulated/0/Download/university-portal-backend  (2)/vendor/laravel/framework/src/Illuminate/Routing/Router.php(513): Illuminate\\Routing\\RouteFileRegistrar->register('/storage/emulat...')
#4 /storage/emulated/0/Download/university-portal-backend  (2)/vendor/laravel/framework/src/Illuminate/Routing/Router.php(467): Illuminate\\Routing\\Router->loadRoutes('/storage/emulat...')
#5 /storage/emulated/0/Download/university-portal-backend  (2)/vendor/laravel/framework/src/Illuminate/Routing/RouteRegistrar.php(207): Illuminate\\Routing\\Router->group(Array, '/storage/emulat...')
#6 /storage/emulated/0/Download/university-portal-backend  (2)/vendor/laravel/framework/src/Illuminate/Foundation/Configuration/ApplicationBuilder.php(248): Illuminate\\Routing\\RouteRegistrar->group('/storage/emulat...')
#7 /storage/emulated/0/Download/university-portal-backend  (2)/vendor/laravel/framework/src/Illuminate/Container/BoundMethod.php(36): Illuminate\\Foundation\\Configuration\\ApplicationBuilder->{closure:Illuminate\\Foundation\\Configuration\\ApplicationBuilder::buildRoutingCallback():205}()
#8 /storage/emulated/0/Download/university-portal-backend  (2)/vendor/laravel/framework/src/Illuminate/Container/Util.php(43): Illuminate\\Container\\BoundMethod::{closure:Illuminate\\Container\\BoundMethod::call():35}()
#9 /storage/emulated/0/Download/university-portal-backend  (2)/vendor/laravel/framework/src/Illuminate/Container/BoundMethod.php(83): Illuminate\\Container\\Util::unwrapIfClosure(Object(Closure))
#10 /storage/emulated/0/Download/university-portal-backend  (2)/vendor/laravel/framework/src/Illuminate/Container/BoundMethod.php(35): Illuminate\\Container\\BoundMethod::callBoundMethod(Object(Illuminate\\Foundation\\Application), Object(Closure), Object(Closure))
#11 /storage/emulated/0/Download/university-portal-backend  (2)/vendor/laravel/framework/src/Illuminate/Container/Container.php(696): Illuminate\\Container\\BoundMethod::call(Object(Illuminate\\Foundation\\Application), Object(Closure), Array, NULL)
#12 /storage/emulated/0/Download/university-portal-backend  (2)/vendor/laravel/framework/src/Illuminate/Foundation/Support/Providers/RouteServiceProvider.php(162): Illuminate\\Container\\Container->call(Object(Closure))
#13 /storage/emulated/0/Download/university-portal-backend  (2)/vendor/laravel/framework/src/Illuminate/Foundation/Support/Providers/RouteServiceProvider.php(59): Illuminate\\Foundation\\Support\\Providers\\RouteServiceProvider->loadRoutes()
#14 /storage/emulated/0/Download/university-portal-backend  (2)/vendor/laravel/framework/src/Illuminate/Container/BoundMethod.php(36): Illuminate\\Foundation\\Support\\Providers\\RouteServiceProvider->{closure:Illuminate\\Foundation\\Support\\Providers\\RouteServiceProvider::register():53}()
#15 /storage/emulated/0/Download/university-portal-backend  (2)/vendor/laravel/framework/src/Illuminate/Container/Util.php(43): Illuminate\\Container\\BoundMethod::{closure:Illuminate\\Container\\BoundMethod::call():35}()
#16 /storage/emulated/0/Download/university-portal-backend  (2)/vendor/laravel/framework/src/Illuminate/Container/BoundMethod.php(83): Illuminate\\Container\\Util::unwrapIfClosure(Object(Closure))
#17 /storage/emulated/0/Download/university-portal-backend  (2)/vendor/laravel/framework/src/Illuminate/Container/BoundMethod.php(35): Illuminate\\Container\\BoundMethod::callBoundMethod(Object(Illuminate\\Foundation\\Application), Object(Closure), Object(Closure))
#18 /storage/emulated/0/Download/university-portal-backend  (2)/vendor/laravel/framework/src/Illuminate/Container/Container.php(696): Illuminate\\Container\\BoundMethod::call(Object(Illuminate\\Foundation\\Application), Object(Closure), Array, NULL)
#19 /storage/emulated/0/Download/university-portal-backend  (2)/vendor/laravel/framework/src/Illuminate/Support/ServiceProvider.php(144): Illuminate\\Container\\Container->call(Object(Closure))
#20 /storage/emulated/0/Download/university-portal-backend  (2)/vendor/laravel/framework/src/Illuminate/Foundation/Application.php(1154): Illuminate\\Support\\ServiceProvider->callBootedCallbacks()
#21 /storage/emulated/0/Download/university-portal-backend  (2)/vendor/laravel/framework/src/Illuminate/Foundation/Application.php(1132): Illuminate\\Foundation\\Application->bootProvider(Object(Illuminate\\Foundation\\Support\\Providers\\RouteServiceProvider))
#22 [internal function]: Illuminate\\Foundation\\Application->{closure:Illuminate\\Foundation\\Application::boot():1131}(Object(Illuminate\\Foundation\\Support\\Providers\\RouteServiceProvider), 'Illuminate\\\\Foun...')
#23 /storage/emulated/0/Download/university-portal-backend  (2)/vendor/laravel/framework/src/Illuminate/Foundation/Application.php(1131): array_walk(Array, Object(Closure))
#24 /storage/emulated/0/Download/university-portal-backend  (2)/vendor/laravel/framework/src/Illuminate/Foundation/Bootstrap/BootProviders.php(17): Illuminate\\Foundation\\Application->boot()
#25 /storage/emulated/0/Download/university-portal-backend  (2)/vendor/laravel/framework/src/Illuminate/Foundation/Application.php(342): Illuminate\\Foundation\\Bootstrap\\BootProviders->bootstrap(Object(Illuminate\\Foundation\\Application))
#26 /storage/emulated/0/Download/university-portal-backend  (2)/vendor/laravel/framework/src/Illuminate/Foundation/Console/Kernel.php(474): Illuminate\\Foundation\\Application->bootstrapWith(Array)
#27 /storage/emulated/0/Download/university-portal-backend  (2)/vendor/laravel/framework/src/Illuminate/Foundation/Console/Kernel.php(196): Illuminate\\Foundation\\Console\\Kernel->bootstrap()
#28 /storage/emulated/0/Download/university-portal-backend  (2)/artisan(12): Illuminate\\Foundation\\Console\\Kernel->handle(Object(Symfony\\Component\\Console\\Input\\ArgvInput), Object(Symfony\\Component\\Console\\Output\\ConsoleOutput))
#29 {main}
"} 
[2026-08-01 15:29:09] production.ERROR: require(/storage/emulated/0/Download/university-portal-backend  (2)/bootstrap/../routes/web.php): Failed to open stream: No such file or directory {"exception":"[object] (ErrorException(code: 0): require(/storage/emulated/0/Download/university-portal-backend  (2)/bootstrap/../routes/web.php): Failed to open stream: No such file or directory at /storage/emulated/0/Download/university-portal-backend  (2)/vendor/laravel/framework/src/Illuminate/Routing/RouteFileRegistrar.php:35)
[stacktrace]
#0 /storage/emulated/0/Download/university-portal-backend  (2)/vendor/laravel/framework/src/Illuminate/Foundation/Bootstrap/HandleExceptions.php(258): Illuminate\\Foundation\\Bootstrap\\HandleExceptions->handleError(2, 'require(/storag...', '/storage/emulat...', 35)
#1 /storage/emulated/0/Download/university-portal-backend  (2)/vendor/laravel/framework/src/Illuminate/Routing/RouteFileRegistrar.php(35): Illuminate\\Foundation\\Bootstrap\\HandleExceptions->{closure:Illuminate\\Foundation\\Bootstrap\\HandleExceptions::forwardsTo():257}(2, 'require(/storag...', '/storage/emulat...', 35)
#2 /storage/emulated/0/Download/university-portal-backend  (2)/vendor/laravel/framework/src/Illuminate/Routing/RouteFileRegistrar.php(35): require('/storage/emulat...')
#3 /storage/emulated/0/Download/university-portal-backend  (2)/vendor/laravel/framework/src/Illuminate/Routing/Router.php(513): Illuminate\\Routing\\RouteFileRegistrar->register('/storage/emulat...')
#4 /storage/emulated/0/Download/university-portal-backend  (2)/vendor/laravel/framework/src/Illuminate/Routing/Router.php(467): Illuminate\\Routing\\Router->loadRoutes('/storage/emulat...')
#5 /storage/emulated/0/Download/university-portal-backend  (2)/vendor/laravel/framework/src/Illuminate/Routing/RouteRegistrar.php(207): Illuminate\\Routing\\Router->group(Array, '/storage/emulat...')
#6 /storage/emulated/0/Download/university-portal-backend  (2)/vendor/laravel/framework/src/Illuminate/Foundation/Configuration/ApplicationBuilder.php(248): Illuminate\\Routing\\RouteRegistrar->group('/storage/emulat...')
#7 /storage/emulated/0/Download/university-portal-backend  (2)/vendor/laravel/framework/src/Illuminate/Container/BoundMethod.php(36): Illuminate\\Foundation\\Configuration\\ApplicationBuilder->{closure:Illuminate\\Foundation\\Configuration\\ApplicationBuilder::buildRoutingCallback():205}()
#8 /storage/emulated/0/Download/university-portal-backend  (2)/vendor/laravel/framework/src/Illuminate/Container/Util.php(43): Illuminate\\Container\\BoundMethod::{closure:Illuminate\\Container\\BoundMethod::call():35}()
#9 /storage/emulated/0/Download/university-portal-backend  (2)/vendor/laravel/framework/src/Illuminate/Container/BoundMethod.php(83): Illuminate\\Container\\Util::unwrapIfClosure(Object(Closure))
#10 /storage/emulated/0/Download/university-portal-backend  (2)/vendor/laravel/framework/src/Illuminate/Container/BoundMethod.php(35): Illuminate\\Container\\BoundMethod::callBoundMethod(Object(Illuminate\\Foundation\\Application), Object(Closure), Object(Closure))
#11 /storage/emulated/0/Download/university-portal-backend  (2)/vendor/laravel/framework/src/Illuminate/Container/Container.php(696): Illuminate\\Container\\BoundMethod::call(Object(Illuminate\\Foundation\\Application), Object(Closure), Array, NULL)
#12 /storage/emulated/0/Download/university-portal-backend  (2)/vendor/laravel/framework/src/Illuminate/Foundation/Support/Providers/RouteServiceProvider.php(162): Illuminate\\Container\\Container->call(Object(Closure))
#13 /storage/emulated/0/Download/university-portal-backend  (2)/vendor/laravel/framework/src/Illuminate/Foundation/Support/Providers/RouteServiceProvider.php(59): Illuminate\\Foundation\\Support\\Providers\\RouteServiceProvider->loadRoutes()
#14 /storage/emulated/0/Download/university-portal-backend  (2)/vendor/laravel/framework/src/Illuminate/Container/BoundMethod.php(36): Illuminate\\Foundation\\Support\\Providers\\RouteServiceProvider->{closure:Illuminate\\Foundation\\Support\\Providers\\RouteServiceProvider::register():53}()
#15 /storage/emulated/0/Download/university-portal-backend  (2)/vendor/laravel/framework/src/Illuminate/Container/Util.php(43): Illuminate\\Container\\BoundMethod::{closure:Illuminate\\Container\\BoundMethod::call():35}()
#16 /storage/emulated/0/Download/university-portal-backend  (2)/vendor/laravel/framework/src/Illuminate/Container/BoundMethod.php(83): Illuminate\\Container\\Util::unwrapIfClosure(Object(Closure))
#17 /storage/emulated/0/Download/university-portal-backend  (2)/vendor/laravel/framework/src/Illuminate/Container/BoundMethod.php(35): Illuminate\\Container\\BoundMethod::callBoundMethod(Object(Illuminate\\Foundation\\Application), Object(Closure), Object(Closure))
#18 /storage/emulated/0/Download/university-portal-backend  (2)/vendor/laravel/framework/src/Illuminate/Container/Container.php(696): Illuminate\\Container\\BoundMethod::call(Object(Illuminate\\Foundation\\Application), Object(Closure), Array, NULL)
#19 /storage/emulated/0/Download/university-portal-backend  (2)/vendor/laravel/framework/src/Illuminate/Support/ServiceProvider.php(144): Illuminate\\Container\\Container->call(Object(Closure))
#20 /storage/emulated/0/Download/university-portal-backend  (2)/vendor/laravel/framework/src/Illuminate/Foundation/Application.php(1154): Illuminate\\Support\\ServiceProvider->callBootedCallbacks()
#21 /storage/emulated/0/Download/university-portal-backend  (2)/vendor/laravel/framework/src/Illuminate/Foundation/Application.php(1132): Illuminate\\Foundation\\Application->bootProvider(Object(Illuminate\\Foundation\\Support\\Providers\\RouteServiceProvider))
#22 [internal function]: Illuminate\\Foundation\\Application->{closure:Illuminate\\Foundation\\Application::boot():1131}(Object(Illuminate\\Foundation\\Support\\Providers\\RouteServiceProvider), 'Illuminate\\\\Foun...')
#23 /storage/emulated/0/Download/university-portal-backend  (2)/vendor/laravel/framework/src/Illuminate/Foundation/Application.php(1131): array_walk(Array, Object(Closure))
#24 /storage/emulated/0/Download/university-portal-backend  (2)/vendor/laravel/framework/src/Illuminate/Foundation/Bootstrap/BootProviders.php(17): Illuminate\\Foundation\\Application->boot()
#25 /storage/emulated/0/Download/university-portal-backend  (2)/vendor/laravel/framework/src/Illuminate/Foundation/Application.php(342): Illuminate\\Foundation\\Bootstrap\\BootProviders->bootstrap(Object(Illuminate\\Foundation\\Application))
#26 /storage/emulated/0/Download/university-portal-backend  (2)/vendor/laravel/framework/src/Illuminate/Foundation/Console/Kernel.php(474): Illuminate\\Foundation\\Application->bootstrapWith(Array)
#27 /storage/emulated/0/Download/university-portal-backend  (2)/vendor/laravel/framework/src/Illuminate/Foundation/Console/Kernel.php(196): Illuminate\\Foundation\\Console\\Kernel->bootstrap()
#28 /storage/emulated/0/Download/university-portal-backend  (2)/artisan(12): Illuminate\\Foundation\\Console\\Kernel->handle(Object(Symfony\\Component\\Console\\Input\\ArgvInput), Object(Symfony\\Component\\Console\\Output\\ConsoleOutput))
#29 {main}
"} 
[2026-08-01 15:37:02] production.ERROR: SQLSTATE[HY000] [2002] Connection refused (Connection: mysql, SQL: select exists (select 1 from information_schema.tables where table_schema = 'university_portal' and table_name = 'migrations' and table_type in ('BASE TABLE', 'SYSTEM VERSIONED')) as `exists`) {"exception":"[object] (Illuminate\\Database\\QueryException(code: 2002): SQLSTATE[HY000] [2002] Connection refused (Connection: mysql, SQL: select exists (select 1 from information_schema.tables where table_schema = 'university_portal' and table_name = 'migrations' and table_type in ('BASE TABLE', 'SYSTEM VERSIONED')) as `exists`) at /storage/emulated/0/Download/university-portal-backend  (2)/vendor/laravel/framework/src/Illuminate/Database/Connection.php:825)
[stacktrace]
#0 /storage/emulated/0/Download/university-portal-backend  (2)/vendor/laravel/framework/src/Illuminate/Database/Connection.php(979): Illuminate\\Database\\Connection->runQueryCallback('select exists (...', Array, Object(Closure))
#1 /storage/emulated/0/Download/university-portal-backend  (2)/vendor/laravel/framework/src/Illuminate/Database/Connection.php(958): Illuminate\\Database\\Connection->tryAgainIfCausedByLostConnection(Object(Illuminate\\Database\\QueryException), 'select exists (...', Array, Object(Closure))
#2 /storage/emulated/0/Download/university-portal-backend  (2)/vendor/laravel/framework/src/Illuminate/Database/Connection.php(781): Illuminate\\Database\\Connection->handleQueryException(Object(Illuminate\\Database\\QueryException), 'select exists (...', Array, Object(Closure))
#3 /storage/emulated/0/Download/university-portal-backend  (2)/vendor/laravel/framework/src/Illuminate/Database/Connection.php(398): Illuminate\\Database\\Connection->run('select exists (...', Array, Object(Closure))
#4 /storage/emulated/0/Download/university-portal-backend  (2)/vendor/laravel/framework/src/Illuminate/Database/Connection.php(344): Illuminate\\Database\\Connection->select('select exists (...', Array, true)
#5 /storage/emulated/0/Download/university-portal-backend  (2)/vendor/laravel/framework/src/Illuminate/Database/Connection.php(361): Illuminate\\Database\\Connection->selectOne('select exists (...', Array, true)
#6 /storage/emulated/0/Download/university-portal-backend  (2)/vendor/laravel/framework/src/Illuminate/Database/Schema/MySqlBuilder.php(45): Illuminate\\Database\\Connection->scalar('select exists (...')
#7 /storage/emulated/0/Download/university-portal-backend  (2)/vendor/laravel/framework/src/Illuminate/Database/Migrations/DatabaseMigrationRepository.php(184): Illuminate\\Database\\Schema\\MySqlBuilder->hasTable('migrations')
#8 /storage/emulated/0/Download/university-portal-backend  (2)/vendor/laravel/framework/src/Illuminate/Database/Migrations/Migrator.php(742): Illuminate\\Database\\Migrations\\DatabaseMigrationRepository->repositoryExists()
#9 /storage/emulated/0/Download/university-portal-backend  (2)/vendor/laravel/framework/src/Illuminate/Database/Console/Migrations/MigrateCommand.php(165): Illuminate\\Database\\Migrations\\Migrator->repositoryExists()
#10 /storage/emulated/0/Download/university-portal-backend  (2)/vendor/laravel/framework/src/Illuminate/Support/helpers.php(338): Illuminate\\Database\\Console\\Migrations\\MigrateCommand->{closure:Illuminate\\Database\\Console\\Migrations\\MigrateCommand::repositoryExists():165}(1)
#11 /storage/emulated/0/Download/university-portal-backend  (2)/vendor/laravel/framework/src/Illuminate/Database/Console/Migrations/MigrateCommand.php(165): retry(1, Object(Closure), 0, Object(Closure))
#12 /storage/emulated/0/Download/university-portal-backend  (2)/vendor/laravel/framework/src/Illuminate/Database/Console/Migrations/MigrateCommand.php(141): Illuminate\\Database\\Console\\Migrations\\MigrateCommand->repositoryExists()
#13 /storage/emulated/0/Download/university-portal-backend  (2)/vendor/laravel/framework/src/Illuminate/Database/Console/Migrations/MigrateCommand.php(111): Illuminate\\Database\\Console\\Migrations\\MigrateCommand->prepareDatabase()
#14 /storage/emulated/0/Download/university-portal-backend  (2)/vendor/laravel/framework/src/Illuminate/Database/Migrations/Migrator.php(658): Illuminate\\Database\\Console\\Migrations\\MigrateCommand->{closure:Illuminate\\Database\\Console\\Migrations\\MigrateCommand::runMigrations():110}()
#15 /storage/emulated/0/Download/university-portal-backend  (2)/vendor/laravel/framework/src/Illuminate/Database/Console/Migrations/MigrateCommand.php(110): Illuminate\\Database\\Migrations\\Migrator->usingConnection(NULL, Object(Closure))
#16 /storage/emulated/0/Download/university-portal-backend  (2)/vendor/laravel/framework/src/Illuminate/Database/Console/Migrations/MigrateCommand.php(89): Illuminate\\Database\\Console\\Migrations\\MigrateCommand->runMigrations()
#17 /storage/emulated/0/Download/university-portal-backend  (2)/vendor/laravel/framework/src/Illuminate/Container/BoundMethod.php(36): Illuminate\\Database\\Console\\Migrations\\MigrateCommand->handle()
#18 /storage/emulated/0/Download/university-portal-backend  (2)/vendor/laravel/framework/src/Illuminate/Container/Util.php(43): Illuminate\\Container\\BoundMethod::{closure:Illuminate\\Container\\BoundMethod::call():35}()
#19 /storage/emulated/0/Download/university-portal-backend  (2)/vendor/laravel/framework/src/Illuminate/Container/BoundMethod.php(95): Illuminate\\Container\\Util::unwrapIfClosure(Object(Closure))
#20 /storage/emulated/0/Download/university-portal-backend  (2)/vendor/laravel/framework/src/Illuminate/Container/BoundMethod.php(35): Illuminate\\Container\\BoundMethod::callBoundMethod(Object(Illuminate\\Foundation\\Application), Array, Object(Closure))
#21 /storage/emulated/0/Download/university-portal-backend  (2)/vendor/laravel/framework/src/Illuminate/Container/Container.php(696): Illuminate\\Container\\BoundMethod::call(Object(Illuminate\\Foundation\\Application), Array, Array, NULL)
#22 /storage/emulated/0/Download/university-portal-backend  (2)/vendor/laravel/framework/src/Illuminate/Console/Command.php(213): Illuminate\\Container\\Container->call(Array)
#23 /storage/emulated/0/Download/university-portal-backend  (2)/vendor/symfony/console/Command/Command.php(341): Illuminate\\Console\\Command->execute(Object(Symfony\\Component\\Console\\Input\\ArgvInput), Object(Illuminate\\Console\\OutputStyle))
#24 /storage/emulated/0/Download/university-portal-backend  (2)/vendor/laravel/framework/src/Illuminate/Console/Command.php(182): Symfony\\Component\\Console\\Command\\Command->run(Object(Symfony\\Component\\Console\\Input\\ArgvInput), Object(Illuminate\\Console\\OutputStyle))
#25 /storage/emulated/0/Download/university-portal-backend  (2)/vendor/symfony/console/Application.php(1117): Illuminate\\Console\\Command->run(Object(Symfony\\Component\\Console\\Input\\ArgvInput), Object(Symfony\\Component\\Console\\Output\\ConsoleOutput))
#26 /storage/emulated/0/Download/university-portal-backend  (2)/vendor/symfony/console/Application.php(356): Symfony\\Component\\Console\\Application->doRunCommand(Object(Illuminate\\Database\\Console\\Migrations\\MigrateCommand), Object(Symfony\\Component\\Console\\Input\\ArgvInput), Object(Symfony\\Component\\Console\\Output\\ConsoleOutput))
#27 /storage/emulated/0/Download/university-portal-backend  (2)/vendor/symfony/console/Application.php(195): Symfony\\Component\\Console\\Application->doRun(Object(Symfony\\Component\\Console\\Input\\ArgvInput), Object(Symfony\\Component\\Console\\Output\\ConsoleOutput))
#28 /storage/emulated/0/Download/university-portal-backend  (2)/vendor/laravel/framework/src/Illuminate/Foundation/Console/Kernel.php(198): Symfony\\Component\\Console\\Application->run(Object(Symfony\\Component\\Console\\Input\\ArgvInput), Object(Symfony\\Component\\Console\\Output\\ConsoleOutput))
#29 /storage/emulated/0/Download/university-portal-backend  (2)/artisan(12): Illuminate\\Foundation\\Console\\Kernel->handle(Object(Symfony\\Component\\Console\\Input\\ArgvInput), Object(Symfony\\Component\\Console\\Output\\ConsoleOutput))
#30 {main}

[previous exception] [object] (PDOException(code: 2002): SQLSTATE[HY000] [2002] Connection refused at /storage/emulated/0/Download/university-portal-backend  (2)/vendor/laravel/framework/src/Illuminate/Database/Connectors/Connector.php:67)
[stacktrace]
#0 /storage/emulated/0/Download/university-portal-backend  (2)/vendor/laravel/framework/src/Illuminate/Database/Connectors/Connector.php(67): PDO::connect('mysql:host=127....', 'root', Object(SensitiveParameterValue), Array)
#1 /storage/emulated/0/Download/university-portal-backend  (2)/vendor/laravel/framework/src/Illuminate/Database/Connectors/Connector.php(85): Illuminate\\Database\\Connectors\\Connector->createPdoConnection('mysql:host=127....', 'root', Object(SensitiveParameterValue), Array)
#2 /storage/emulated/0/Download/university-portal-backend  (2)/vendor/laravel/framework/src/Illuminate/Database/Connectors/Connector.php(48): Illuminate\\Database\\Connectors\\Connector->tryAgainIfCausedByLostConnection(Object(PDOException), 'mysql:host=127....', 'root', Object(SensitiveParameterValue), Array)
#3 /storage/emulated/0/Download/university-portal-backend  (2)/vendor/laravel/framework/src/Illuminate/Database/Connectors/MySqlConnector.php(24): Illuminate\\Database\\Connectors\\Connector->createConnection('mysql:host=127....', Array, Array)
#4 /storage/emulated/0/Download/university-portal-backend  (2)/vendor/laravel/framework/src/Illuminate/Database/Connectors/ConnectionFactory.php(185): Illuminate\\Database\\Connectors\\MySqlConnector->connect(Array)
#5 [internal function]: Illuminate\\Database\\Connectors\\ConnectionFactory->{closure:Illuminate\\Database\\Connectors\\ConnectionFactory::createPdoResolverWithHosts():180}()
#6 /storage/emulated/0/Download/university-portal-backend  (2)/vendor/laravel/framework/src/Illuminate/Database/Connection.php(1231): call_user_func(Object(Closure))
#7 /storage/emulated/0/Download/university-portal-backend  (2)/vendor/laravel/framework/src/Illuminate/Database/Connection.php(1267): Illuminate\\Database\\Connection->getPdo()
#8 /storage/emulated/0/Download/university-portal-backend  (2)/vendor/laravel/framework/src/Illuminate/Database/Connection.php(512): Illuminate\\Database\\Connection->getReadPdo()
#9 /storage/emulated/0/Download/university-portal-backend  (2)/vendor/laravel/framework/src/Illuminate/Database/Connection.php(407): Illuminate\\Database\\Connection->getPdoForSelect(true)
#10 /storage/emulated/0/Download/university-portal-backend  (2)/vendor/laravel/framework/src/Illuminate/Database/Connection.php(812): Illuminate\\Database\\Connection->{closure:Illuminate\\Database\\Connection::select():398}('select exists (...', Array)
#11 /storage/emulated/0/Download/university-portal-backend  (2)/vendor/laravel/framework/src/Illuminate/Database/Connection.php(979): Illuminate\\Database\\Connection->runQueryCallback('select exists (...', Array, Object(Closure))
#12 /storage/emulated/0/Download/university-portal-backend  (2)/vendor/laravel/framework/src/Illuminate/Database/Connection.php(958): Illuminate\\Database\\Connection->tryAgainIfCausedByLostConnection(Object(Illuminate\\Database\\QueryException), 'select exists (...', Array, Object(Closure))
#13 /storage/emulated/0/Download/university-portal-backend  (2)/vendor/laravel/framework/src/Illuminate/Database/Connection.php(781): Illuminate\\Database\\Connection->handleQueryException(Object(Illuminate\\Database\\QueryException), 'select exists (...', Array, Object(Closure))
#14 /storage/emulated/0/Download/university-portal-backend  (2)/vendor/laravel/framework/src/Illuminate/Database/Connection.php(398): Illuminate\\Database\\Connection->run('select exists (...', Array, Object(Closure))
#15 /storage/emulated/0/Download/university-portal-backend  (2)/vendor/laravel/framework/src/Illuminate/Database/Connection.php(344): Illuminate\\Database\\Connection->select('select exists (...', Array, true)
#16 /storage/emulated/0/Download/university-portal-backend  (2)/vendor/laravel/framework/src/Illuminate/Database/Connection.php(361): Illuminate\\Database\\Connection->selectOne('select exists (...', Array, true)
#17 /storage/emulated/0/Download/university-portal-backend  (2)/vendor/laravel/framework/src/Illuminate/Database/Schema/MySqlBuilder.php(45): Illuminate\\Database\\Connection->scalar('select exists (...')
#18 /storage/emulated/0/Download/university-portal-backend  (2)/vendor/laravel/framework/src/Illuminate/Database/Migrations/DatabaseMigrationRepository.php(184): Illuminate\\Database\\Schema\\MySqlBuilder->hasTable('migrations')
#19 /storage/emulated/0/Download/university-portal-backend  (2)/vendor/laravel/framework/src/Illuminate/Database/Migrations/Migrator.php(742): Illuminate\\Database\\Migrations\\DatabaseMigrationRepository->repositoryExists()
#20 /storage/emulated/0/Download/university-portal-backend  (2)/vendor/laravel/framework/src/Illuminate/Database/Console/Migrations/MigrateCommand.php(165): Illuminate\\Database\\Migrations\\Migrator->repositoryExists()
#21 /storage/emulated/0/Download/university-portal-backend  (2)/vendor/laravel/framework/src/Illuminate/Support/helpers.php(338): Illuminate\\Database\\Console\\Migrations\\MigrateCommand->{closure:Illuminate\\Database\\Console\\Migrations\\MigrateCommand::repositoryExists():165}(1)
#22 /storage/emulated/0/Download/university-portal-backend  (2)/vendor/laravel/framework/src/Illuminate/Database/Console/Migrations/MigrateCommand.php(165): retry(1, Object(Closure), 0, Object(Closure))
#23 /storage/emulated/0/Download/university-portal-backend  (2)/vendor/laravel/framework/src/Illuminate/Database/Console/Migrations/MigrateCommand.php(141): Illuminate\\Database\\Console\\Migrations\\MigrateCommand->repositoryExists()
#24 /storage/emulated/0/Download/university-portal-backend  (2)/vendor/laravel/framework/src/Illuminate/Database/Console/Migrations/MigrateCommand.php(111): Illuminate\\Database\\Console\\Migrations\\MigrateCommand->prepareDatabase()
#25 /storage/emulated/0/Download/university-portal-backend  (2)/vendor/laravel/framework/src/Illuminate/Database/Migrations/Migrator.php(658): Illuminate\\Database\\Console\\Migrations\\MigrateCommand->{closure:Illuminate\\Database\\Console\\Migrations\\MigrateCommand::runMigrations():110}()
#26 /storage/emulated/0/Download/university-portal-backend  (2)/vendor/laravel/framework/src/Illuminate/Database/Console/Migrations/MigrateCommand.php(110): Illuminate\\Database\\Migrations\\Migrator->usingConnection(NULL, Object(Closure))
#27 /storage/emulated/0/Download/university-portal-backend  (2)/vendor/laravel/framework/src/Illuminate/Database/Console/Migrations/MigrateCommand.php(89): Illuminate\\Database\\Console\\Migrations\\MigrateCommand->runMigrations()
#28 /storage/emulated/0/Download/university-portal-backend  (2)/vendor/laravel/framework/src/Illuminate/Container/BoundMethod.php(36): Illuminate\\Database\\Console\\Migrations\\MigrateCommand->handle()
#29 /storage/emulated/0/Download/university-portal-backend  (2)/vendor/laravel/framework/src/Illuminate/Container/Util.php(43): Illuminate\\Container\\BoundMethod::{closure:Illuminate\\Container\\BoundMethod::call():35}()
#30 /storage/emulated/0/Download/university-portal-backend  (2)/vendor/laravel/framework/src/Illuminate/Container/BoundMethod.php(95): Illuminate\\Container\\Util::unwrapIfClosure(Object(Closure))
#31 /storage/emulated/0/Download/university-portal-backend  (2)/vendor/laravel/framework/src/Illuminate/Container/BoundMethod.php(35): Illuminate\\Container\\BoundMethod::callBoundMethod(Object(Illuminate\\Foundation\\Application), Array, Object(Closure))
#32 /storage/emulated/0/Download/university-portal-backend  (2)/vendor/laravel/framework/src/Illuminate/Container/Container.php(696): Illuminate\\Container\\BoundMethod::call(Object(Illuminate\\Foundation\\Application), Array, Array, NULL)
#33 /storage/emulated/0/Download/university-portal-backend  (2)/vendor/laravel/framework/src/Illuminate/Console/Command.php(213): Illuminate\\Container\\Container->call(Array)
#34 /storage/emulated/0/Download/university-portal-backend  (2)/vendor/symfony/console/Command/Command.php(341): Illuminate\\Console\\Command->execute(Object(Symfony\\Component\\Console\\Input\\ArgvInput), Object(Illuminate\\Console\\OutputStyle))
#35 /storage/emulated/0/Download/university-portal-backend  (2)/vendor/laravel/framework/src/Illuminate/Console/Command.php(182): Symfony\\Component\\Console\\Command\\Command->run(Object(Symfony\\Component\\Console\\Input\\ArgvInput), Object(Illuminate\\Console\\OutputStyle))
#36 /storage/emulated/0/Download/university-portal-backend  (2)/vendor/symfony/console/Application.php(1117): Illuminate\\Console\\Command->run(Object(Symfony\\Component\\Console\\Input\\ArgvInput), Object(Symfony\\Component\\Console\\Output\\ConsoleOutput))
#37 /storage/emulated/0/Download/university-portal-backend  (2)/vendor/symfony/console/Application.php(356): Symfony\\Component\\Console\\Application->doRunCommand(Object(Illuminate\\Database\\Console\\Migrations\\MigrateCommand), Object(Symfony\\Component\\Console\\Input\\ArgvInput), Object(Symfony\\Component\\Console\\Output\\ConsoleOutput))
#38 /storage/emulated/0/Download/university-portal-backend  (2)/vendor/symfony/console/Application.php(195): Symfony\\Component\\Console\\Application->doRun(Object(Symfony\\Component\\Console\\Input\\ArgvInput), Object(Symfony\\Component\\Console\\Output\\ConsoleOutput))
#39 /storage/emulated/0/Download/university-portal-backend  (2)/vendor/laravel/framework/src/Illuminate/Foundation/Console/Kernel.php(198): Symfony\\Component\\Console\\Application->run(Object(Symfony\\Component\\Console\\Input\\ArgvInput), Object(Symfony\\Component\\Console\\Output\\ConsoleOutput))
#40 /storage/emulated/0/Download/university-portal-backend  (2)/artisan(12): Illuminate\\Foundation\\Console\\Kernel->handle(Object(Symfony\\Component\\Console\\Input\\ArgvInput), Object(Symfony\\Component\\Console\\Output\\ConsoleOutput))
#41 {main}
"} 
[2026-08-01 15:50:01] production.ERROR: SQLSTATE[HY000] [2002] Connection refused (Connection: mysql, SQL: select exists (select 1 from information_schema.tables where table_schema = 'university_portal' and table_name = 'migrations' and table_type in ('BASE TABLE', 'SYSTEM VERSIONED')) as `exists`) {"exception":"[object] (Illuminate\\Database\\QueryException(code: 2002): SQLSTATE[HY000] [2002] Connection refused (Connection: mysql, SQL: select exists (select 1 from information_schema.tables where table_schema = 'university_portal' and table_name = 'migrations' and table_type in ('BASE TABLE', 'SYSTEM VERSIONED')) as `exists`) at /storage/emulated/0/Download/university-portal-backend  (2)/vendor/laravel/framework/src/Illuminate/Database/Connection.php:825)
[stacktrace]
#0 /storage/emulated/0/Download/university-portal-backend  (2)/vendor/laravel/framework/src/Illuminate/Database/Connection.php(979): Illuminate\\Database\\Connection->runQueryCallback('select exists (...', Array, Object(Closure))
#1 /storage/emulated/0/Download/university-portal-backend  (2)/vendor/laravel/framework/src/Illuminate/Database/Connection.php(958): Illuminate\\Database\\Connection->tryAgainIfCausedByLostConnection(Object(Illuminate\\Database\\QueryException), 'select exists (...', Array, Object(Closure))
#2 /storage/emulated/0/Download/university-portal-backend  (2)/vendor/laravel/framework/src/Illuminate/Database/Connection.php(781): Illuminate\\Database\\Connection->handleQueryException(Object(Illuminate\\Database\\QueryException), 'select exists (...', Array, Object(Closure))
#3 /storage/emulated/0/Download/university-portal-backend  (2)/vendor/laravel/framework/src/Illuminate/Database/Connection.php(398): Illuminate\\Database\\Connection->run('select exists (...', Array, Object(Closure))
#4 /storage/emulated/0/Download/university-portal-backend  (2)/vendor/laravel/framework/src/Illuminate/Database/Connection.php(344): Illuminate\\Database\\Connection->select('select exists (...', Array, true)
#5 /storage/emulated/0/Download/university-portal-backend  (2)/vendor/laravel/framework/src/Illuminate/Database/Connection.php(361): Illuminate\\Database\\Connection->selectOne('select exists (...', Array, true)
#6 /storage/emulated/0/Download/university-portal-backend  (2)/vendor/laravel/framework/src/Illuminate/Database/Schema/MySqlBuilder.php(45): Illuminate\\Database\\Connection->scalar('select exists (...')
#7 /storage/emulated/0/Download/university-portal-backend  (2)/vendor/laravel/framework/src/Illuminate/Database/Migrations/DatabaseMigrationRepository.php(184): Illuminate\\Database\\Schema\\MySqlBuilder->hasTable('migrations')
#8 /storage/emulated/0/Download/university-portal-backend  (2)/vendor/laravel/framework/src/Illuminate/Database/Migrations/Migrator.php(742): Illuminate\\Database\\Migrations\\DatabaseMigrationRepository->repositoryExists()
#9 /storage/emulated/0/Download/university-portal-backend  (2)/vendor/laravel/framework/src/Illuminate/Database/Console/Migrations/MigrateCommand.php(165): Illuminate\\Database\\Migrations\\Migrator->repositoryExists()
#10 /storage/emulated/0/Download/university-portal-backend  (2)/vendor/laravel/framework/src/Illuminate/Support/helpers.php(338): Illuminate\\Database\\Console\\Migrations\\MigrateCommand->{closure:Illuminate\\Database\\Console\\Migrations\\MigrateCommand::repositoryExists():165}(1)
#11 /storage/emulated/0/Download/university-portal-backend  (2)/vendor/laravel/framework/src/Illuminate/Database/Console/Migrations/MigrateCommand.php(165): retry(1, Object(Closure), 0, Object(Closure))
#12 /storage/emulated/0/Download/university-portal-backend  (2)/vendor/laravel/framework/src/Illuminate/Database/Console/Migrations/MigrateCommand.php(141): Illuminate\\Database\\Console\\Migrations\\MigrateCommand->repositoryExists()
#13 /storage/emulated/0/Download/university-portal-backend  (2)/vendor/laravel/framework/src/Illuminate/Database/Console/Migrations/MigrateCommand.php(111): Illuminate\\Database\\Console\\Migrations\\MigrateCommand->prepareDatabase()
#14 /storage/emulated/0/Download/university-portal-backend  (2)/vendor/laravel/framework/src/Illuminate/Database/Migrations/Migrator.php(658): Illuminate\\Database\\Console\\Migrations\\MigrateCommand->{closure:Illuminate\\Database\\Console\\Migrations\\MigrateCommand::runMigrations():110}()
#15 /storage/emulated/0/Download/university-portal-backend  (2)/vendor/laravel/framework/src/Illuminate/Database/Console/Migrations/MigrateCommand.php(110): Illuminate\\Database\\Migrations\\Migrator->usingConnection(NULL, Object(Closure))
#16 /storage/emulated/0/Download/university-portal-backend  (2)/vendor/laravel/framework/src/Illuminate/Database/Console/Migrations/MigrateCommand.php(89): Illuminate\\Database\\Console\\Migrations\\MigrateCommand->runMigrations()
#17 /storage/emulated/0/Download/university-portal-backend  (2)/vendor/laravel/framework/src/Illuminate/Container/BoundMethod.php(36): Illuminate\\Database\\Console\\Migrations\\MigrateCommand->handle()
#18 /storage/emulated/0/Download/university-portal-backend  (2)/vendor/laravel/framework/src/Illuminate/Container/Util.php(43): Illuminate\\Container\\BoundMethod::{closure:Illuminate\\Container\\BoundMethod::call():35}()
#19 /storage/emulated/0/Download/university-portal-backend  (2)/vendor/laravel/framework/src/Illuminate/Container/BoundMethod.php(95): Illuminate\\Container\\Util::unwrapIfClosure(Object(Closure))
#20 /storage/emulated/0/Download/university-portal-backend  (2)/vendor/laravel/framework/src/Illuminate/Container/BoundMethod.php(35): Illuminate\\Container\\BoundMethod::callBoundMethod(Object(Illuminate\\Foundation\\Application), Array, Object(Closure))
#21 /storage/emulated/0/Download/university-portal-backend  (2)/vendor/laravel/framework/src/Illuminate/Container/Container.php(696): Illuminate\\Container\\BoundMethod::call(Object(Illuminate\\Foundation\\Application), Array, Array, NULL)
#22 /storage/emulated/0/Download/university-portal-backend  (2)/vendor/laravel/framework/src/Illuminate/Console/Command.php(213): Illuminate\\Container\\Container->call(Array)
#23 /storage/emulated/0/Download/university-portal-backend  (2)/vendor/symfony/console/Command/Command.php(341): Illuminate\\Console\\Command->execute(Object(Symfony\\Component\\Console\\Input\\ArgvInput), Object(Illuminate\\Console\\OutputStyle))
#24 /storage/emulated/0/Download/university-portal-backend  (2)/vendor/laravel/framework/src/Illuminate/Console/Command.php(182): Symfony\\Component\\Console\\Command\\Command->run(Object(Symfony\\Component\\Console\\Input\\ArgvInput), Object(Illuminate\\Console\\OutputStyle))
#25 /storage/emulated/0/Download/university-portal-backend  (2)/vendor/symfony/console/Application.php(1117): Illuminate\\Console\\Command->run(Object(Symfony\\Component\\Console\\Input\\ArgvInput), Object(Symfony\\Component\\Console\\Output\\ConsoleOutput))
#26 /storage/emulated/0/Download/university-portal-backend  (2)/vendor/symfony/console/Application.php(356): Symfony\\Component\\Console\\Application->doRunCommand(Object(Illuminate\\Database\\Console\\Migrations\\MigrateCommand), Object(Symfony\\Component\\Console\\Input\\ArgvInput), Object(Symfony\\Component\\Console\\Output\\ConsoleOutput))
#27 /storage/emulated/0/Download/university-portal-backend  (2)/vendor/symfony/console/Application.php(195): Symfony\\Component\\Console\\Application->doRun(Object(Symfony\\Component\\Console\\Input\\ArgvInput), Object(Symfony\\Component\\Console\\Output\\ConsoleOutput))
#28 /storage/emulated/0/Download/university-portal-backend  (2)/vendor/laravel/framework/src/Illuminate/Foundation/Console/Kernel.php(198): Symfony\\Component\\Console\\Application->run(Object(Symfony\\Component\\Console\\Input\\ArgvInput), Object(Symfony\\Component\\Console\\Output\\ConsoleOutput))
#29 /storage/emulated/0/Download/university-portal-backend  (2)/artisan(12): Illuminate\\Foundation\\Console\\Kernel->handle(Object(Symfony\\Component\\Console\\Input\\ArgvInput), Object(Symfony\\Component\\Console\\Output\\ConsoleOutput))
#30 {main}

[previous exception] [object] (PDOException(code: 2002): SQLSTATE[HY000] [2002] Connection refused at /storage/emulated/0/Download/university-portal-backend  (2)/vendor/laravel/framework/src/Illuminate/Database/Connectors/Connector.php:67)
[stacktrace]
#0 /storage/emulated/0/Download/university-portal-backend  (2)/vendor/laravel/framework/src/Illuminate/Database/Connectors/Connector.php(67): PDO::connect('mysql:host=127....', 'root', Object(SensitiveParameterValue), Array)
#1 /storage/emulated/0/Download/university-portal-backend  (2)/vendor/laravel/framework/src/Illuminate/Database/Connectors/Connector.php(85): Illuminate\\Database\\Connectors\\Connector->createPdoConnection('mysql:host=127....', 'root', Object(SensitiveParameterValue), Array)
#2 /storage/emulated/0/Download/university-portal-backend  (2)/vendor/laravel/framework/src/Illuminate/Database/Connectors/Connector.php(48): Illuminate\\Database\\Connectors\\Connector->tryAgainIfCausedByLostConnection(Object(PDOException), 'mysql:host=127....', 'root', Object(SensitiveParameterValue), Array)
#3 /storage/emulated/0/Download/university-portal-backend  (2)/vendor/laravel/framework/src/Illuminate/Database/Connectors/MySqlConnector.php(24): Illuminate\\Database\\Connectors\\Connector->createConnection('mysql:host=127....', Array, Array)
#4 /storage/emulated/0/Download/university-portal-backend  (2)/vendor/laravel/framework/src/Illuminate/Database/Connectors/ConnectionFactory.php(185): Illuminate\\Database\\Connectors\\MySqlConnector->connect(Array)
#5 [internal function]: Illuminate\\Database\\Connectors\\ConnectionFactory->{closure:Illuminate\\Database\\Connectors\\ConnectionFactory::createPdoResolverWithHosts():180}()
#6 /storage/emulated/0/Download/university-portal-backend  (2)/vendor/laravel/framework/src/Illuminate/Database/Connection.php(1231): call_user_func(Object(Closure))
#7 /storage/emulated/0/Download/university-portal-backend  (2)/vendor/laravel/framework/src/Illuminate/Database/Connection.php(1267): Illuminate\\Database\\Connection->getPdo()
#8 /storage/emulated/0/Download/university-portal-backend  (2)/vendor/laravel/framework/src/Illuminate/Database/Connection.php(512): Illuminate\\Database\\Connection->getReadPdo()
#9 /storage/emulated/0/Download/university-portal-backend  (2)/vendor/laravel/framework/src/Illuminate/Database/Connection.php(407): Illuminate\\Database\\Connection->getPdoForSelect(true)
#10 /storage/emulated/0/Download/university-portal-backend  (2)/vendor/laravel/framework/src/Illuminate/Database/Connection.php(812): Illuminate\\Database\\Connection->{closure:Illuminate\\Database\\Connection::select():398}('select exists (...', Array)
#11 /storage/emulated/0/Download/university-portal-backend  (2)/vendor/laravel/framework/src/Illuminate/Database/Connection.php(979): Illuminate\\Database\\Connection->runQueryCallback('select exists (...', Array, Object(Closure))
#12 /storage/emulated/0/Download/university-portal-backend  (2)/vendor/laravel/framework/src/Illuminate/Database/Connection.php(958): Illuminate\\Database\\Connection->tryAgainIfCausedByLostConnection(Object(Illuminate\\Database\\QueryException), 'select exists (...', Array, Object(Closure))
#13 /storage/emulated/0/Download/university-portal-backend  (2)/vendor/laravel/framework/src/Illuminate/Database/Connection.php(781): Illuminate\\Database\\Connection->handleQueryException(Object(Illuminate\\Database\\QueryException), 'select exists (...', Array, Object(Closure))
#14 /storage/emulated/0/Download/university-portal-backend  (2)/vendor/laravel/framework/src/Illuminate/Database/Connection.php(398): Illuminate\\Database\\Connection->run('select exists (...', Array, Object(Closure))
#15 /storage/emulated/0/Download/university-portal-backend  (2)/vendor/laravel/framework/src/Illuminate/Database/Connection.php(344): Illuminate\\Database\\Connection->select('select exists (...', Array, true)
#16 /storage/emulated/0/Download/university-portal-backend  (2)/vendor/laravel/framework/src/Illuminate/Database/Connection.php(361): Illuminate\\Database\\Connection->selectOne('select exists (...', Array, true)
#17 /storage/emulated/0/Download/university-portal-backend  (2)/vendor/laravel/framework/src/Illuminate/Database/Schema/MySqlBuilder.php(45): Illuminate\\Database\\Connection->scalar('select exists (...')
#18 /storage/emulated/0/Download/university-portal-backend  (2)/vendor/laravel/framework/src/Illuminate/Database/Migrations/DatabaseMigrationRepository.php(184): Illuminate\\Database\\Schema\\MySqlBuilder->hasTable('migrations')
#19 /storage/emulated/0/Download/university-portal-backend  (2)/vendor/laravel/framework/src/Illuminate/Database/Migrations/Migrator.php(742): Illuminate\\Database\\Migrations\\DatabaseMigrationRepository->repositoryExists()
#20 /storage/emulated/0/Download/university-portal-backend  (2)/vendor/laravel/framework/src/Illuminate/Database/Console/Migrations/MigrateCommand.php(165): Illuminate\\Database\\Migrations\\Migrator->repositoryExists()
#21 /storage/emulated/0/Download/university-portal-backend  (2)/vendor/laravel/framework/src/Illuminate/Support/helpers.php(338): Illuminate\\Database\\Console\\Migrations\\MigrateCommand->{closure:Illuminate\\Database\\Console\\Migrations\\MigrateCommand::repositoryExists():165}(1)
#22 /storage/emulated/0/Download/university-portal-backend  (2)/vendor/laravel/framework/src/Illuminate/Database/Console/Migrations/MigrateCommand.php(165): retry(1, Object(Closure), 0, Object(Closure))
#23 /storage/emulated/0/Download/university-portal-backend  (2)/vendor/laravel/framework/src/Illuminate/Database/Console/Migrations/MigrateCommand.php(141): Illuminate\\Database\\Console\\Migrations\\MigrateCommand->repositoryExists()
#24 /storage/emulated/0/Download/university-portal-backend  (2)/vendor/laravel/framework/src/Illuminate/Database/Console/Migrations/MigrateCommand.php(111): Illuminate\\Database\\Console\\Migrations\\MigrateCommand->prepareDatabase()
#25 /storage/emulated/0/Download/university-portal-backend  (2)/vendor/laravel/framework/src/Illuminate/Database/Migrations/Migrator.php(658): Illuminate\\Database\\Console\\Migrations\\MigrateCommand->{closure:Illuminate\\Database\\Console\\Migrations\\MigrateCommand::runMigrations():110}()
#26 /storage/emulated/0/Download/university-portal-backend  (2)/vendor/laravel/framework/src/Illuminate/Database/Console/Migrations/MigrateCommand.php(110): Illuminate\\Database\\Migrations\\Migrator->usingConnection(NULL, Object(Closure))
#27 /storage/emulated/0/Download/university-portal-backend  (2)/vendor/laravel/framework/src/Illuminate/Database/Console/Migrations/MigrateCommand.php(89): Illuminate\\Database\\Console\\Migrations\\MigrateCommand->runMigrations()
#28 /storage/emulated/0/Download/university-portal-backend  (2)/vendor/laravel/framework/src/Illuminate/Container/BoundMethod.php(36): Illuminate\\Database\\Console\\Migrations\\MigrateCommand->handle()
#29 /storage/emulated/0/Download/university-portal-backend  (2)/vendor/laravel/framework/src/Illuminate/Container/Util.php(43): Illuminate\\Container\\BoundMethod::{closure:Illuminate\\Container\\BoundMethod::call():35}()
#30 /storage/emulated/0/Download/university-portal-backend  (2)/vendor/laravel/framework/src/Illuminate/Container/BoundMethod.php(95): Illuminate\\Container\\Util::unwrapIfClosure(Object(Closure))
#31 /storage/emulated/0/Download/university-portal-backend  (2)/vendor/laravel/framework/src/Illuminate/Container/BoundMethod.php(35): Illuminate\\Container\\BoundMethod::callBoundMethod(Object(Illuminate\\Foundation\\Application), Array, Object(Closure))
#32 /storage/emulated/0/Download/university-portal-backend  (2)/vendor/laravel/framework/src/Illuminate/Container/Container.php(696): Illuminate\\Container\\BoundMethod::call(Object(Illuminate\\Foundation\\Application), Array, Array, NULL)
#33 /storage/emulated/0/Download/university-portal-backend  (2)/vendor/laravel/framework/src/Illuminate/Console/Command.php(213): Illuminate\\Container\\Container->call(Array)
#34 /storage/emulated/0/Download/university-portal-backend  (2)/vendor/symfony/console/Command/Command.php(341): Illuminate\\Console\\Command->execute(Object(Symfony\\Component\\Console\\Input\\ArgvInput), Object(Illuminate\\Console\\OutputStyle))
#35 /storage/emulated/0/Download/university-portal-backend  (2)/vendor/laravel/framework/src/Illuminate/Console/Command.php(182): Symfony\\Component\\Console\\Command\\Command->run(Object(Symfony\\Component\\Console\\Input\\ArgvInput), Object(Illuminate\\Console\\OutputStyle))
#36 /storage/emulated/0/Download/university-portal-backend  (2)/vendor/symfony/console/Application.php(1117): Illuminate\\Console\\Command->run(Object(Symfony\\Component\\Console\\Input\\ArgvInput), Object(Symfony\\Component\\Console\\Output\\ConsoleOutput))
#37 /storage/emulated/0/Download/university-portal-backend  (2)/vendor/symfony/console/Application.php(356): Symfony\\Component\\Console\\Application->doRunCommand(Object(Illuminate\\Database\\Console\\Migrations\\MigrateCommand), Object(Symfony\\Component\\Console\\Input\\ArgvInput), Object(Symfony\\Component\\Console\\Output\\ConsoleOutput))
#38 /storage/emulated/0/Download/university-portal-backend  (2)/vendor/symfony/console/Application.php(195): Symfony\\Component\\Console\\Application->doRun(Object(Symfony\\Component\\Console\\Input\\ArgvInput), Object(Symfony\\Component\\Console\\Output\\ConsoleOutput))
#39 /storage/emulated/0/Download/university-portal-backend  (2)/vendor/laravel/framework/src/Illuminate/Foundation/Console/Kernel.php(198): Symfony\\Component\\Console\\Application->run(Object(Symfony\\Component\\Console\\Input\\ArgvInput), Object(Symfony\\Component\\Console\\Output\\ConsoleOutput))
#40 /storage/emulated/0/Download/university-portal-backend  (2)/artisan(12): Illuminate\\Foundation\\Console\\Kernel->handle(Object(Symfony\\Component\\Console\\Input\\ArgvInput), Object(Symfony\\Component\\Console\\Output\\ConsoleOutput))
#41 {main}
"} 
[2026-08-01 15:58:06] production.ERROR: SQLSTATE[HY000] [2002] Connection refused (Connection: mysql, SQL: select exists (select 1 from information_schema.tables where table_schema = 'university_portal' and table_name = 'migrations' and table_type in ('BASE TABLE', 'SYSTEM VERSIONED')) as `exists`) {"exception":"[object] (Illuminate\\Database\\QueryException(code: 2002): SQLSTATE[HY000] [2002] Connection refused (Connection: mysql, SQL: select exists (select 1 from information_schema.tables where table_schema = 'university_portal' and table_name = 'migrations' and table_type in ('BASE TABLE', 'SYSTEM VERSIONED')) as `exists`) at /storage/emulated/0/Download/university-portal-backend  (2)/vendor/laravel/framework/src/Illuminate/Database/Connection.php:825)
[stacktrace]
#0 /storage/emulated/0/Download/university-portal-backend  (2)/vendor/laravel/framework/src/Illuminate/Database/Connection.php(979): Illuminate\\Database\\Connection->runQueryCallback('select exists (...', Array, Object(Closure))
#1 /storage/emulated/0/Download/university-portal-backend  (2)/vendor/laravel/framework/src/Illuminate/Database/Connection.php(958): Illuminate\\Database\\Connection->tryAgainIfCausedByLostConnection(Object(Illuminate\\Database\\QueryException), 'select exists (...', Array, Object(Closure))
#2 /storage/emulated/0/Download/university-portal-backend  (2)/vendor/laravel/framework/src/Illuminate/Database/Connection.php(781): Illuminate\\Database\\Connection->handleQueryException(Object(Illuminate\\Database\\QueryException), 'select exists (...', Array, Object(Closure))
#3 /storage/emulated/0/Download/university-portal-backend  (2)/vendor/laravel/framework/src/Illuminate/Database/Connection.php(398): Illuminate\\Database\\Connection->run('select exists (...', Array, Object(Closure))
#4 /storage/emulated/0/Download/university-portal-backend  (2)/vendor/laravel/framework/src/Illuminate/Database/Connection.php(344): Illuminate\\Database\\Connection->select('select exists (...', Array, true)
#5 /storage/emulated/0/Download/university-portal-backend  (2)/vendor/laravel/framework/src/Illuminate/Database/Connection.php(361): Illuminate\\Database\\Connection->selectOne('select exists (...', Array, true)
#6 /storage/emulated/0/Download/university-portal-backend  (2)/vendor/laravel/framework/src/Illuminate/Database/Schema/MySqlBuilder.php(45): Illuminate\\Database\\Connection->scalar('select exists (...')
#7 /storage/emulated/0/Download/university-portal-backend  (2)/vendor/laravel/framework/src/Illuminate/Database/Migrations/DatabaseMigrationRepository.php(184): Illuminate\\Database\\Schema\\MySqlBuilder->hasTable('migrations')
#8 /storage/emulated/0/Download/university-portal-backend  (2)/vendor/laravel/framework/src/Illuminate/Database/Migrations/Migrator.php(742): Illuminate\\Database\\Migrations\\DatabaseMigrationRepository->repositoryExists()
#9 /storage/emulated/0/Download/university-portal-backend  (2)/vendor/laravel/framework/src/Illuminate/Database/Console/Migrations/MigrateCommand.php(165): Illuminate\\Database\\Migrations\\Migrator->repositoryExists()
#10 /storage/emulated/0/Download/university-portal-backend  (2)/vendor/laravel/framework/src/Illuminate/Support/helpers.php(338): Illuminate\\Database\\Console\\Migrations\\MigrateCommand->{closure:Illuminate\\Database\\Console\\Migrations\\MigrateCommand::repositoryExists():165}(1)
#11 /storage/emulated/0/Download/university-portal-backend  (2)/vendor/laravel/framework/src/Illuminate/Database/Console/Migrations/MigrateCommand.php(165): retry(1, Object(Closure), 0, Object(Closure))
#12 /storage/emulated/0/Download/university-portal-backend  (2)/vendor/laravel/framework/src/Illuminate/Database/Console/Migrations/MigrateCommand.php(141): Illuminate\\Database\\Console\\Migrations\\MigrateCommand->repositoryExists()
#13 /storage/emulated/0/Download/university-portal-backend  (2)/vendor/laravel/framework/src/Illuminate/Database/Console/Migrations/MigrateCommand.php(111): Illuminate\\Database\\Console\\Migrations\\MigrateCommand->prepareDatabase()
#14 /storage/emulated/0/Download/university-portal-backend  (2)/vendor/laravel/framework/src/Illuminate/Database/Migrations/Migrator.php(658): Illuminate\\Database\\Console\\Migrations\\MigrateCommand->{closure:Illuminate\\Database\\Console\\Migrations\\MigrateCommand::runMigrations():110}()
#15 /storage/emulated/0/Download/university-portal-backend  (2)/vendor/laravel/framework/src/Illuminate/Database/Console/Migrations/MigrateCommand.php(110): Illuminate\\Database\\Migrations\\Migrator->usingConnection(NULL, Object(Closure))
#16 /storage/emulated/0/Download/university-portal-backend  (2)/vendor/laravel/framework/src/Illuminate/Database/Console/Migrations/MigrateCommand.php(89): Illuminate\\Database\\Console\\Migrations\\MigrateCommand->runMigrations()
#17 /storage/emulated/0/Download/university-portal-backend  (2)/vendor/laravel/framework/src/Illuminate/Container/BoundMethod.php(36): Illuminate\\Database\\Console\\Migrations\\MigrateCommand->handle()
#18 /storage/emulated/0/Download/university-portal-backend  (2)/vendor/laravel/framework/src/Illuminate/Container/Util.php(43): Illuminate\\Container\\BoundMethod::{closure:Illuminate\\Container\\BoundMethod::call():35}()
#19 /storage/emulated/0/Download/university-portal-backend  (2)/vendor/laravel/framework/src/Illuminate/Container/BoundMethod.php(95): Illuminate\\Container\\Util::unwrapIfClosure(Object(Closure))
#20 /storage/emulated/0/Download/university-portal-backend  (2)/vendor/laravel/framework/src/Illuminate/Container/BoundMethod.php(35): Illuminate\\Container\\BoundMethod::callBoundMethod(Object(Illuminate\\Foundation\\Application), Array, Object(Closure))
#21 /storage/emulated/0/Download/university-portal-backend  (2)/vendor/laravel/framework/src/Illuminate/Container/Container.php(696): Illuminate\\Container\\BoundMethod::call(Object(Illuminate\\Foundation\\Application), Array, Array, NULL)
#22 /storage/emulated/0/Download/university-portal-backend  (2)/vendor/laravel/framework/src/Illuminate/Console/Command.php(213): Illuminate\\Container\\Container->call(Array)
#23 /storage/emulated/0/Download/university-portal-backend  (2)/vendor/symfony/console/Command/Command.php(341): Illuminate\\Console\\Command->execute(Object(Symfony\\Component\\Console\\Input\\ArgvInput), Object(Illuminate\\Console\\OutputStyle))
#24 /storage/emulated/0/Download/university-portal-backend  (2)/vendor/laravel/framework/src/Illuminate/Console/Command.php(182): Symfony\\Component\\Console\\Command\\Command->run(Object(Symfony\\Component\\Console\\Input\\ArgvInput), Object(Illuminate\\Console\\OutputStyle))
#25 /storage/emulated/0/Download/university-portal-backend  (2)/vendor/symfony/console/Application.php(1117): Illuminate\\Console\\Command->run(Object(Symfony\\Component\\Console\\Input\\ArgvInput), Object(Symfony\\Component\\Console\\Output\\ConsoleOutput))
#26 /storage/emulated/0/Download/university-portal-backend  (2)/vendor/symfony/console/Application.php(356): Symfony\\Component\\Console\\Application->doRunCommand(Object(Illuminate\\Database\\Console\\Migrations\\MigrateCommand), Object(Symfony\\Component\\Console\\Input\\ArgvInput), Object(Symfony\\Component\\Console\\Output\\ConsoleOutput))
#27 /storage/emulated/0/Download/university-portal-backend  (2)/vendor/symfony/console/Application.php(195): Symfony\\Component\\Console\\Application->doRun(Object(Symfony\\Component\\Console\\Input\\ArgvInput), Object(Symfony\\Component\\Console\\Output\\ConsoleOutput))
#28 /storage/emulated/0/Download/university-portal-backend  (2)/vendor/laravel/framework/src/Illuminate/Foundation/Console/Kernel.php(198): Symfony\\Component\\Console\\Application->run(Object(Symfony\\Component\\Console\\Input\\ArgvInput), Object(Symfony\\Component\\Console\\Output\\ConsoleOutput))
#29 /storage/emulated/0/Download/university-portal-backend  (2)/artisan(12): Illuminate\\Foundation\\Console\\Kernel->handle(Object(Symfony\\Component\\Console\\Input\\ArgvInput), Object(Symfony\\Component\\Console\\Output\\ConsoleOutput))
#30 {main}

[previous exception] [object] (PDOException(code: 2002): SQLSTATE[HY000] [2002] Connection refused at /storage/emulated/0/Download/university-portal-backend  (2)/vendor/laravel/framework/src/Illuminate/Database/Connectors/Connector.php:67)
[stacktrace]
#0 /storage/emulated/0/Download/university-portal-backend  (2)/vendor/laravel/framework/src/Illuminate/Database/Connectors/Connector.php(67): PDO::connect('mysql:host=127....', 'root', Object(SensitiveParameterValue), Array)
#1 /storage/emulated/0/Download/university-portal-backend  (2)/vendor/laravel/framework/src/Illuminate/Database/Connectors/Connector.php(85): Illuminate\\Database\\Connectors\\Connector->createPdoConnection('mysql:host=127....', 'root', Object(SensitiveParameterValue), Array)
#2 /storage/emulated/0/Download/university-portal-backend  (2)/vendor/laravel/framework/src/Illuminate/Database/Connectors/Connector.php(48): Illuminate\\Database\\Connectors\\Connector->tryAgainIfCausedByLostConnection(Object(PDOException), 'mysql:host=127....', 'root', Object(SensitiveParameterValue), Array)
#3 /storage/emulated/0/Download/university-portal-backend  (2)/vendor/laravel/framework/src/Illuminate/Database/Connectors/MySqlConnector.php(24): Illuminate\\Database\\Connectors\\Connector->createConnection('mysql:host=127....', Array, Array)
#4 /storage/emulated/0/Download/university-portal-backend  (2)/vendor/laravel/framework/src/Illuminate/Database/Connectors/ConnectionFactory.php(185): Illuminate\\Database\\Connectors\\MySqlConnector->connect(Array)
#5 [internal function]: Illuminate\\Database\\Connectors\\ConnectionFactory->{closure:Illuminate\\Database\\Connectors\\ConnectionFactory::createPdoResolverWithHosts():180}()
#6 /storage/emulated/0/Download/university-portal-backend  (2)/vendor/laravel/framework/src/Illuminate/Database/Connection.php(1231): call_user_func(Object(Closure))
#7 /storage/emulated/0/Download/university-portal-backend  (2)/vendor/laravel/framework/src/Illuminate/Database/Connection.php(1267): Illuminate\\Database\\Connection->getPdo()
#8 /storage/emulated/0/Download/university-portal-backend  (2)/vendor/laravel/framework/src/Illuminate/Database/Connection.php(512): Illuminate\\Database\\Connection->getReadPdo()
#9 /storage/emulated/0/Download/university-portal-backend  (2)/vendor/laravel/framework/src/Illuminate/Database/Connection.php(407): Illuminate\\Database\\Connection->getPdoForSelect(true)
#10 /storage/emulated/0/Download/university-portal-backend  (2)/vendor/laravel/framework/src/Illuminate/Database/Connection.php(812): Illuminate\\Database\\Connection->{closure:Illuminate\\Database\\Connection::select():398}('select exists (...', Array)
#11 /storage/emulated/0/Download/university-portal-backend  (2)/vendor/laravel/framework/src/Illuminate/Database/Connection.php(979): Illuminate\\Database\\Connection->runQueryCallback('select exists (...', Array, Object(Closure))
#12 /storage/emulated/0/Download/university-portal-backend  (2)/vendor/laravel/framework/src/Illuminate/Database/Connection.php(958): Illuminate\\Database\\Connection->tryAgainIfCausedByLostConnection(Object(Illuminate\\Database\\QueryException), 'select exists (...', Array, Object(Closure))
#13 /storage/emulated/0/Download/university-portal-backend  (2)/vendor/laravel/framework/src/Illuminate/Database/Connection.php(781): Illuminate\\Database\\Connection->handleQueryException(Object(Illuminate\\Database\\QueryException), 'select exists (...', Array, Object(Closure))
#14 /storage/emulated/0/Download/university-portal-backend  (2)/vendor/laravel/framework/src/Illuminate/Database/Connection.php(398): Illuminate\\Database\\Connection->run('select exists (...', Array, Object(Closure))
#15 /storage/emulated/0/Download/university-portal-backend  (2)/vendor/laravel/framework/src/Illuminate/Database/Connection.php(344): Illuminate\\Database\\Connection->select('select exists (...', Array, true)
#16 /storage/emulated/0/Download/university-portal-backend  (2)/vendor/laravel/framework/src/Illuminate/Database/Connection.php(361): Illuminate\\Database\\Connection->selectOne('select exists (...', Array, true)
#17 /storage/emulated/0/Download/university-portal-backend  (2)/vendor/laravel/framework/src/Illuminate/Database/Schema/MySqlBuilder.php(45): Illuminate\\Database\\Connection->scalar('select exists (...')
#18 /storage/emulated/0/Download/university-portal-backend  (2)/vendor/laravel/framework/src/Illuminate/Database/Migrations/DatabaseMigrationRepository.php(184): Illuminate\\Database\\Schema\\MySqlBuilder->hasTable('migrations')
#19 /storage/emulated/0/Download/university-portal-backend  (2)/vendor/laravel/framework/src/Illuminate/Database/Migrations/Migrator.php(742): Illuminate\\Database\\Migrations\\DatabaseMigrationRepository->repositoryExists()
#20 /storage/emulated/0/Download/university-portal-backend  (2)/vendor/laravel/framework/src/Illuminate/Database/Console/Migrations/MigrateCommand.php(165): Illuminate\\Database\\Migrations\\Migrator->repositoryExists()
#21 /storage/emulated/0/Download/university-portal-backend  (2)/vendor/laravel/framework/src/Illuminate/Support/helpers.php(338): Illuminate\\Database\\Console\\Migrations\\MigrateCommand->{closure:Illuminate\\Database\\Console\\Migrations\\MigrateCommand::repositoryExists():165}(1)
#22 /storage/emulated/0/Download/university-portal-backend  (2)/vendor/laravel/framework/src/Illuminate/Database/Console/Migrations/MigrateCommand.php(165): retry(1, Object(Closure), 0, Object(Closure))
#23 /storage/emulated/0/Download/university-portal-backend  (2)/vendor/laravel/framework/src/Illuminate/Database/Console/Migrations/MigrateCommand.php(141): Illuminate\\Database\\Console\\Migrations\\MigrateCommand->repositoryExists()
#24 /storage/emulated/0/Download/university-portal-backend  (2)/vendor/laravel/framework/src/Illuminate/Database/Console/Migrations/MigrateCommand.php(111): Illuminate\\Database\\Console\\Migrations\\MigrateCommand->prepareDatabase()
#25 /storage/emulated/0/Download/university-portal-backend  (2)/vendor/laravel/framework/src/Illuminate/Database/Migrations/Migrator.php(658): Illuminate\\Database\\Console\\Migrations\\MigrateCommand->{closure:Illuminate\\Database\\Console\\Migrations\\MigrateCommand::runMigrations():110}()
#26 /storage/emulated/0/Download/university-portal-backend  (2)/vendor/laravel/framework/src/Illuminate/Database/Console/Migrations/MigrateCommand.php(110): Illuminate\\Database\\Migrations\\Migrator->usingConnection(NULL, Object(Closure))
#27 /storage/emulated/0/Download/university-portal-backend  (2)/vendor/laravel/framework/src/Illuminate/Database/Console/Migrations/MigrateCommand.php(89): Illuminate\\Database\\Console\\Migrations\\MigrateCommand->runMigrations()
#28 /storage/emulated/0/Download/university-portal-backend  (2)/vendor/laravel/framework/src/Illuminate/Container/BoundMethod.php(36): Illuminate\\Database\\Console\\Migrations\\MigrateCommand->handle()
#29 /storage/emulated/0/Download/university-portal-backend  (2)/vendor/laravel/framework/src/Illuminate/Container/Util.php(43): Illuminate\\Container\\BoundMethod::{closure:Illuminate\\Container\\BoundMethod::call():35}()
#30 /storage/emulated/0/Download/university-portal-backend  (2)/vendor/laravel/framework/src/Illuminate/Container/BoundMethod.php(95): Illuminate\\Container\\Util::unwrapIfClosure(Object(Closure))
#31 /storage/emulated/0/Download/university-portal-backend  (2)/vendor/laravel/framework/src/Illuminate/Container/BoundMethod.php(35): Illuminate\\Container\\BoundMethod::callBoundMethod(Object(Illuminate\\Foundation\\Application), Array, Object(Closure))
#32 /storage/emulated/0/Download/university-portal-backend  (2)/vendor/laravel/framework/src/Illuminate/Container/Container.php(696): Illuminate\\Container\\BoundMethod::call(Object(Illuminate\\Foundation\\Application), Array, Array, NULL)
#33 /storage/emulated/0/Download/university-portal-backend  (2)/vendor/laravel/framework/src/Illuminate/Console/Command.php(213): Illuminate\\Container\\Container->call(Array)
#34 /storage/emulated/0/Download/university-portal-backend  (2)/vendor/symfony/console/Command/Command.php(341): Illuminate\\Console\\Command->execute(Object(Symfony\\Component\\Console\\Input\\ArgvInput), Object(Illuminate\\Console\\OutputStyle))
#35 /storage/emulated/0/Download/university-portal-backend  (2)/vendor/laravel/framework/src/Illuminate/Console/Command.php(182): Symfony\\Component\\Console\\Command\\Command->run(Object(Symfony\\Component\\Console\\Input\\ArgvInput), Object(Illuminate\\Console\\OutputStyle))
#36 /storage/emulated/0/Download/university-portal-backend  (2)/vendor/symfony/console/Application.php(1117): Illuminate\\Console\\Command->run(Object(Symfony\\Component\\Console\\Input\\ArgvInput), Object(Symfony\\Component\\Console\\Output\\ConsoleOutput))
#37 /storage/emulated/0/Download/university-portal-backend  (2)/vendor/symfony/console/Application.php(356): Symfony\\Component\\Console\\Application->doRunCommand(Object(Illuminate\\Database\\Console\\Migrations\\MigrateCommand), Object(Symfony\\Component\\Console\\Input\\ArgvInput), Object(Symfony\\Component\\Console\\Output\\ConsoleOutput))
#38 /storage/emulated/0/Download/university-portal-backend  (2)/vendor/symfony/console/Application.php(195): Symfony\\Component\\Console\\Application->doRun(Object(Symfony\\Component\\Console\\Input\\ArgvInput), Object(Symfony\\Component\\Console\\Output\\ConsoleOutput))
#39 /storage/emulated/0/Download/university-portal-backend  (2)/vendor/laravel/framework/src/Illuminate/Foundation/Console/Kernel.php(198): Symfony\\Component\\Console\\Application->run(Object(Symfony\\Component\\Console\\Input\\ArgvInput), Object(Symfony\\Component\\Console\\Output\\ConsoleOutput))
#40 /storage/emulated/0/Download/university-portal-backend  (2)/artisan(12): Illuminate\\Foundation\\Console\\Kernel->handle(Object(Symfony\\Component\\Console\\Input\\ArgvInput), Object(Symfony\\Component\\Console\\Output\\ConsoleOutput))
#41 {main}
"} 
[2026-08-01 16:13:44] production.ERROR: SQLSTATE[HY000] [2002] Connection refused (Connection: mysql, SQL: select exists (select 1 from information_schema.tables where table_schema = 'university_portal' and table_name = 'migrations' and table_type in ('BASE TABLE', 'SYSTEM VERSIONED')) as `exists`) {"exception":"[object] (Illuminate\\Database\\QueryException(code: 2002): SQLSTATE[HY000] [2002] Connection refused (Connection: mysql, SQL: select exists (select 1 from information_schema.tables where table_schema = 'university_portal' and table_name = 'migrations' and table_type in ('BASE TABLE', 'SYSTEM VERSIONED')) as `exists`) at /storage/emulated/0/Download/university-portal-backend  (2)/vendor/laravel/framework/src/Illuminate/Database/Connection.php:825)
[stacktrace]
#0 /storage/emulated/0/Download/university-portal-backend  (2)/vendor/laravel/framework/src/Illuminate/Database/Connection.php(979): Illuminate\\Database\\Connection->runQueryCallback('select exists (...', Array, Object(Closure))
#1 /storage/emulated/0/Download/university-portal-backend  (2)/vendor/laravel/framework/src/Illuminate/Database/Connection.php(958): Illuminate\\Database\\Connection->tryAgainIfCausedByLostConnection(Object(Illuminate\\Database\\QueryException), 'select exists (...', Array, Object(Closure))
#2 /storage/emulated/0/Download/university-portal-backend  (2)/vendor/laravel/framework/src/Illuminate/Database/Connection.php(781): Illuminate\\Database\\Connection->handleQueryException(Object(Illuminate\\Database\\QueryException), 'select exists (...', Array, Object(Closure))
#3 /storage/emulated/0/Download/university-portal-backend  (2)/vendor/laravel/framework/src/Illuminate/Database/Connection.php(398): Illuminate\\Database\\Connection->run('select exists (...', Array, Object(Closure))
#4 /storage/emulated/0/Download/university-portal-backend  (2)/vendor/laravel/framework/src/Illuminate/Database/Connection.php(344): Illuminate\\Database\\Connection->select('select exists (...', Array, true)
#5 /storage/emulated/0/Download/university-portal-backend  (2)/vendor/laravel/framework/src/Illuminate/Database/Connection.php(361): Illuminate\\Database\\Connection->selectOne('select exists (...', Array, true)
#6 /storage/emulated/0/Download/university-portal-backend  (2)/vendor/laravel/framework/src/Illuminate/Database/Schema/MySqlBuilder.php(45): Illuminate\\Database\\Connection->scalar('select exists (...')
#7 /storage/emulated/0/Download/university-portal-backend  (2)/vendor/laravel/framework/src/Illuminate/Database/Migrations/DatabaseMigrationRepository.php(184): Illuminate\\Database\\Schema\\MySqlBuilder->hasTable('migrations')
#8 /storage/emulated/0/Download/university-portal-backend  (2)/vendor/laravel/framework/src/Illuminate/Database/Migrations/Migrator.php(742): Illuminate\\Database\\Migrations\\DatabaseMigrationRepository->repositoryExists()
#9 /storage/emulated/0/Download/university-portal-backend  (2)/vendor/laravel/framework/src/Illuminate/Database/Console/Migrations/MigrateCommand.php(165): Illuminate\\Database\\Migrations\\Migrator->repositoryExists()
#10 /storage/emulated/0/Download/university-portal-backend  (2)/vendor/laravel/framework/src/Illuminate/Support/helpers.php(338): Illuminate\\Database\\Console\\Migrations\\MigrateCommand->{closure:Illuminate\\Database\\Console\\Migrations\\MigrateCommand::repositoryExists():165}(1)
#11 /storage/emulated/0/Download/university-portal-backend  (2)/vendor/laravel/framework/src/Illuminate/Database/Console/Migrations/MigrateCommand.php(165): retry(1, Object(Closure), 0, Object(Closure))
#12 /storage/emulated/0/Download/university-portal-backend  (2)/vendor/laravel/framework/src/Illuminate/Database/Console/Migrations/MigrateCommand.php(141): Illuminate\\Database\\Console\\Migrations\\MigrateCommand->repositoryExists()
#13 /storage/emulated/0/Download/university-portal-backend  (2)/vendor/laravel/framework/src/Illuminate/Database/Console/Migrations/MigrateCommand.php(111): Illuminate\\Database\\Console\\Migrations\\MigrateCommand->prepareDatabase()
#14 /storage/emulated/0/Download/university-portal-backend  (2)/vendor/laravel/framework/src/Illuminate/Database/Migrations/Migrator.php(658): Illuminate\\Database\\Console\\Migrations\\MigrateCommand->{closure:Illuminate\\Database\\Console\\Migrations\\MigrateCommand::runMigrations():110}()
#15 /storage/emulated/0/Download/university-portal-backend  (2)/vendor/laravel/framework/src/Illuminate/Database/Console/Migrations/MigrateCommand.php(110): Illuminate\\Database\\Migrations\\Migrator->usingConnection(NULL, Object(Closure))
#16 /storage/emulated/0/Download/university-portal-backend  (2)/vendor/laravel/framework/src/Illuminate/Database/Console/Migrations/MigrateCommand.php(89): Illuminate\\Database\\Console\\Migrations\\MigrateCommand->runMigrations()
#17 /storage/emulated/0/Download/university-portal-backend  (2)/vendor/laravel/framework/src/Illuminate/Container/BoundMethod.php(36): Illuminate\\Database\\Console\\Migrations\\MigrateCommand->handle()
#18 /storage/emulated/0/Download/university-portal-backend  (2)/vendor/laravel/framework/src/Illuminate/Container/Util.php(43): Illuminate\\Container\\BoundMethod::{closure:Illuminate\\Container\\BoundMethod::call():35}()
#19 /storage/emulated/0/Download/university-portal-backend  (2)/vendor/laravel/framework/src/Illuminate/Container/BoundMethod.php(95): Illuminate\\Container\\Util::unwrapIfClosure(Object(Closure))
#20 /storage/emulated/0/Download/university-portal-backend  (2)/vendor/laravel/framework/src/Illuminate/Container/BoundMethod.php(35): Illuminate\\Container\\BoundMethod::callBoundMethod(Object(Illuminate\\Foundation\\Application), Array, Object(Closure))
#21 /storage/emulated/0/Download/university-portal-backend  (2)/vendor/laravel/framework/src/Illuminate/Container/Container.php(696): Illuminate\\Container\\BoundMethod::call(Object(Illuminate\\Foundation\\Application), Array, Array, NULL)
#22 /storage/emulated/0/Download/university-portal-backend  (2)/vendor/laravel/framework/src/Illuminate/Console/Command.php(213): Illuminate\\Container\\Container->call(Array)
#23 /storage/emulated/0/Download/university-portal-backend  (2)/vendor/symfony/console/Command/Command.php(341): Illuminate\\Console\\Command->execute(Object(Symfony\\Component\\Console\\Input\\ArgvInput), Object(Illuminate\\Console\\OutputStyle))
#24 /storage/emulated/0/Download/university-portal-backend  (2)/vendor/laravel/framework/src/Illuminate/Console/Command.php(182): Symfony\\Component\\Console\\Command\\Command->run(Object(Symfony\\Component\\Console\\Input\\ArgvInput), Object(Illuminate\\Console\\OutputStyle))
#25 /storage/emulated/0/Download/university-portal-backend  (2)/vendor/symfony/console/Application.php(1117): Illuminate\\Console\\Command->run(Object(Symfony\\Component\\Console\\Input\\ArgvInput), Object(Symfony\\Component\\Console\\Output\\ConsoleOutput))
#26 /storage/emulated/0/Download/university-portal-backend  (2)/vendor/symfony/console/Application.php(356): Symfony\\Component\\Console\\Application->doRunCommand(Object(Illuminate\\Database\\Console\\Migrations\\MigrateCommand), Object(Symfony\\Component\\Console\\Input\\ArgvInput), Object(Symfony\\Component\\Console\\Output\\ConsoleOutput))
#27 /storage/emulated/0/Download/university-portal-backend  (2)/vendor/symfony/console/Application.php(195): Symfony\\Component\\Console\\Application->doRun(Object(Symfony\\Component\\Console\\Input\\ArgvInput), Object(Symfony\\Component\\Console\\Output\\ConsoleOutput))
#28 /storage/emulated/0/Download/university-portal-backend  (2)/vendor/laravel/framework/src/Illuminate/Foundation/Console/Kernel.php(198): Symfony\\Component\\Console\\Application->run(Object(Symfony\\Component\\Console\\Input\\ArgvInput), Object(Symfony\\Component\\Console\\Output\\ConsoleOutput))
#29 /storage/emulated/0/Download/university-portal-backend  (2)/artisan(12): Illuminate\\Foundation\\Console\\Kernel->handle(Object(Symfony\\Component\\Console\\Input\\ArgvInput), Object(Symfony\\Component\\Console\\Output\\ConsoleOutput))
#30 {main}

[previous exception] [object] (PDOException(code: 2002): SQLSTATE[HY000] [2002] Connection refused at /storage/emulated/0/Download/university-portal-backend  (2)/vendor/laravel/framework/src/Illuminate/Database/Connectors/Connector.php:67)
[stacktrace]
#0 /storage/emulated/0/Download/university-portal-backend  (2)/vendor/laravel/framework/src/Illuminate/Database/Connectors/Connector.php(67): PDO::connect('mysql:host=127....', 'root', Object(SensitiveParameterValue), Array)
#1 /storage/emulated/0/Download/university-portal-backend  (2)/vendor/laravel/framework/src/Illuminate/Database/Connectors/Connector.php(85): Illuminate\\Database\\Connectors\\Connector->createPdoConnection('mysql:host=127....', 'root', Object(SensitiveParameterValue), Array)
#2 /storage/emulated/0/Download/university-portal-backend  (2)/vendor/laravel/framework/src/Illuminate/Database/Connectors/Connector.php(48): Illuminate\\Database\\Connectors\\Connector->tryAgainIfCausedByLostConnection(Object(PDOException), 'mysql:host=127....', 'root', Object(SensitiveParameterValue), Array)
#3 /storage/emulated/0/Download/university-portal-backend  (2)/vendor/laravel/framework/src/Illuminate/Database/Connectors/MySqlConnector.php(24): Illuminate\\Database\\Connectors\\Connector->createConnection('mysql:host=127....', Array, Array)
#4 /storage/emulated/0/Download/university-portal-backend  (2)/vendor/laravel/framework/src/Illuminate/Database/Connectors/ConnectionFactory.php(185): Illuminate\\Database\\Connectors\\MySqlConnector->connect(Array)
#5 [internal function]: Illuminate\\Database\\Connectors\\ConnectionFactory->{closure:Illuminate\\Database\\Connectors\\ConnectionFactory::createPdoResolverWithHosts():180}()
#6 /storage/emulated/0/Download/university-portal-backend  (2)/vendor/laravel/framework/src/Illuminate/Database/Connection.php(1231): call_user_func(Object(Closure))
#7 /storage/emulated/0/Download/university-portal-backend  (2)/vendor/laravel/framework/src/Illuminate/Database/Connection.php(1267): Illuminate\\Database\\Connection->getPdo()
#8 /storage/emulated/0/Download/university-portal-backend  (2)/vendor/laravel/framework/src/Illuminate/Database/Connection.php(512): Illuminate\\Database\\Connection->getReadPdo()
#9 /storage/emulated/0/Download/university-portal-backend  (2)/vendor/laravel/framework/src/Illuminate/Database/Connection.php(407): Illuminate\\Database\\Connection->getPdoForSelect(true)
#10 /storage/emulated/0/Download/university-portal-backend  (2)/vendor/laravel/framework/src/Illuminate/Database/Connection.php(812): Illuminate\\Database\\Connection->{closure:Illuminate\\Database\\Connection::select():398}('select exists (...', Array)
#11 /storage/emulated/0/Download/university-portal-backend  (2)/vendor/laravel/framework/src/Illuminate/Database/Connection.php(979): Illuminate\\Database\\Connection->runQueryCallback('select exists (...', Array, Object(Closure))
#12 /storage/emulated/0/Download/university-portal-backend  (2)/vendor/laravel/framework/src/Illuminate/Database/Connection.php(958): Illuminate\\Database\\Connection->tryAgainIfCausedByLostConnection(Object(Illuminate\\Database\\QueryException), 'select exists (...', Array, Object(Closure))
#13 /storage/emulated/0/Download/university-portal-backend  (2)/vendor/laravel/framework/src/Illuminate/Database/Connection.php(781): Illuminate\\Database\\Connection->handleQueryException(Object(Illuminate\\Database\\QueryException), 'select exists (...', Array, Object(Closure))
#14 /storage/emulated/0/Download/university-portal-backend  (2)/vendor/laravel/framework/src/Illuminate/Database/Connection.php(398): Illuminate\\Database\\Connection->run('select exists (...', Array, Object(Closure))
#15 /storage/emulated/0/Download/university-portal-backend  (2)/vendor/laravel/framework/src/Illuminate/Database/Connection.php(344): Illuminate\\Database\\Connection->select('select exists (...', Array, true)
#16 /storage/emulated/0/Download/university-portal-backend  (2)/vendor/laravel/framework/src/Illuminate/Database/Connection.php(361): Illuminate\\Database\\Connection->selectOne('select exists (...', Array, true)
#17 /storage/emulated/0/Download/university-portal-backend  (2)/vendor/laravel/framework/src/Illuminate/Database/Schema/MySqlBuilder.php(45): Illuminate\\Database\\Connection->scalar('select exists (...')
#18 /storage/emulated/0/Download/university-portal-backend  (2)/vendor/laravel/framework/src/Illuminate/Database/Migrations/DatabaseMigrationRepository.php(184): Illuminate\\Database\\Schema\\MySqlBuilder->hasTable('migrations')
#19 /storage/emulated/0/Download/university-portal-backend  (2)/vendor/laravel/framework/src/Illuminate/Database/Migrations/Migrator.php(742): Illuminate\\Database\\Migrations\\DatabaseMigrationRepository->repositoryExists()
#20 /storage/emulated/0/Download/university-portal-backend  (2)/vendor/laravel/framework/src/Illuminate/Database/Console/Migrations/MigrateCommand.php(165): Illuminate\\Database\\Migrations\\Migrator->repositoryExists()
#21 /storage/emulated/0/Download/university-portal-backend  (2)/vendor/laravel/framework/src/Illuminate/Support/helpers.php(338): Illuminate\\Database\\Console\\Migrations\\MigrateCommand->{closure:Illuminate\\Database\\Console\\Migrations\\MigrateCommand::repositoryExists():165}(1)
#22 /storage/emulated/0/Download/university-portal-backend  (2)/vendor/laravel/framework/src/Illuminate/Database/Console/Migrations/MigrateCommand.php(165): retry(1, Object(Closure), 0, Object(Closure))
#23 /storage/emulated/0/Download/university-portal-backend  (2)/vendor/laravel/framework/src/Illuminate/Database/Console/Migrations/MigrateCommand.php(141): Illuminate\\Database\\Console\\Migrations\\MigrateCommand->repositoryExists()
#24 /storage/emulated/0/Download/university-portal-backend  (2)/vendor/laravel/framework/src/Illuminate/Database/Console/Migrations/MigrateCommand.php(111): Illuminate\\Database\\Console\\Migrations\\MigrateCommand->prepareDatabase()
#25 /storage/emulated/0/Download/university-portal-backend  (2)/vendor/laravel/framework/src/Illuminate/Database/Migrations/Migrator.php(658): Illuminate\\Database\\Console\\Migrations\\MigrateCommand->{closure:Illuminate\\Database\\Console\\Migrations\\MigrateCommand::runMigrations():110}()
#26 /storage/emulated/0/Download/university-portal-backend  (2)/vendor/laravel/framework/src/Illuminate/Database/Console/Migrations/MigrateCommand.php(110): Illuminate\\Database\\Migrations\\Migrator->usingConnection(NULL, Object(Closure))
#27 /storage/emulated/0/Download/university-portal-backend  (2)/vendor/laravel/framework/src/Illuminate/Database/Console/Migrations/MigrateCommand.php(89): Illuminate\\Database\\Console\\Migrations\\MigrateCommand->runMigrations()
#28 /storage/emulated/0/Download/university-portal-backend  (2)/vendor/laravel/framework/src/Illuminate/Container/BoundMethod.php(36): Illuminate\\Database\\Console\\Migrations\\MigrateCommand->handle()
#29 /storage/emulated/0/Download/university-portal-backend  (2)/vendor/laravel/framework/src/Illuminate/Container/Util.php(43): Illuminate\\Container\\BoundMethod::{closure:Illuminate\\Container\\BoundMethod::call():35}()
#30 /storage/emulated/0/Download/university-portal-backend  (2)/vendor/laravel/framework/src/Illuminate/Container/BoundMethod.php(95): Illuminate\\Container\\Util::unwrapIfClosure(Object(Closure))
#31 /storage/emulated/0/Download/university-portal-backend  (2)/vendor/laravel/framework/src/Illuminate/Container/BoundMethod.php(35): Illuminate\\Container\\BoundMethod::callBoundMethod(Object(Illuminate\\Foundation\\Application), Array, Object(Closure))
#32 /storage/emulated/0/Download/university-portal-backend  (2)/vendor/laravel/framework/src/Illuminate/Container/Container.php(696): Illuminate\\Container\\BoundMethod::call(Object(Illuminate\\Foundation\\Application), Array, Array, NULL)
#33 /storage/emulated/0/Download/university-portal-backend  (2)/vendor/laravel/framework/src/Illuminate/Console/Command.php(213): Illuminate\\Container\\Container->call(Array)
#34 /storage/emulated/0/Download/university-portal-backend  (2)/vendor/symfony/console/Command/Command.php(341): Illuminate\\Console\\Command->execute(Object(Symfony\\Component\\Console\\Input\\ArgvInput), Object(Illuminate\\Console\\OutputStyle))
#35 /storage/emulated/0/Download/university-portal-backend  (2)/vendor/laravel/framework/src/Illuminate/Console/Command.php(182): Symfony\\Component\\Console\\Command\\Command->run(Object(Symfony\\Component\\Console\\Input\\ArgvInput), Object(Illuminate\\Console\\OutputStyle))
#36 /storage/emulated/0/Download/university-portal-backend  (2)/vendor/symfony/console/Application.php(1117): Illuminate\\Console\\Command->run(Object(Symfony\\Component\\Console\\Input\\ArgvInput), Object(Symfony\\Component\\Console\\Output\\ConsoleOutput))
#37 /storage/emulated/0/Download/university-portal-backend  (2)/vendor/symfony/console/Application.php(356): Symfony\\Component\\Console\\Application->doRunCommand(Object(Illuminate\\Database\\Console\\Migrations\\MigrateCommand), Object(Symfony\\Component\\Console\\Input\\ArgvInput), Object(Symfony\\Component\\Console\\Output\\ConsoleOutput))
#38 /storage/emulated/0/Download/university-portal-backend  (2)/vendor/symfony/console/Application.php(195): Symfony\\Component\\Console\\Application->doRun(Object(Symfony\\Component\\Console\\Input\\ArgvInput), Object(Symfony\\Component\\Console\\Output\\ConsoleOutput))
#39 /storage/emulated/0/Download/university-portal-backend  (2)/vendor/laravel/framework/src/Illuminate/Foundation/Console/Kernel.php(198): Symfony\\Component\\Console\\Application->run(Object(Symfony\\Component\\Console\\Input\\ArgvInput), Object(Symfony\\Component\\Console\\Output\\ConsoleOutput))
#40 /storage/emulated/0/Download/university-portal-backend  (2)/artisan(12): Illuminate\\Foundation\\Console\\Kernel->handle(Object(Symfony\\Component\\Console\\Input\\ArgvInput), Object(Symfony\\Component\\Console\\Output\\ConsoleOutput))
#41 {main}
"} 
[2026-08-01 16:15:27] production.ERROR: SQLSTATE[HY000] [2002] Connection refused (Connection: mysql, SQL: select exists (select 1 from information_schema.tables where table_schema = 'university_portal' and table_name = 'migrations' and table_type in ('BASE TABLE', 'SYSTEM VERSIONED')) as `exists`) {"exception":"[object] (Illuminate\\Database\\QueryException(code: 2002): SQLSTATE[HY000] [2002] Connection refused (Connection: mysql, SQL: select exists (select 1 from information_schema.tables where table_schema = 'university_portal' and table_name = 'migrations' and table_type in ('BASE TABLE', 'SYSTEM VERSIONED')) as `exists`) at /storage/emulated/0/Download/university-portal-backend  (2)/vendor/laravel/framework/src/Illuminate/Database/Connection.php:825)
[stacktrace]
#0 /storage/emulated/0/Download/university-portal-backend  (2)/vendor/laravel/framework/src/Illuminate/Database/Connection.php(979): Illuminate\\Database\\Connection->runQueryCallback('select exists (...', Array, Object(Closure))
#1 /storage/emulated/0/Download/university-portal-backend  (2)/vendor/laravel/framework/src/Illuminate/Database/Connection.php(958): Illuminate\\Database\\Connection->tryAgainIfCausedByLostConnection(Object(Illuminate\\Database\\QueryException), 'select exists (...', Array, Object(Closure))
#2 /storage/emulated/0/Download/university-portal-backend  (2)/vendor/laravel/framework/src/Illuminate/Database/Connection.php(781): Illuminate\\Database\\Connection->handleQueryException(Object(Illuminate\\Database\\QueryException), 'select exists (...', Array, Object(Closure))
#3 /storage/emulated/0/Download/university-portal-backend  (2)/vendor/laravel/framework/src/Illuminate/Database/Connection.php(398): Illuminate\\Database\\Connection->run('select exists (...', Array, Object(Closure))
#4 /storage/emulated/0/Download/university-portal-backend  (2)/vendor/laravel/framework/src/Illuminate/Database/Connection.php(344): Illuminate\\Database\\Connection->select('select exists (...', Array, true)
#5 /storage/emulated/0/Download/university-portal-backend  (2)/vendor/laravel/framework/src/Illuminate/Database/Connection.php(361): Illuminate\\Database\\Connection->selectOne('select exists (...', Array, true)
#6 /storage/emulated/0/Download/university-portal-backend  (2)/vendor/laravel/framework/src/Illuminate/Database/Schema/MySqlBuilder.php(45): Illuminate\\Database\\Connection->scalar('select exists (...')
#7 /storage/emulated/0/Download/university-portal-backend  (2)/vendor/laravel/framework/src/Illuminate/Database/Migrations/DatabaseMigrationRepository.php(184): Illuminate\\Database\\Schema\\MySqlBuilder->hasTable('migrations')
#8 /storage/emulated/0/Download/university-portal-backend  (2)/vendor/laravel/framework/src/Illuminate/Database/Migrations/Migrator.php(742): Illuminate\\Database\\Migrations\\DatabaseMigrationRepository->repositoryExists()
#9 /storage/emulated/0/Download/university-portal-backend  (2)/vendor/laravel/framework/src/Illuminate/Database/Console/Migrations/MigrateCommand.php(165): Illuminate\\Database\\Migrations\\Migrator->repositoryExists()
#10 /storage/emulated/0/Download/university-portal-backend  (2)/vendor/laravel/framework/src/Illuminate/Support/helpers.php(338): Illuminate\\Database\\Console\\Migrations\\MigrateCommand->{closure:Illuminate\\Database\\Console\\Migrations\\MigrateCommand::repositoryExists():165}(1)
#11 /storage/emulated/0/Download/university-portal-backend  (2)/vendor/laravel/framework/src/Illuminate/Database/Console/Migrations/MigrateCommand.php(165): retry(1, Object(Closure), 0, Object(Closure))
#12 /storage/emulated/0/Download/university-portal-backend  (2)/vendor/laravel/framework/src/Illuminate/Database/Console/Migrations/MigrateCommand.php(141): Illuminate\\Database\\Console\\Migrations\\MigrateCommand->repositoryExists()
#13 /storage/emulated/0/Download/university-portal-backend  (2)/vendor/laravel/framework/src/Illuminate/Database/Console/Migrations/MigrateCommand.php(111): Illuminate\\Database\\Console\\Migrations\\MigrateCommand->prepareDatabase()
#14 /storage/emulated/0/Download/university-portal-backend  (2)/vendor/laravel/framework/src/Illuminate/Database/Migrations/Migrator.php(658): Illuminate\\Database\\Console\\Migrations\\MigrateCommand->{closure:Illuminate\\Database\\Console\\Migrations\\MigrateCommand::runMigrations():110}()
#15 /storage/emulated/0/Download/university-portal-backend  (2)/vendor/laravel/framework/src/Illuminate/Database/Console/Migrations/MigrateCommand.php(110): Illuminate\\Database\\Migrations\\Migrator->usingConnection(NULL, Object(Closure))
#16 /storage/emulated/0/Download/university-portal-backend  (2)/vendor/laravel/framework/src/Illuminate/Database/Console/Migrations/MigrateCommand.php(89): Illuminate\\Database\\Console\\Migrations\\MigrateCommand->runMigrations()
#17 /storage/emulated/0/Download/university-portal-backend  (2)/vendor/laravel/framework/src/Illuminate/Container/BoundMethod.php(36): Illuminate\\Database\\Console\\Migrations\\MigrateCommand->handle()
#18 /storage/emulated/0/Download/university-portal-backend  (2)/vendor/laravel/framework/src/Illuminate/Container/Util.php(43): Illuminate\\Container\\BoundMethod::{closure:Illuminate\\Container\\BoundMethod::call():35}()
#19 /storage/emulated/0/Download/university-portal-backend  (2)/vendor/laravel/framework/src/Illuminate/Container/BoundMethod.php(95): Illuminate\\Container\\Util::unwrapIfClosure(Object(Closure))
#20 /storage/emulated/0/Download/university-portal-backend  (2)/vendor/laravel/framework/src/Illuminate/Container/BoundMethod.php(35): Illuminate\\Container\\BoundMethod::callBoundMethod(Object(Illuminate\\Foundation\\Application), Array, Object(Closure))
#21 /storage/emulated/0/Download/university-portal-backend  (2)/vendor/laravel/framework/src/Illuminate/Container/Container.php(696): Illuminate\\Container\\BoundMethod::call(Object(Illuminate\\Foundation\\Application), Array, Array, NULL)
#22 /storage/emulated/0/Download/university-portal-backend  (2)/vendor/laravel/framework/src/Illuminate/Console/Command.php(213): Illuminate\\Container\\Container->call(Array)
#23 /storage/emulated/0/Download/university-portal-backend  (2)/vendor/symfony/console/Command/Command.php(341): Illuminate\\Console\\Command->execute(Object(Symfony\\Component\\Console\\Input\\ArgvInput), Object(Illuminate\\Console\\OutputStyle))
#24 /storage/emulated/0/Download/university-portal-backend  (2)/vendor/laravel/framework/src/Illuminate/Console/Command.php(182): Symfony\\Component\\Console\\Command\\Command->run(Object(Symfony\\Component\\Console\\Input\\ArgvInput), Object(Illuminate\\Console\\OutputStyle))
#25 /storage/emulated/0/Download/university-portal-backend  (2)/vendor/symfony/console/Application.php(1117): Illuminate\\Console\\Command->run(Object(Symfony\\Component\\Console\\Input\\ArgvInput), Object(Symfony\\Component\\Console\\Output\\ConsoleOutput))
#26 /storage/emulated/0/Download/university-portal-backend  (2)/vendor/symfony/console/Application.php(356): Symfony\\Component\\Console\\Application->doRunCommand(Object(Illuminate\\Database\\Console\\Migrations\\MigrateCommand), Object(Symfony\\Component\\Console\\Input\\ArgvInput), Object(Symfony\\Component\\Console\\Output\\ConsoleOutput))
#27 /storage/emulated/0/Download/university-portal-backend  (2)/vendor/symfony/console/Application.php(195): Symfony\\Component\\Console\\Application->doRun(Object(Symfony\\Component\\Console\\Input\\ArgvInput), Object(Symfony\\Component\\Console\\Output\\ConsoleOutput))
#28 /storage/emulated/0/Download/university-portal-backend  (2)/vendor/laravel/framework/src/Illuminate/Foundation/Console/Kernel.php(198): Symfony\\Component\\Console\\Application->run(Object(Symfony\\Component\\Console\\Input\\ArgvInput), Object(Symfony\\Component\\Console\\Output\\ConsoleOutput))
#29 /storage/emulated/0/Download/university-portal-backend  (2)/artisan(12): Illuminate\\Foundation\\Console\\Kernel->handle(Object(Symfony\\Component\\Console\\Input\\ArgvInput), Object(Symfony\\Component\\Console\\Output\\ConsoleOutput))
#30 {main}

[previous exception] [object] (PDOException(code: 2002): SQLSTATE[HY000] [2002] Connection refused at /storage/emulated/0/Download/university-portal-backend  (2)/vendor/laravel/framework/src/Illuminate/Database/Connectors/Connector.php:67)
[stacktrace]
#0 /storage/emulated/0/Download/university-portal-backend  (2)/vendor/laravel/framework/src/Illuminate/Database/Connectors/Connector.php(67): PDO::connect('mysql:host=127....', 'root', Object(SensitiveParameterValue), Array)
#1 /storage/emulated/0/Download/university-portal-backend  (2)/vendor/laravel/framework/src/Illuminate/Database/Connectors/Connector.php(85): Illuminate\\Database\\Connectors\\Connector->createPdoConnection('mysql:host=127....', 'root', Object(SensitiveParameterValue), Array)
#2 /storage/emulated/0/Download/university-portal-backend  (2)/vendor/laravel/framework/src/Illuminate/Database/Connectors/Connector.php(48): Illuminate\\Database\\Connectors\\Connector->tryAgainIfCausedByLostConnection(Object(PDOException), 'mysql:host=127....', 'root', Object(SensitiveParameterValue), Array)
#3 /storage/emulated/0/Download/university-portal-backend  (2)/vendor/laravel/framework/src/Illuminate/Database/Connectors/MySqlConnector.php(24): Illuminate\\Database\\Connectors\\Connector->createConnection('mysql:host=127....', Array, Array)
#4 /storage/emulated/0/Download/university-portal-backend  (2)/vendor/laravel/framework/src/Illuminate/Database/Connectors/ConnectionFactory.php(185): Illuminate\\Database\\Connectors\\MySqlConnector->connect(Array)
#5 [internal function]: Illuminate\\Database\\Connectors\\ConnectionFactory->{closure:Illuminate\\Database\\Connectors\\ConnectionFactory::createPdoResolverWithHosts():180}()
#6 /storage/emulated/0/Download/university-portal-backend  (2)/vendor/laravel/framework/src/Illuminate/Database/Connection.php(1231): call_user_func(Object(Closure))
#7 /storage/emulated/0/Download/university-portal-backend  (2)/vendor/laravel/framework/src/Illuminate/Database/Connection.php(1267): Illuminate\\Database\\Connection->getPdo()
#8 /storage/emulated/0/Download/university-portal-backend  (2)/vendor/laravel/framework/src/Illuminate/Database/Connection.php(512): Illuminate\\Database\\Connection->getReadPdo()
#9 /storage/emulated/0/Download/university-portal-backend  (2)/vendor/laravel/framework/src/Illuminate/Database/Connection.php(407): Illuminate\\Database\\Connection->getPdoForSelect(true)
#10 /storage/emulated/0/Download/university-portal-backend  (2)/vendor/laravel/framework/src/Illuminate/Database/Connection.php(812): Illuminate\\Database\\Connection->{closure:Illuminate\\Database\\Connection::select():398}('select exists (...', Array)
#11 /storage/emulated/0/Download/university-portal-backend  (2)/vendor/laravel/framework/src/Illuminate/Database/Connection.php(979): Illuminate\\Database\\Connection->runQueryCallback('select exists (...', Array, Object(Closure))
#12 /storage/emulated/0/Download/university-portal-backend  (2)/vendor/laravel/framework/src/Illuminate/Database/Connection.php(958): Illuminate\\Database\\Connection->tryAgainIfCausedByLostConnection(Object(Illuminate\\Database\\QueryException), 'select exists (...', Array, Object(Closure))
#13 /storage/emulated/0/Download/university-portal-backend  (2)/vendor/laravel/framework/src/Illuminate/Database/Connection.php(781): Illuminate\\Database\\Connection->handleQueryException(Object(Illuminate\\Database\\QueryException), 'select exists (...', Array, Object(Closure))
#14 /storage/emulated/0/Download/university-portal-backend  (2)/vendor/laravel/framework/src/Illuminate/Database/Connection.php(398): Illuminate\\Database\\Connection->run('select exists (...', Array, Object(Closure))
#15 /storage/emulated/0/Download/university-portal-backend  (2)/vendor/laravel/framework/src/Illuminate/Database/Connection.php(344): Illuminate\\Database\\Connection->select('select exists (...', Array, true)
#16 /storage/emulated/0/Download/university-portal-backend  (2)/vendor/laravel/framework/src/Illuminate/Database/Connection.php(361): Illuminate\\Database\\Connection->selectOne('select exists (...', Array, true)
#17 /storage/emulated/0/Download/university-portal-backend  (2)/vendor/laravel/framework/src/Illuminate/Database/Schema/MySqlBuilder.php(45): Illuminate\\Database\\Connection->scalar('select exists (...')
#18 /storage/emulated/0/Download/university-portal-backend  (2)/vendor/laravel/framework/src/Illuminate/Database/Migrations/DatabaseMigrationRepository.php(184): Illuminate\\Database\\Schema\\MySqlBuilder->hasTable('migrations')
#19 /storage/emulated/0/Download/university-portal-backend  (2)/vendor/laravel/framework/src/Illuminate/Database/Migrations/Migrator.php(742): Illuminate\\Database\\Migrations\\DatabaseMigrationRepository->repositoryExists()
#20 /storage/emulated/0/Download/university-portal-backend  (2)/vendor/laravel/framework/src/Illuminate/Database/Console/Migrations/MigrateCommand.php(165): Illuminate\\Database\\Migrations\\Migrator->repositoryExists()
#21 /storage/emulated/0/Download/university-portal-backend  (2)/vendor/laravel/framework/src/Illuminate/Support/helpers.php(338): Illuminate\\Database\\Console\\Migrations\\MigrateCommand->{closure:Illuminate\\Database\\Console\\Migrations\\MigrateCommand::repositoryExists():165}(1)
#22 /storage/emulated/0/Download/university-portal-backend  (2)/vendor/laravel/framework/src/Illuminate/Database/Console/Migrations/MigrateCommand.php(165): retry(1, Object(Closure), 0, Object(Closure))
#23 /storage/emulated/0/Download/university-portal-backend  (2)/vendor/laravel/framework/src/Illuminate/Database/Console/Migrations/MigrateCommand.php(141): Illuminate\\Database\\Console\\Migrations\\MigrateCommand->repositoryExists()
#24 /storage/emulated/0/Download/university-portal-backend  (2)/vendor/laravel/framework/src/Illuminate/Database/Console/Migrations/MigrateCommand.php(111): Illuminate\\Database\\Console\\Migrations\\MigrateCommand->prepareDatabase()
#25 /storage/emulated/0/Download/university-portal-backend  (2)/vendor/laravel/framework/src/Illuminate/Database/Migrations/Migrator.php(658): Illuminate\\Database\\Console\\Migrations\\MigrateCommand->{closure:Illuminate\\Database\\Console\\Migrations\\MigrateCommand::runMigrations():110}()
#26 /storage/emulated/0/Download/university-portal-backend  (2)/vendor/laravel/framework/src/Illuminate/Database/Console/Migrations/MigrateCommand.php(110): Illuminate\\Database\\Migrations\\Migrator->usingConnection(NULL, Object(Closure))
#27 /storage/emulated/0/Download/university-portal-backend  (2)/vendor/laravel/framework/src/Illuminate/Database/Console/Migrations/MigrateCommand.php(89): Illuminate\\Database\\Console\\Migrations\\MigrateCommand->runMigrations()
#28 /storage/emulated/0/Download/university-portal-backend  (2)/vendor/laravel/framework/src/Illuminate/Container/BoundMethod.php(36): Illuminate\\Database\\Console\\Migrations\\MigrateCommand->handle()
#29 /storage/emulated/0/Download/university-portal-backend  (2)/vendor/laravel/framework/src/Illuminate/Container/Util.php(43): Illuminate\\Container\\BoundMethod::{closure:Illuminate\\Container\\BoundMethod::call():35}()
#30 /storage/emulated/0/Download/university-portal-backend  (2)/vendor/laravel/framework/src/Illuminate/Container/BoundMethod.php(95): Illuminate\\Container\\Util::unwrapIfClosure(Object(Closure))
#31 /storage/emulated/0/Download/university-portal-backend  (2)/vendor/laravel/framework/src/Illuminate/Container/BoundMethod.php(35): Illuminate\\Container\\BoundMethod::callBoundMethod(Object(Illuminate\\Foundation\\Application), Array, Object(Closure))
#32 /storage/emulated/0/Download/university-portal-backend  (2)/vendor/laravel/framework/src/Illuminate/Container/Container.php(696): Illuminate\\Container\\BoundMethod::call(Object(Illuminate\\Foundation\\Application), Array, Array, NULL)
#33 /storage/emulated/0/Download/university-portal-backend  (2)/vendor/laravel/framework/src/Illuminate/Console/Command.php(213): Illuminate\\Container\\Container->call(Array)
#34 /storage/emulated/0/Download/university-portal-backend  (2)/vendor/symfony/console/Command/Command.php(341): Illuminate\\Console\\Command->execute(Object(Symfony\\Component\\Console\\Input\\ArgvInput), Object(Illuminate\\Console\\OutputStyle))
#35 /storage/emulated/0/Download/university-portal-backend  (2)/vendor/laravel/framework/src/Illuminate/Console/Command.php(182): Symfony\\Component\\Console\\Command\\Command->run(Object(Symfony\\Component\\Console\\Input\\ArgvInput), Object(Illuminate\\Console\\OutputStyle))
#36 /storage/emulated/0/Download/university-portal-backend  (2)/vendor/symfony/console/Application.php(1117): Illuminate\\Console\\Command->run(Object(Symfony\\Component\\Console\\Input\\ArgvInput), Object(Symfony\\Component\\Console\\Output\\ConsoleOutput))
#37 /storage/emulated/0/Download/university-portal-backend  (2)/vendor/symfony/console/Application.php(356): Symfony\\Component\\Console\\Application->doRunCommand(Object(Illuminate\\Database\\Console\\Migrations\\MigrateCommand), Object(Symfony\\Component\\Console\\Input\\ArgvInput), Object(Symfony\\Component\\Console\\Output\\ConsoleOutput))
#38 /storage/emulated/0/Download/university-portal-backend  (2)/vendor/symfony/console/Application.php(195): Symfony\\Component\\Console\\Application->doRun(Object(Symfony\\Component\\Console\\Input\\ArgvInput), Object(Symfony\\Component\\Console\\Output\\ConsoleOutput))
#39 /storage/emulated/0/Download/university-portal-backend  (2)/vendor/laravel/framework/src/Illuminate/Foundation/Console/Kernel.php(198): Symfony\\Component\\Console\\Application->run(Object(Symfony\\Component\\Console\\Input\\ArgvInput), Object(Symfony\\Component\\Console\\Output\\ConsoleOutput))
#40 /storage/emulated/0/Download/university-portal-backend  (2)/artisan(12): Illuminate\\Foundation\\Console\\Kernel->handle(Object(Symfony\\Component\\Console\\Input\\ArgvInput), Object(Symfony\\Component\\Console\\Output\\ConsoleOutput))
#41 {main}
"} 
[2026-08-01 16:28:17] production.ERROR: Target class [DatabaseSeeder] does not exist. {"exception":"[object] (Illuminate\\Contracts\\Container\\BindingResolutionException(code: 0): Target class [DatabaseSeeder] does not exist. at /storage/emulated/0/Download/university-portal-backend  (2)/vendor/laravel/framework/src/Illuminate/Container/Container.php:961)
[stacktrace]
#0 /storage/emulated/0/Download/university-portal-backend  (2)/vendor/laravel/framework/src/Illuminate/Container/Container.php(832): Illuminate\\Container\\Container->build('DatabaseSeeder')
#1 /storage/emulated/0/Download/university-portal-backend  (2)/vendor/laravel/framework/src/Illuminate/Foundation/Application.php(1078): Illuminate\\Container\\Container->resolve('DatabaseSeeder', Array, true)
#2 /storage/emulated/0/Download/university-portal-backend  (2)/vendor/laravel/framework/src/Illuminate/Container/Container.php(763): Illuminate\\Foundation\\Application->resolve('DatabaseSeeder', Array)
#3 /storage/emulated/0/Download/university-portal-backend  (2)/vendor/laravel/framework/src/Illuminate/Foundation/Application.php(1058): Illuminate\\Container\\Container->make('DatabaseSeeder', Array)
#4 /storage/emulated/0/Download/university-portal-backend  (2)/vendor/laravel/framework/src/Illuminate/Database/Console/Seeds/SeedCommand.php(98): Illuminate\\Foundation\\Application->make('DatabaseSeeder')
#5 /storage/emulated/0/Download/university-portal-backend  (2)/vendor/laravel/framework/src/Illuminate/Database/Console/Seeds/SeedCommand.php(70): Illuminate\\Database\\Console\\Seeds\\SeedCommand->getSeeder()
#6 /storage/emulated/0/Download/university-portal-backend  (2)/vendor/laravel/framework/src/Illuminate/Database/Eloquent/Concerns/GuardsAttributes.php(155): Illuminate\\Database\\Console\\Seeds\\SeedCommand->{closure:Illuminate\\Database\\Console\\Seeds\\SeedCommand::handle():69}()
#7 /storage/emulated/0/Download/university-portal-backend  (2)/vendor/laravel/framework/src/Illuminate/Database/Console/Seeds/SeedCommand.php(69): Illuminate\\Database\\Eloquent\\Model::unguarded(Object(Closure))
#8 /storage/emulated/0/Download/university-portal-backend  (2)/vendor/laravel/framework/src/Illuminate/Container/BoundMethod.php(36): Illuminate\\Database\\Console\\Seeds\\SeedCommand->handle()
#9 /storage/emulated/0/Download/university-portal-backend  (2)/vendor/laravel/framework/src/Illuminate/Container/Util.php(43): Illuminate\\Container\\BoundMethod::{closure:Illuminate\\Container\\BoundMethod::call():35}()
#10 /storage/emulated/0/Download/university-portal-backend  (2)/vendor/laravel/framework/src/Illuminate/Container/BoundMethod.php(95): Illuminate\\Container\\Util::unwrapIfClosure(Object(Closure))
#11 /storage/emulated/0/Download/university-portal-backend  (2)/vendor/laravel/framework/src/Illuminate/Container/BoundMethod.php(35): Illuminate\\Container\\BoundMethod::callBoundMethod(Object(Illuminate\\Foundation\\Application), Array, Object(Closure))
#12 /storage/emulated/0/Download/university-portal-backend  (2)/vendor/laravel/framework/src/Illuminate/Container/Container.php(696): Illuminate\\Container\\BoundMethod::call(Object(Illuminate\\Foundation\\Application), Array, Array, NULL)
#13 /storage/emulated/0/Download/university-portal-backend  (2)/vendor/laravel/framework/src/Illuminate/Console/Command.php(213): Illuminate\\Container\\Container->call(Array)
#14 /storage/emulated/0/Download/university-portal-backend  (2)/vendor/symfony/console/Command/Command.php(341): Illuminate\\Console\\Command->execute(Object(Symfony\\Component\\Console\\Input\\ArrayInput), Object(Illuminate\\Console\\OutputStyle))
#15 /storage/emulated/0/Download/university-portal-backend  (2)/vendor/laravel/framework/src/Illuminate/Console/Command.php(182): Symfony\\Component\\Console\\Command\\Command->run(Object(Symfony\\Component\\Console\\Input\\ArrayInput), Object(Illuminate\\Console\\OutputStyle))
#16 /storage/emulated/0/Download/university-portal-backend  (2)/vendor/laravel/framework/src/Illuminate/Console/Concerns/CallsCommands.php(68): Illuminate\\Console\\Command->run(Object(Symfony\\Component\\Console\\Input\\ArrayInput), Object(Illuminate\\Console\\OutputStyle))
#17 /storage/emulated/0/Download/university-portal-backend  (2)/vendor/laravel/framework/src/Illuminate/Console/Concerns/CallsCommands.php(29): Illuminate\\Console\\Command->runCommand('db:seed', Array, Object(Illuminate\\Console\\OutputStyle))
#18 /storage/emulated/0/Download/university-portal-backend  (2)/vendor/laravel/framework/src/Illuminate/Database/Console/Migrations/MigrateCommand.php(126): Illuminate\\Console\\Command->call('db:seed', Array)
#19 /storage/emulated/0/Download/university-portal-backend  (2)/vendor/laravel/framework/src/Illuminate/Database/Migrations/Migrator.php(658): Illuminate\\Database\\Console\\Migrations\\MigrateCommand->{closure:Illuminate\\Database\\Console\\Migrations\\MigrateCommand::runMigrations():110}()
#20 /storage/emulated/0/Download/university-portal-backend  (2)/vendor/laravel/framework/src/Illuminate/Database/Console/Migrations/MigrateCommand.php(110): Illuminate\\Database\\Migrations\\Migrator->usingConnection(NULL, Object(Closure))
#21 /storage/emulated/0/Download/university-portal-backend  (2)/vendor/laravel/framework/src/Illuminate/Database/Console/Migrations/MigrateCommand.php(89): Illuminate\\Database\\Console\\Migrations\\MigrateCommand->runMigrations()
#22 /storage/emulated/0/Download/university-portal-backend  (2)/vendor/laravel/framework/src/Illuminate/Container/BoundMethod.php(36): Illuminate\\Database\\Console\\Migrations\\MigrateCommand->handle()
#23 /storage/emulated/0/Download/university-portal-backend  (2)/vendor/laravel/framework/src/Illuminate/Container/Util.php(43): Illuminate\\Container\\BoundMethod::{closure:Illuminate\\Container\\BoundMethod::call():35}()
#24 /storage/emulated/0/Download/university-portal-backend  (2)/vendor/laravel/framework/src/Illuminate/Container/BoundMethod.php(95): Illuminate\\Container\\Util::unwrapIfClosure(Object(Closure))
#25 /storage/emulated/0/Download/university-portal-backend  (2)/vendor/laravel/framework/src/Illuminate/Container/BoundMethod.php(35): Illuminate\\Container\\BoundMethod::callBoundMethod(Object(Illuminate\\Foundation\\Application), Array, Object(Closure))
#26 /storage/emulated/0/Download/university-portal-backend  (2)/vendor/laravel/framework/src/Illuminate/Container/Container.php(696): Illuminate\\Container\\BoundMethod::call(Object(Illuminate\\Foundation\\Application), Array, Array, NULL)
#27 /storage/emulated/0/Download/university-portal-backend  (2)/vendor/laravel/framework/src/Illuminate/Console/Command.php(213): Illuminate\\Container\\Container->call(Array)
#28 /storage/emulated/0/Download/university-portal-backend  (2)/vendor/symfony/console/Command/Command.php(341): Illuminate\\Console\\Command->execute(Object(Symfony\\Component\\Console\\Input\\ArgvInput), Object(Illuminate\\Console\\OutputStyle))
#29 /storage/emulated/0/Download/university-portal-backend  (2)/vendor/laravel/framework/src/Illuminate/Console/Command.php(182): Symfony\\Component\\Console\\Command\\Command->run(Object(Symfony\\Component\\Console\\Input\\ArgvInput), Object(Illuminate\\Console\\OutputStyle))
#30 /storage/emulated/0/Download/university-portal-backend  (2)/vendor/symfony/console/Application.php(1117): Illuminate\\Console\\Command->run(Object(Symfony\\Component\\Console\\Input\\ArgvInput), Object(Symfony\\Component\\Console\\Output\\ConsoleOutput))
#31 /storage/emulated/0/Download/university-portal-backend  (2)/vendor/symfony/console/Application.php(356): Symfony\\Component\\Console\\Application->doRunCommand(Object(Illuminate\\Database\\Console\\Migrations\\MigrateCommand), Object(Symfony\\Component\\Console\\Input\\ArgvInput), Object(Symfony\\Component\\Console\\Output\\ConsoleOutput))
#32 /storage/emulated/0/Download/university-portal-backend  (2)/vendor/symfony/console/Application.php(195): Symfony\\Component\\Console\\Application->doRun(Object(Symfony\\Component\\Console\\Input\\ArgvInput), Object(Symfony\\Component\\Console\\Output\\ConsoleOutput))
#33 /storage/emulated/0/Download/university-portal-backend  (2)/vendor/laravel/framework/src/Illuminate/Foundation/Console/Kernel.php(198): Symfony\\Component\\Console\\Application->run(Object(Symfony\\Component\\Console\\Input\\ArgvInput), Object(Symfony\\Component\\Console\\Output\\ConsoleOutput))
#34 /storage/emulated/0/Download/university-portal-backend  (2)/artisan(12): Illuminate\\Foundation\\Console\\Kernel->handle(Object(Symfony\\Component\\Console\\Input\\ArgvInput), Object(Symfony\\Component\\Console\\Output\\ConsoleOutput))
#35 {main}

[previous exception] [object] (ReflectionException(code: -1): Class \"DatabaseSeeder\" does not exist at /storage/emulated/0/Download/university-portal-backend  (2)/vendor/laravel/framework/src/Illuminate/Container/Container.php:959)
[stacktrace]
#0 /storage/emulated/0/Download/university-portal-backend  (2)/vendor/laravel/framework/src/Illuminate/Container/Container.php(959): ReflectionClass->__construct('DatabaseSeeder')
#1 /storage/emulated/0/Download/university-portal-backend  (2)/vendor/laravel/framework/src/Illuminate/Container/Container.php(832): Illuminate\\Container\\Container->build('DatabaseSeeder')
#2 /storage/emulated/0/Download/university-portal-backend  (2)/vendor/laravel/framework/src/Illuminate/Foundation/Application.php(1078): Illuminate\\Container\\Container->resolve('DatabaseSeeder', Array, true)
#3 /storage/emulated/0/Download/university-portal-backend  (2)/vendor/laravel/framework/src/Illuminate/Container/Container.php(763): Illuminate\\Foundation\\Application->resolve('DatabaseSeeder', Array)
#4 /storage/emulated/0/Download/university-portal-backend  (2)/vendor/laravel/framework/src/Illuminate/Foundation/Application.php(1058): Illuminate\\Container\\Container->make('DatabaseSeeder', Array)
#5 /storage/emulated/0/Download/university-portal-backend  (2)/vendor/laravel/framework/src/Illuminate/Database/Console/Seeds/SeedCommand.php(98): Illuminate\\Foundation\\Application->make('DatabaseSeeder')
#6 /storage/emulated/0/Download/university-portal-backend  (2)/vendor/laravel/framework/src/Illuminate/Database/Console/Seeds/SeedCommand.php(70): Illuminate\\Database\\Console\\Seeds\\SeedCommand->getSeeder()
#7 /storage/emulated/0/Download/university-portal-backend  (2)/vendor/laravel/framework/src/Illuminate/Database/Eloquent/Concerns/GuardsAttributes.php(155): Illuminate\\Database\\Console\\Seeds\\SeedCommand->{closure:Illuminate\\Database\\Console\\Seeds\\SeedCommand::handle():69}()
#8 /storage/emulated/0/Download/university-portal-backend  (2)/vendor/laravel/framework/src/Illuminate/Database/Console/Seeds/SeedCommand.php(69): Illuminate\\Database\\Eloquent\\Model::unguarded(Object(Closure))
#9 /storage/emulated/0/Download/university-portal-backend  (2)/vendor/laravel/framework/src/Illuminate/Container/BoundMethod.php(36): Illuminate\\Database\\Console\\Seeds\\SeedCommand->handle()
#10 /storage/emulated/0/Download/university-portal-backend  (2)/vendor/laravel/framework/src/Illuminate/Container/Util.php(43): Illuminate\\Container\\BoundMethod::{closure:Illuminate\\Container\\BoundMethod::call():35}()
#11 /storage/emulated/0/Download/university-portal-backend  (2)/vendor/laravel/framework/src/Illuminate/Container/BoundMethod.php(95): Illuminate\\Container\\Util::unwrapIfClosure(Object(Closure))
#12 /storage/emulated/0/Download/university-portal-backend  (2)/vendor/laravel/framework/src/Illuminate/Container/BoundMethod.php(35): Illuminate\\Container\\BoundMethod::callBoundMethod(Object(Illuminate\\Foundation\\Application), Array, Object(Closure))
#13 /storage/emulated/0/Download/university-portal-backend  (2)/vendor/laravel/framework/src/Illuminate/Container/Container.php(696): Illuminate\\Container\\BoundMethod::call(Object(Illuminate\\Foundation\\Application), Array, Array, NULL)
#14 /storage/emulated/0/Download/university-portal-backend  (2)/vendor/laravel/framework/src/Illuminate/Console/Command.php(213): Illuminate\\Container\\Container->call(Array)
#15 /storage/emulated/0/Download/university-portal-backend  (2)/vendor/symfony/console/Command/Command.php(341): Illuminate\\Console\\Command->execute(Object(Symfony\\Component\\Console\\Input\\ArrayInput), Object(Illuminate\\Console\\OutputStyle))
#16 /storage/emulated/0/Download/university-portal-backend  (2)/vendor/laravel/framework/src/Illuminate/Console/Command.php(182): Symfony\\Component\\Console\\Command\\Command->run(Object(Symfony\\Component\\Console\\Input\\ArrayInput), Object(Illuminate\\Console\\OutputStyle))
#17 /storage/emulated/0/Download/university-portal-backend  (2)/vendor/laravel/framework/src/Illuminate/Console/Concerns/CallsCommands.php(68): Illuminate\\Console\\Command->run(Object(Symfony\\Component\\Console\\Input\\ArrayInput), Object(Illuminate\\Console\\OutputStyle))
#18 /storage/emulated/0/Download/university-portal-backend  (2)/vendor/laravel/framework/src/Illuminate/Console/Concerns/CallsCommands.php(29): Illuminate\\Console\\Command->runCommand('db:seed', Array, Object(Illuminate\\Console\\OutputStyle))
#19 /storage/emulated/0/Download/university-portal-backend  (2)/vendor/laravel/framework/src/Illuminate/Database/Console/Migrations/MigrateCommand.php(126): Illuminate\\Console\\Command->call('db:seed', Array)
#20 /storage/emulated/0/Download/university-portal-backend  (2)/vendor/laravel/framework/src/Illuminate/Database/Migrations/Migrator.php(658): Illuminate\\Database\\Console\\Migrations\\MigrateCommand->{closure:Illuminate\\Database\\Console\\Migrations\\MigrateCommand::runMigrations():110}()
#21 /storage/emulated/0/Download/university-portal-backend  (2)/vendor/laravel/framework/src/Illuminate/Database/Console/Migrations/MigrateCommand.php(110): Illuminate\\Database\\Migrations\\Migrator->usingConnection(NULL, Object(Closure))
#22 /storage/emulated/0/Download/university-portal-backend  (2)/vendor/laravel/framework/src/Illuminate/Database/Console/Migrations/MigrateCommand.php(89): Illuminate\\Database\\Console\\Migrations\\MigrateCommand->runMigrations()
#23 /storage/emulated/0/Download/university-portal-backend  (2)/vendor/laravel/framework/src/Illuminate/Container/BoundMethod.php(36): Illuminate\\Database\\Console\\Migrations\\MigrateCommand->handle()
#24 /storage/emulated/0/Download/university-portal-backend  (2)/vendor/laravel/framework/src/Illuminate/Container/Util.php(43): Illuminate\\Container\\BoundMethod::{closure:Illuminate\\Container\\BoundMethod::call():35}()
#25 /storage/emulated/0/Download/university-portal-backend  (2)/vendor/laravel/framework/src/Illuminate/Container/BoundMethod.php(95): Illuminate\\Container\\Util::unwrapIfClosure(Object(Closure))
#26 /storage/emulated/0/Download/university-portal-backend  (2)/vendor/laravel/framework/src/Illuminate/Container/BoundMethod.php(35): Illuminate\\Container\\BoundMethod::callBoundMethod(Object(Illuminate\\Foundation\\Application), Array, Object(Closure))
#27 /storage/emulated/0/Download/university-portal-backend  (2)/vendor/laravel/framework/src/Illuminate/Container/Container.php(696): Illuminate\\Container\\BoundMethod::call(Object(Illuminate\\Foundation\\Application), Array, Array, NULL)
#28 /storage/emulated/0/Download/university-portal-backend  (2)/vendor/laravel/framework/src/Illuminate/Console/Command.php(213): Illuminate\\Container\\Container->call(Array)
#29 /storage/emulated/0/Download/university-portal-backend  (2)/vendor/symfony/console/Command/Command.php(341): Illuminate\\Console\\Command->execute(Object(Symfony\\Component\\Console\\Input\\ArgvInput), Object(Illuminate\\Console\\OutputStyle))
#30 /storage/emulated/0/Download/university-portal-backend  (2)/vendor/laravel/framework/src/Illuminate/Console/Command.php(182): Symfony\\Component\\Console\\Command\\Command->run(Object(Symfony\\Component\\Console\\Input\\ArgvInput), Object(Illuminate\\Console\\OutputStyle))
#31 /storage/emulated/0/Download/university-portal-backend  (2)/vendor/symfony/console/Application.php(1117): Illuminate\\Console\\Command->run(Object(Symfony\\Component\\Console\\Input\\ArgvInput), Object(Symfony\\Component\\Console\\Output\\ConsoleOutput))
#32 /storage/emulated/0/Download/university-portal-backend  (2)/vendor/symfony/console/Application.php(356): Symfony\\Component\\Console\\Application->doRunCommand(Object(Illuminate\\Database\\Console\\Migrations\\MigrateCommand), Object(Symfony\\Component\\Console\\Input\\ArgvInput), Object(Symfony\\Component\\Console\\Output\\ConsoleOutput))
#33 /storage/emulated/0/Download/university-portal-backend  (2)/vendor/symfony/console/Application.php(195): Symfony\\Component\\Console\\Application->doRun(Object(Symfony\\Component\\Console\\Input\\ArgvInput), Object(Symfony\\Component\\Console\\Output\\ConsoleOutput))
#34 /storage/emulated/0/Download/university-portal-backend  (2)/vendor/laravel/framework/src/Illuminate/Foundation/Console/Kernel.php(198): Symfony\\Component\\Console\\Application->run(Object(Symfony\\Component\\Console\\Input\\ArgvInput), Object(Symfony\\Component\\Console\\Output\\ConsoleOutput))
#35 /storage/emulated/0/Download/university-portal-backend  (2)/artisan(12): Illuminate\\Foundation\\Console\\Kernel->handle(Object(Symfony\\Component\\Console\\Input\\ArgvInput), Object(Symfony\\Component\\Console\\Output\\ConsoleOutput))
#36 {main}
"} 
[2026-08-01 16:33:23] production.ERROR: SQLSTATE[HY000]: General error: 1824 Failed to open the referenced table 'departments' (Connection: mysql, SQL: alter table `users` add constraint `users_department_id_foreign` foreign key (`department_id`) references `departments` (`id`) on delete set null) {"exception":"[object] (Illuminate\\Database\\QueryException(code: HY000): SQLSTATE[HY000]: General error: 1824 Failed to open the referenced table 'departments' (Connection: mysql, SQL: alter table `users` add constraint `users_department_id_foreign` foreign key (`department_id`) references `departments` (`id`) on delete set null) at /storage/emulated/0/Download/university-portal-backend  (2)/vendor/laravel/framework/src/Illuminate/Database/Connection.php:825)
[stacktrace]
#0 /storage/emulated/0/Download/university-portal-backend  (2)/vendor/laravel/framework/src/Illuminate/Database/Connection.php(779): Illuminate\\Database\\Connection->runQueryCallback('alter table `us...', Array, Object(Closure))
#1 /storage/emulated/0/Download/university-portal-backend  (2)/vendor/laravel/framework/src/Illuminate/Database/Connection.php(560): Illuminate\\Database\\Connection->run('alter table `us...', Array, Object(Closure))
#2 /storage/emulated/0/Download/university-portal-backend  (2)/vendor/laravel/framework/src/Illuminate/Database/Schema/Blueprint.php(118): Illuminate\\Database\\Connection->statement('alter table `us...')
#3 /storage/emulated/0/Download/university-portal-backend  (2)/vendor/laravel/framework/src/Illuminate/Database/Schema/Builder.php(564): Illuminate\\Database\\Schema\\Blueprint->build(Object(Illuminate\\Database\\MySqlConnection), Object(Illuminate\\Database\\Schema\\Grammars\\MySqlGrammar))
#4 /storage/emulated/0/Download/university-portal-backend  (2)/vendor/laravel/framework/src/Illuminate/Database/Schema/Builder.php(418): Illuminate\\Database\\Schema\\Builder->build(Object(Illuminate\\Database\\Schema\\Blueprint))
#5 /storage/emulated/0/Download/university-portal-backend  (2)/vendor/laravel/framework/src/Illuminate/Support/Facades/Facade.php(361): Illuminate\\Database\\Schema\\Builder->create('users', Object(Closure))
#6 /storage/emulated/0/Download/university-portal-backend  (2)/database/migrations/2024_01_01_000000_create_users_table.php(7): Illuminate\\Support\\Facades\\Facade::__callStatic('create', Array)
#7 /storage/emulated/0/Download/university-portal-backend  (2)/vendor/laravel/framework/src/Illuminate/Database/Migrations/Migrator.php(507): Illuminate\\Database\\Migrations\\Migration@anonymous->up()
#8 /storage/emulated/0/Download/university-portal-backend  (2)/vendor/laravel/framework/src/Illuminate/Database/Migrations/Migrator.php(432): Illuminate\\Database\\Migrations\\Migrator->runMethod(Object(Illuminate\\Database\\MySqlConnection), Object(Illuminate\\Database\\Migrations\\Migration@anonymous), 'up')
#9 /storage/emulated/0/Download/university-portal-backend  (2)/vendor/laravel/framework/src/Illuminate/Database/Migrations/Migrator.php(441): Illuminate\\Database\\Migrations\\Migrator->{closure:Illuminate\\Database\\Migrations\\Migrator::runMigration():428}()
#10 /storage/emulated/0/Download/university-portal-backend  (2)/vendor/laravel/framework/src/Illuminate/Database/Migrations/Migrator.php(244): Illuminate\\Database\\Migrations\\Migrator->runMigration(Object(Illuminate\\Database\\Migrations\\Migration@anonymous), 'up')
#11 /storage/emulated/0/Download/university-portal-backend  (2)/vendor/laravel/framework/src/Illuminate/Console/View/Components/Task.php(40): Illuminate\\Database\\Migrations\\Migrator->{closure:Illuminate\\Database\\Migrations\\Migrator::runUp():244}()
#12 /storage/emulated/0/Download/university-portal-backend  (2)/vendor/laravel/framework/src/Illuminate/Database/Migrations/Migrator.php(798): Illuminate\\Console\\View\\Components\\Task->render('2024_01_01_0000...', Object(Closure))
#13 /storage/emulated/0/Download/university-portal-backend  (2)/vendor/laravel/framework/src/Illuminate/Database/Migrations/Migrator.php(244): Illuminate\\Database\\Migrations\\Migrator->write('Illuminate\\\\Cons...', '2024_01_01_0000...', Object(Closure))
#14 /storage/emulated/0/Download/university-portal-backend  (2)/vendor/laravel/framework/src/Illuminate/Database/Migrations/Migrator.php(211): Illuminate\\Database\\Migrations\\Migrator->runUp('/storage/emulat...', 1, false)
#15 /storage/emulated/0/Download/university-portal-backend  (2)/vendor/laravel/framework/src/Illuminate/Database/Migrations/Migrator.php(138): Illuminate\\Database\\Migrations\\Migrator->runPending(Array, Array)
#16 /storage/emulated/0/Download/university-portal-backend  (2)/vendor/laravel/framework/src/Illuminate/Database/Console/Migrations/MigrateCommand.php(117): Illuminate\\Database\\Migrations\\Migrator->run(Array, Array)
#17 /storage/emulated/0/Download/university-portal-backend  (2)/vendor/laravel/framework/src/Illuminate/Database/Migrations/Migrator.php(658): Illuminate\\Database\\Console\\Migrations\\MigrateCommand->{closure:Illuminate\\Database\\Console\\Migrations\\MigrateCommand::runMigrations():110}()
#18 /storage/emulated/0/Download/university-portal-backend  (2)/vendor/laravel/framework/src/Illuminate/Database/Console/Migrations/MigrateCommand.php(110): Illuminate\\Database\\Migrations\\Migrator->usingConnection(NULL, Object(Closure))
#19 /storage/emulated/0/Download/university-portal-backend  (2)/vendor/laravel/framework/src/Illuminate/Database/Console/Migrations/MigrateCommand.php(89): Illuminate\\Database\\Console\\Migrations\\MigrateCommand->runMigrations()
#20 /storage/emulated/0/Download/university-portal-backend  (2)/vendor/laravel/framework/src/Illuminate/Container/BoundMethod.php(36): Illuminate\\Database\\Console\\Migrations\\MigrateCommand->handle()
#21 /storage/emulated/0/Download/university-portal-backend  (2)/vendor/laravel/framework/src/Illuminate/Container/Util.php(43): Illuminate\\Container\\BoundMethod::{closure:Illuminate\\Container\\BoundMethod::call():35}()
#22 /storage/emulated/0/Download/university-portal-backend  (2)/vendor/laravel/framework/src/Illuminate/Container/BoundMethod.php(95): Illuminate\\Container\\Util::unwrapIfClosure(Object(Closure))
#23 /storage/emulated/0/Download/university-portal-backend  (2)/vendor/laravel/framework/src/Illuminate/Container/BoundMethod.php(35): Illuminate\\Container\\BoundMethod::callBoundMethod(Object(Illuminate\\Foundation\\Application), Array, Object(Closure))
#24 /storage/emulated/0/Download/university-portal-backend  (2)/vendor/laravel/framework/src/Illuminate/Container/Container.php(696): Illuminate\\Container\\BoundMethod::call(Object(Illuminate\\Foundation\\Application), Array, Array, NULL)
#25 /storage/emulated/0/Download/university-portal-backend  (2)/vendor/laravel/framework/src/Illuminate/Console/Command.php(213): Illuminate\\Container\\Container->call(Array)
#26 /storage/emulated/0/Download/university-portal-backend  (2)/vendor/symfony/console/Command/Command.php(341): Illuminate\\Console\\Command->execute(Object(Symfony\\Component\\Console\\Input\\ArgvInput), Object(Illuminate\\Console\\OutputStyle))
#27 /storage/emulated/0/Download/university-portal-backend  (2)/vendor/laravel/framework/src/Illuminate/Console/Command.php(182): Symfony\\Component\\Console\\Command\\Command->run(Object(Symfony\\Component\\Console\\Input\\ArgvInput), Object(Illuminate\\Console\\OutputStyle))
#28 /storage/emulated/0/Download/university-portal-backend  (2)/vendor/symfony/console/Application.php(1117): Illuminate\\Console\\Command->run(Object(Symfony\\Component\\Console\\Input\\ArgvInput), Object(Symfony\\Component\\Console\\Output\\ConsoleOutput))
#29 /storage/emulated/0/Download/university-portal-backend  (2)/vendor/symfony/console/Application.php(356): Symfony\\Component\\Console\\Application->doRunCommand(Object(Illuminate\\Database\\Console\\Migrations\\MigrateCommand), Object(Symfony\\Component\\Console\\Input\\ArgvInput), Object(Symfony\\Component\\Console\\Output\\ConsoleOutput))
#30 /storage/emulated/0/Download/university-portal-backend  (2)/vendor/symfony/console/Application.php(195): Symfony\\Component\\Console\\Application->doRun(Object(Symfony\\Component\\Console\\Input\\ArgvInput), Object(Symfony\\Component\\Console\\Output\\ConsoleOutput))
#31 /storage/emulated/0/Download/university-portal-backend  (2)/vendor/laravel/framework/src/Illuminate/Foundation/Console/Kernel.php(198): Symfony\\Component\\Console\\Application->run(Object(Symfony\\Component\\Console\\Input\\ArgvInput), Object(Symfony\\Component\\Console\\Output\\ConsoleOutput))
#32 /storage/emulated/0/Download/university-portal-backend  (2)/artisan(12): Illuminate\\Foundation\\Console\\Kernel->handle(Object(Symfony\\Component\\Console\\Input\\ArgvInput), Object(Symfony\\Component\\Console\\Output\\ConsoleOutput))
#33 {main}

[previous exception] [object] (PDOException(code: HY000): SQLSTATE[HY000]: General error: 1824 Failed to open the referenced table 'departments' at /storage/emulated/0/Download/university-portal-backend  (2)/vendor/laravel/framework/src/Illuminate/Database/Connection.php:571)
[stacktrace]
#0 /storage/emulated/0/Download/university-portal-backend  (2)/vendor/laravel/framework/src/Illuminate/Database/Connection.php(571): PDOStatement->execute()
#1 /storage/emulated/0/Download/university-portal-backend  (2)/vendor/laravel/framework/src/Illuminate/Database/Connection.php(812): Illuminate\\Database\\Connection->{closure:Illuminate\\Database\\Connection::statement():560}('alter table `us...', Array)
#2 /storage/emulated/0/Download/university-portal-backend  (2)/vendor/laravel/framework/src/Illuminate/Database/Connection.php(779): Illuminate\\Database\\Connection->runQueryCallback('alter table `us...', Array, Object(Closure))
#3 /storage/emulated/0/Download/university-portal-backend  (2)/vendor/laravel/framework/src/Illuminate/Database/Connection.php(560): Illuminate\\Database\\Connection->run('alter table `us...', Array, Object(Closure))
#4 /storage/emulated/0/Download/university-portal-backend  (2)/vendor/laravel/framework/src/Illuminate/Database/Schema/Blueprint.php(118): Illuminate\\Database\\Connection->statement('alter table `us...')
#5 /storage/emulated/0/Download/university-portal-backend  (2)/vendor/laravel/framework/src/Illuminate/Database/Schema/Builder.php(564): Illuminate\\Database\\Schema\\Blueprint->build(Object(Illuminate\\Database\\MySqlConnection), Object(Illuminate\\Database\\Schema\\Grammars\\MySqlGrammar))
#6 /storage/emulated/0/Download/university-portal-backend  (2)/vendor/laravel/framework/src/Illuminate/Database/Schema/Builder.php(418): Illuminate\\Database\\Schema\\Builder->build(Object(Illuminate\\Database\\Schema\\Blueprint))
#7 /storage/emulated/0/Download/university-portal-backend  (2)/vendor/laravel/framework/src/Illuminate/Support/Facades/Facade.php(361): Illuminate\\Database\\Schema\\Builder->create('users', Object(Closure))
#8 /storage/emulated/0/Download/university-portal-backend  (2)/database/migrations/2024_01_01_000000_create_users_table.php(7): Illuminate\\Support\\Facades\\Facade::__callStatic('create', Array)
#9 /storage/emulated/0/Download/university-portal-backend  (2)/vendor/laravel/framework/src/Illuminate/Database/Migrations/Migrator.php(507): Illuminate\\Database\\Migrations\\Migration@anonymous->up()
#10 /storage/emulated/0/Download/university-portal-backend  (2)/vendor/laravel/framework/src/Illuminate/Database/Migrations/Migrator.php(432): Illuminate\\Database\\Migrations\\Migrator->runMethod(Object(Illuminate\\Database\\MySqlConnection), Object(Illuminate\\Database\\Migrations\\Migration@anonymous), 'up')
#11 /storage/emulated/0/Download/university-portal-backend  (2)/vendor/laravel/framework/src/Illuminate/Database/Migrations/Migrator.php(441): Illuminate\\Database\\Migrations\\Migrator->{closure:Illuminate\\Database\\Migrations\\Migrator::runMigration():428}()
#12 /storage/emulated/0/Download/university-portal-backend  (2)/vendor/laravel/framework/src/Illuminate/Database/Migrations/Migrator.php(244): Illuminate\\Database\\Migrations\\Migrator->runMigration(Object(Illuminate\\Database\\Migrations\\Migration@anonymous), 'up')
#13 /storage/emulated/0/Download/university-portal-backend  (2)/vendor/laravel/framework/src/Illuminate/Console/View/Components/Task.php(40): Illuminate\\Database\\Migrations\\Migrator->{closure:Illuminate\\Database\\Migrations\\Migrator::runUp():244}()
#14 /storage/emulated/0/Download/university-portal-backend  (2)/vendor/laravel/framework/src/Illuminate/Database/Migrations/Migrator.php(798): Illuminate\\Console\\View\\Components\\Task->render('2024_01_01_0000...', Object(Closure))
#15 /storage/emulated/0/Download/university-portal-backend  (2)/vendor/laravel/framework/src/Illuminate/Database/Migrations/Migrator.php(244): Illuminate\\Database\\Migrations\\Migrator->write('Illuminate\\\\Cons...', '2024_01_01_0000...', Object(Closure))
#16 /storage/emulated/0/Download/university-portal-backend  (2)/vendor/laravel/framework/src/Illuminate/Database/Migrations/Migrator.php(211): Illuminate\\Database\\Migrations\\Migrator->runUp('/storage/emulat...', 1, false)
#17 /storage/emulated/0/Download/university-portal-backend  (2)/vendor/laravel/framework/src/Illuminate/Database/Migrations/Migrator.php(138): Illuminate\\Database\\Migrations\\Migrator->runPending(Array, Array)
#18 /storage/emulated/0/Download/university-portal-backend  (2)/vendor/laravel/framework/src/Illuminate/Database/Console/Migrations/MigrateCommand.php(117): Illuminate\\Database\\Migrations\\Migrator->run(Array, Array)
#19 /storage/emulated/0/Download/university-portal-backend  (2)/vendor/laravel/framework/src/Illuminate/Database/Migrations/Migrator.php(658): Illuminate\\Database\\Console\\Migrations\\MigrateCommand->{closure:Illuminate\\Database\\Console\\Migrations\\MigrateCommand::runMigrations():110}()
#20 /storage/emulated/0/Download/university-portal-backend  (2)/vendor/laravel/framework/src/Illuminate/Database/Console/Migrations/MigrateCommand.php(110): Illuminate\\Database\\Migrations\\Migrator->usingConnection(NULL, Object(Closure))
#21 /storage/emulated/0/Download/university-portal-backend  (2)/vendor/laravel/framework/src/Illuminate/Database/Console/Migrations/MigrateCommand.php(89): Illuminate\\Database\\Console\\Migrations\\MigrateCommand->runMigrations()
#22 /storage/emulated/0/Download/university-portal-backend  (2)/vendor/laravel/framework/src/Illuminate/Container/BoundMethod.php(36): Illuminate\\Database\\Console\\Migrations\\MigrateCommand->handle()
#23 /storage/emulated/0/Download/university-portal-backend  (2)/vendor/laravel/framework/src/Illuminate/Container/Util.php(43): Illuminate\\Container\\BoundMethod::{closure:Illuminate\\Container\\BoundMethod::call():35}()
#24 /storage/emulated/0/Download/university-portal-backend  (2)/vendor/laravel/framework/src/Illuminate/Container/BoundMethod.php(95): Illuminate\\Container\\Util::unwrapIfClosure(Object(Closure))
#25 /storage/emulated/0/Download/university-portal-backend  (2)/vendor/laravel/framework/src/Illuminate/Container/BoundMethod.php(35): Illuminate\\Container\\BoundMethod::callBoundMethod(Object(Illuminate\\Foundation\\Application), Array, Object(Closure))
#26 /storage/emulated/0/Download/university-portal-backend  (2)/vendor/laravel/framework/src/Illuminate/Container/Container.php(696): Illuminate\\Container\\BoundMethod::call(Object(Illuminate\\Foundation\\Application), Array, Array, NULL)
#27 /storage/emulated/0/Download/university-portal-backend  (2)/vendor/laravel/framework/src/Illuminate/Console/Command.php(213): Illuminate\\Container\\Container->call(Array)
#28 /storage/emulated/0/Download/university-portal-backend  (2)/vendor/symfony/console/Command/Command.php(341): Illuminate\\Console\\Command->execute(Object(Symfony\\Component\\Console\\Input\\ArgvInput), Object(Illuminate\\Console\\OutputStyle))
#29 /storage/emulated/0/Download/university-portal-backend  (2)/vendor/laravel/framework/src/Illuminate/Console/Command.php(182): Symfony\\Component\\Console\\Command\\Command->run(Object(Symfony\\Component\\Console\\Input\\ArgvInput), Object(Illuminate\\Console\\OutputStyle))
#30 /storage/emulated/0/Download/university-portal-backend  (2)/vendor/symfony/console/Application.php(1117): Illuminate\\Console\\Command->run(Object(Symfony\\Component\\Console\\Input\\ArgvInput), Object(Symfony\\Component\\Console\\Output\\ConsoleOutput))
#31 /storage/emulated/0/Download/university-portal-backend  (2)/vendor/symfony/console/Application.php(356): Symfony\\Component\\Console\\Application->doRunCommand(Object(Illuminate\\Database\\Console\\Migrations\\MigrateCommand), Object(Symfony\\Component\\Console\\Input\\ArgvInput), Object(Symfony\\Component\\Console\\Output\\ConsoleOutput))
#32 /storage/emulated/0/Download/university-portal-backend  (2)/vendor/symfony/console/Application.php(195): Symfony\\Component\\Console\\Application->doRun(Object(Symfony\\Component\\Console\\Input\\ArgvInput), Object(Symfony\\Component\\Console\\Output\\ConsoleOutput))
#33 /storage/emulated/0/Download/university-portal-backend  (2)/vendor/laravel/framework/src/Illuminate/Foundation/Console/Kernel.php(198): Symfony\\Component\\Console\\Application->run(Object(Symfony\\Component\\Console\\Input\\ArgvInput), Object(Symfony\\Component\\Console\\Output\\ConsoleOutput))
#34 /storage/emulated/0/Download/university-portal-backend  (2)/artisan(12): Illuminate\\Foundation\\Console\\Kernel->handle(Object(Symfony\\Component\\Console\\Input\\ArgvInput), Object(Symfony\\Component\\Console\\Output\\ConsoleOutput))
#35 {main}
"} 
[2026-08-01 16:38:24] production.ERROR: SQLSTATE[42S01]: Base table or view already exists: 1050 Table 'users' already exists (Connection: mysql, SQL: create table `users` (`id` bigint unsigned not null auto_increment primary key, `name` varchar(255) not null, `email` varchar(255) not null, `email_verified_at` timestamp null, `password` varchar(255) not null, `phone` varchar(255) null, `avatar` varchar(255) null, `department_id` bigint unsigned null, `remember_token` varchar(100) null, `created_at` timestamp null, `updated_at` timestamp null) default character set utf8mb4 collate 'utf8mb4_unicode_ci') {"exception":"[object] (Illuminate\\Database\\QueryException(code: 42S01): SQLSTATE[42S01]: Base table or view already exists: 1050 Table 'users' already exists (Connection: mysql, SQL: create table `users` (`id` bigint unsigned not null auto_increment primary key, `name` varchar(255) not null, `email` varchar(255) not null, `email_verified_at` timestamp null, `password` varchar(255) not null, `phone` varchar(255) null, `avatar` varchar(255) null, `department_id` bigint unsigned null, `remember_token` varchar(100) null, `created_at` timestamp null, `updated_at` timestamp null) default character set utf8mb4 collate 'utf8mb4_unicode_ci') at /storage/emulated/0/Download/university-portal-backend  (2)/vendor/laravel/framework/src/Illuminate/Database/Connection.php:825)
[stacktrace]
#0 /storage/emulated/0/Download/university-portal-backend  (2)/vendor/laravel/framework/src/Illuminate/Database/Connection.php(779): Illuminate\\Database\\Connection->runQueryCallback('create table `u...', Array, Object(Closure))
#1 /storage/emulated/0/Download/university-portal-backend  (2)/vendor/laravel/framework/src/Illuminate/Database/Connection.php(560): Illuminate\\Database\\Connection->run('create table `u...', Array, Object(Closure))
#2 /storage/emulated/0/Download/university-portal-backend  (2)/vendor/laravel/framework/src/Illuminate/Database/Schema/Blueprint.php(118): Illuminate\\Database\\Connection->statement('create table `u...')
#3 /storage/emulated/0/Download/university-portal-backend  (2)/vendor/laravel/framework/src/Illuminate/Database/Schema/Builder.php(564): Illuminate\\Database\\Schema\\Blueprint->build(Object(Illuminate\\Database\\MySqlConnection), Object(Illuminate\\Database\\Schema\\Grammars\\MySqlGrammar))
#4 /storage/emulated/0/Download/university-portal-backend  (2)/vendor/laravel/framework/src/Illuminate/Database/Schema/Builder.php(418): Illuminate\\Database\\Schema\\Builder->build(Object(Illuminate\\Database\\Schema\\Blueprint))
#5 /storage/emulated/0/Download/university-portal-backend  (2)/vendor/laravel/framework/src/Illuminate/Support/Facades/Facade.php(361): Illuminate\\Database\\Schema\\Builder->create('users', Object(Closure))
#6 /storage/emulated/0/Download/university-portal-backend  (2)/database/migrations/2024_01_01_000000_create_users_table.php(7): Illuminate\\Support\\Facades\\Facade::__callStatic('create', Array)
#7 /storage/emulated/0/Download/university-portal-backend  (2)/vendor/laravel/framework/src/Illuminate/Database/Migrations/Migrator.php(507): Illuminate\\Database\\Migrations\\Migration@anonymous->up()
#8 /storage/emulated/0/Download/university-portal-backend  (2)/vendor/laravel/framework/src/Illuminate/Database/Migrations/Migrator.php(432): Illuminate\\Database\\Migrations\\Migrator->runMethod(Object(Illuminate\\Database\\MySqlConnection), Object(Illuminate\\Database\\Migrations\\Migration@anonymous), 'up')
#9 /storage/emulated/0/Download/university-portal-backend  (2)/vendor/laravel/framework/src/Illuminate/Database/Migrations/Migrator.php(441): Illuminate\\Database\\Migrations\\Migrator->{closure:Illuminate\\Database\\Migrations\\Migrator::runMigration():428}()
#10 /storage/emulated/0/Download/university-portal-backend  (2)/vendor/laravel/framework/src/Illuminate/Database/Migrations/Migrator.php(244): Illuminate\\Database\\Migrations\\Migrator->runMigration(Object(Illuminate\\Database\\Migrations\\Migration@anonymous), 'up')
#11 /storage/emulated/0/Download/university-portal-backend  (2)/vendor/laravel/framework/src/Illuminate/Console/View/Components/Task.php(40): Illuminate\\Database\\Migrations\\Migrator->{closure:Illuminate\\Database\\Migrations\\Migrator::runUp():244}()
#12 /storage/emulated/0/Download/university-portal-backend  (2)/vendor/laravel/framework/src/Illuminate/Database/Migrations/Migrator.php(798): Illuminate\\Console\\View\\Components\\Task->render('2024_01_01_0000...', Object(Closure))
#13 /storage/emulated/0/Download/university-portal-backend  (2)/vendor/laravel/framework/src/Illuminate/Database/Migrations/Migrator.php(244): Illuminate\\Database\\Migrations\\Migrator->write('Illuminate\\\\Cons...', '2024_01_01_0000...', Object(Closure))
#14 /storage/emulated/0/Download/university-portal-backend  (2)/vendor/laravel/framework/src/Illuminate/Database/Migrations/Migrator.php(211): Illuminate\\Database\\Migrations\\Migrator->runUp('/storage/emulat...', 1, false)
#15 /storage/emulated/0/Download/university-portal-backend  (2)/vendor/laravel/framework/src/Illuminate/Database/Migrations/Migrator.php(138): Illuminate\\Database\\Migrations\\Migrator->runPending(Array, Array)
#16 /storage/emulated/0/Download/university-portal-backend  (2)/vendor/laravel/framework/src/Illuminate/Database/Console/Migrations/MigrateCommand.php(117): Illuminate\\Database\\Migrations\\Migrator->run(Array, Array)
#17 /storage/emulated/0/Download/university-portal-backend  (2)/vendor/laravel/framework/src/Illuminate/Database/Migrations/Migrator.php(658): Illuminate\\Database\\Console\\Migrations\\MigrateCommand->{closure:Illuminate\\Database\\Console\\Migrations\\MigrateCommand::runMigrations():110}()
#18 /storage/emulated/0/Download/university-portal-backend  (2)/vendor/laravel/framework/src/Illuminate/Database/Console/Migrations/MigrateCommand.php(110): Illuminate\\Database\\Migrations\\Migrator->usingConnection(NULL, Object(Closure))
#19 /storage/emulated/0/Download/university-portal-backend  (2)/vendor/laravel/framework/src/Illuminate/Database/Console/Migrations/MigrateCommand.php(89): Illuminate\\Database\\Console\\Migrations\\MigrateCommand->runMigrations()
#20 /storage/emulated/0/Download/university-portal-backend  (2)/vendor/laravel/framework/src/Illuminate/Container/BoundMethod.php(36): Illuminate\\Database\\Console\\Migrations\\MigrateCommand->handle()
#21 /storage/emulated/0/Download/university-portal-backend  (2)/vendor/laravel/framework/src/Illuminate/Container/Util.php(43): Illuminate\\Container\\BoundMethod::{closure:Illuminate\\Container\\BoundMethod::call():35}()
#22 /storage/emulated/0/Download/university-portal-backend  (2)/vendor/laravel/framework/src/Illuminate/Container/BoundMethod.php(95): Illuminate\\Container\\Util::unwrapIfClosure(Object(Closure))
#23 /storage/emulated/0/Download/university-portal-backend  (2)/vendor/laravel/framework/src/Illuminate/Container/BoundMethod.php(35): Illuminate\\Container\\BoundMethod::callBoundMethod(Object(Illuminate\\Foundation\\Application), Array, Object(Closure))
#24 /storage/emulated/0/Download/university-portal-backend  (2)/vendor/laravel/framework/src/Illuminate/Container/Container.php(696): Illuminate\\Container\\BoundMethod::call(Object(Illuminate\\Foundation\\Application), Array, Array, NULL)
#25 /storage/emulated/0/Download/university-portal-backend  (2)/vendor/laravel/framework/src/Illuminate/Console/Command.php(213): Illuminate\\Container\\Container->call(Array)
#26 /storage/emulated/0/Download/university-portal-backend  (2)/vendor/symfony/console/Command/Command.php(341): Illuminate\\Console\\Command->execute(Object(Symfony\\Component\\Console\\Input\\ArgvInput), Object(Illuminate\\Console\\OutputStyle))
#27 /storage/emulated/0/Download/university-portal-backend  (2)/vendor/laravel/framework/src/Illuminate/Console/Command.php(182): Symfony\\Component\\Console\\Command\\Command->run(Object(Symfony\\Component\\Console\\Input\\ArgvInput), Object(Illuminate\\Console\\OutputStyle))
#28 /storage/emulated/0/Download/university-portal-backend  (2)/vendor/symfony/console/Application.php(1117): Illuminate\\Console\\Command->run(Object(Symfony\\Component\\Console\\Input\\ArgvInput), Object(Symfony\\Component\\Console\\Output\\ConsoleOutput))
#29 /storage/emulated/0/Download/university-portal-backend  (2)/vendor/symfony/console/Application.php(356): Symfony\\Component\\Console\\Application->doRunCommand(Object(Illuminate\\Database\\Console\\Migrations\\MigrateCommand), Object(Symfony\\Component\\Console\\Input\\ArgvInput), Object(Symfony\\Component\\Console\\Output\\ConsoleOutput))
#30 /storage/emulated/0/Download/university-portal-backend  (2)/vendor/symfony/console/Application.php(195): Symfony\\Component\\Console\\Application->doRun(Object(Symfony\\Component\\Console\\Input\\ArgvInput), Object(Symfony\\Component\\Console\\Output\\ConsoleOutput))
#31 /storage/emulated/0/Download/university-portal-backend  (2)/vendor/laravel/framework/src/Illuminate/Foundation/Console/Kernel.php(198): Symfony\\Component\\Console\\Application->run(Object(Symfony\\Component\\Console\\Input\\ArgvInput), Object(Symfony\\Component\\Console\\Output\\ConsoleOutput))
#32 /storage/emulated/0/Download/university-portal-backend  (2)/artisan(12): Illuminate\\Foundation\\Console\\Kernel->handle(Object(Symfony\\Component\\Console\\Input\\ArgvInput), Object(Symfony\\Component\\Console\\Output\\ConsoleOutput))
#33 {main}

[previous exception] [object] (PDOException(code: 42S01): SQLSTATE[42S01]: Base table or view already exists: 1050 Table 'users' already exists at /storage/emulated/0/Download/university-portal-backend  (2)/vendor/laravel/framework/src/Illuminate/Database/Connection.php:571)
[stacktrace]
#0 /storage/emulated/0/Download/university-portal-backend  (2)/vendor/laravel/framework/src/Illuminate/Database/Connection.php(571): PDOStatement->execute()
#1 /storage/emulated/0/Download/university-portal-backend  (2)/vendor/laravel/framework/src/Illuminate/Database/Connection.php(812): Illuminate\\Database\\Connection->{closure:Illuminate\\Database\\Connection::statement():560}('create table `u...', Array)
#2 /storage/emulated/0/Download/university-portal-backend  (2)/vendor/laravel/framework/src/Illuminate/Database/Connection.php(779): Illuminate\\Database\\Connection->runQueryCallback('create table `u...', Array, Object(Closure))
#3 /storage/emulated/0/Download/university-portal-backend  (2)/vendor/laravel/framework/src/Illuminate/Database/Connection.php(560): Illuminate\\Database\\Connection->run('create table `u...', Array, Object(Closure))
#4 /storage/emulated/0/Download/university-portal-backend  (2)/vendor/laravel/framework/src/Illuminate/Database/Schema/Blueprint.php(118): Illuminate\\Database\\Connection->statement('create table `u...')
#5 /storage/emulated/0/Download/university-portal-backend  (2)/vendor/laravel/framework/src/Illuminate/Database/Schema/Builder.php(564): Illuminate\\Database\\Schema\\Blueprint->build(Object(Illuminate\\Database\\MySqlConnection), Object(Illuminate\\Database\\Schema\\Grammars\\MySqlGrammar))
#6 /storage/emulated/0/Download/university-portal-backend  (2)/vendor/laravel/framework/src/Illuminate/Database/Schema/Builder.php(418): Illuminate\\Database\\Schema\\Builder->build(Object(Illuminate\\Database\\Schema\\Blueprint))
#7 /storage/emulated/0/Download/university-portal-backend  (2)/vendor/laravel/framework/src/Illuminate/Support/Facades/Facade.php(361): Illuminate\\Database\\Schema\\Builder->create('users', Object(Closure))
#8 /storage/emulated/0/Download/university-portal-backend  (2)/database/migrations/2024_01_01_000000_create_users_table.php(7): Illuminate\\Support\\Facades\\Facade::__callStatic('create', Array)
#9 /storage/emulated/0/Download/university-portal-backend  (2)/vendor/laravel/framework/src/Illuminate/Database/Migrations/Migrator.php(507): Illuminate\\Database\\Migrations\\Migration@anonymous->up()
#10 /storage/emulated/0/Download/university-portal-backend  (2)/vendor/laravel/framework/src/Illuminate/Database/Migrations/Migrator.php(432): Illuminate\\Database\\Migrations\\Migrator->runMethod(Object(Illuminate\\Database\\MySqlConnection), Object(Illuminate\\Database\\Migrations\\Migration@anonymous), 'up')
#11 /storage/emulated/0/Download/university-portal-backend  (2)/vendor/laravel/framework/src/Illuminate/Database/Migrations/Migrator.php(441): Illuminate\\Database\\Migrations\\Migrator->{closure:Illuminate\\Database\\Migrations\\Migrator::runMigration():428}()
#12 /storage/emulated/0/Download/university-portal-backend  (2)/vendor/laravel/framework/src/Illuminate/Database/Migrations/Migrator.php(244): Illuminate\\Database\\Migrations\\Migrator->runMigration(Object(Illuminate\\Database\\Migrations\\Migration@anonymous), 'up')
#13 /storage/emulated/0/Download/university-portal-backend  (2)/vendor/laravel/framework/src/Illuminate/Console/View/Components/Task.php(40): Illuminate\\Database\\Migrations\\Migrator->{closure:Illuminate\\Database\\Migrations\\Migrator::runUp():244}()
#14 /storage/emulated/0/Download/university-portal-backend  (2)/vendor/laravel/framework/src/Illuminate/Database/Migrations/Migrator.php(798): Illuminate\\Console\\View\\Components\\Task->render('2024_01_01_0000...', Object(Closure))
#15 /storage/emulated/0/Download/university-portal-backend  (2)/vendor/laravel/framework/src/Illuminate/Database/Migrations/Migrator.php(244): Illuminate\\Database\\Migrations\\Migrator->write('Illuminate\\\\Cons...', '2024_01_01_0000...', Object(Closure))
#16 /storage/emulated/0/Download/university-portal-backend  (2)/vendor/laravel/framework/src/Illuminate/Database/Migrations/Migrator.php(211): Illuminate\\Database\\Migrations\\Migrator->runUp('/storage/emulat...', 1, false)
#17 /storage/emulated/0/Download/university-portal-backend  (2)/vendor/laravel/framework/src/Illuminate/Database/Migrations/Migrator.php(138): Illuminate\\Database\\Migrations\\Migrator->runPending(Array, Array)
#18 /storage/emulated/0/Download/university-portal-backend  (2)/vendor/laravel/framework/src/Illuminate/Database/Console/Migrations/MigrateCommand.php(117): Illuminate\\Database\\Migrations\\Migrator->run(Array, Array)
#19 /storage/emulated/0/Download/university-portal-backend  (2)/vendor/laravel/framework/src/Illuminate/Database/Migrations/Migrator.php(658): Illuminate\\Database\\Console\\Migrations\\MigrateCommand->{closure:Illuminate\\Database\\Console\\Migrations\\MigrateCommand::runMigrations():110}()
#20 /storage/emulated/0/Download/university-portal-backend  (2)/vendor/laravel/framework/src/Illuminate/Database/Console/Migrations/MigrateCommand.php(110): Illuminate\\Database\\Migrations\\Migrator->usingConnection(NULL, Object(Closure))
#21 /storage/emulated/0/Download/university-portal-backend  (2)/vendor/laravel/framework/src/Illuminate/Database/Console/Migrations/MigrateCommand.php(89): Illuminate\\Database\\Console\\Migrations\\MigrateCommand->runMigrations()
#22 /storage/emulated/0/Download/university-portal-backend  (2)/vendor/laravel/framework/src/Illuminate/Container/BoundMethod.php(36): Illuminate\\Database\\Console\\Migrations\\MigrateCommand->handle()
#23 /storage/emulated/0/Download/university-portal-backend  (2)/vendor/laravel/framework/src/Illuminate/Container/Util.php(43): Illuminate\\Container\\BoundMethod::{closure:Illuminate\\Container\\BoundMethod::call():35}()
#24 /storage/emulated/0/Download/university-portal-backend  (2)/vendor/laravel/framework/src/Illuminate/Container/BoundMethod.php(95): Illuminate\\Container\\Util::unwrapIfClosure(Object(Closure))
#25 /storage/emulated/0/Download/university-portal-backend  (2)/vendor/laravel/framework/src/Illuminate/Container/BoundMethod.php(35): Illuminate\\Container\\BoundMethod::callBoundMethod(Object(Illuminate\\Foundation\\Application), Array, Object(Closure))
#26 /storage/emulated/0/Download/university-portal-backend  (2)/vendor/laravel/framework/src/Illuminate/Container/Container.php(696): Illuminate\\Container\\BoundMethod::call(Object(Illuminate\\Foundation\\Application), Array, Array, NULL)
#27 /storage/emulated/0/Download/university-portal-backend  (2)/vendor/laravel/framework/src/Illuminate/Console/Command.php(213): Illuminate\\Container\\Container->call(Array)
#28 /storage/emulated/0/Download/university-portal-backend  (2)/vendor/symfony/console/Command/Command.php(341): Illuminate\\Console\\Command->execute(Object(Symfony\\Component\\Console\\Input\\ArgvInput), Object(Illuminate\\Console\\OutputStyle))
#29 /storage/emulated/0/Download/university-portal-backend  (2)/vendor/laravel/framework/src/Illuminate/Console/Command.php(182): Symfony\\Component\\Console\\Command\\Command->run(Object(Symfony\\Component\\Console\\Input\\ArgvInput), Object(Illuminate\\Console\\OutputStyle))
#30 /storage/emulated/0/Download/university-portal-backend  (2)/vendor/symfony/console/Application.php(1117): Illuminate\\Console\\Command->run(Object(Symfony\\Component\\Console\\Input\\ArgvInput), Object(Symfony\\Component\\Console\\Output\\ConsoleOutput))
#31 /storage/emulated/0/Download/university-portal-backend  (2)/vendor/symfony/console/Application.php(356): Symfony\\Component\\Console\\Application->doRunCommand(Object(Illuminate\\Database\\Console\\Migrations\\MigrateCommand), Object(Symfony\\Component\\Console\\Input\\ArgvInput), Object(Symfony\\Component\\Console\\Output\\ConsoleOutput))
#32 /storage/emulated/0/Download/university-portal-backend  (2)/vendor/symfony/console/Application.php(195): Symfony\\Component\\Console\\Application->doRun(Object(Symfony\\Component\\Console\\Input\\ArgvInput), Object(Symfony\\Component\\Console\\Output\\ConsoleOutput))
#33 /storage/emulated/0/Download/university-portal-backend  (2)/vendor/laravel/framework/src/Illuminate/Foundation/Console/Kernel.php(198): Symfony\\Component\\Console\\Application->run(Object(Symfony\\Component\\Console\\Input\\ArgvInput), Object(Symfony\\Component\\Console\\Output\\ConsoleOutput))
#34 /storage/emulated/0/Download/university-portal-backend  (2)/artisan(12): Illuminate\\Foundation\\Console\\Kernel->handle(Object(Symfony\\Component\\Console\\Input\\ArgvInput), Object(Symfony\\Component\\Console\\Output\\ConsoleOutput))
#35 {main}
"} 
[2026-08-01 16:39:25] production.ERROR: SQLSTATE[42S01]: Base table or view already exists: 1050 Table 'users' already exists (Connection: mysql, SQL: create table `users` (`id` bigint unsigned not null auto_increment primary key, `name` varchar(255) not null, `email` varchar(255) not null, `email_verified_at` timestamp null, `password` varchar(255) not null, `phone` varchar(255) null, `avatar` varchar(255) null, `department_id` bigint unsigned null, `remember_token` varchar(100) null, `created_at` timestamp null, `updated_at` timestamp null) default character set utf8mb4 collate 'utf8mb4_unicode_ci') {"exception":"[object] (Illuminate\\Database\\QueryException(code: 42S01): SQLSTATE[42S01]: Base table or view already exists: 1050 Table 'users' already exists (Connection: mysql, SQL: create table `users` (`id` bigint unsigned not null auto_increment primary key, `name` varchar(255) not null, `email` varchar(255) not null, `email_verified_at` timestamp null, `password` varchar(255) not null, `phone` varchar(255) null, `avatar` varchar(255) null, `department_id` bigint unsigned null, `remember_token` varchar(100) null, `created_at` timestamp null, `updated_at` timestamp null) default character set utf8mb4 collate 'utf8mb4_unicode_ci') at /storage/emulated/0/Download/university-portal-backend  (2)/vendor/laravel/framework/src/Illuminate/Database/Connection.php:825)
[stacktrace]
#0 /storage/emulated/0/Download/university-portal-backend  (2)/vendor/laravel/framework/src/Illuminate/Database/Connection.php(779): Illuminate\\Database\\Connection->runQueryCallback('create table `u...', Array, Object(Closure))
#1 /storage/emulated/0/Download/university-portal-backend  (2)/vendor/laravel/framework/src/Illuminate/Database/Connection.php(560): Illuminate\\Database\\Connection->run('create table `u...', Array, Object(Closure))
#2 /storage/emulated/0/Download/university-portal-backend  (2)/vendor/laravel/framework/src/Illuminate/Database/Schema/Blueprint.php(118): Illuminate\\Database\\Connection->statement('create table `u...')
#3 /storage/emulated/0/Download/university-portal-backend  (2)/vendor/laravel/framework/src/Illuminate/Database/Schema/Builder.php(564): Illuminate\\Database\\Schema\\Blueprint->build(Object(Illuminate\\Database\\MySqlConnection), Object(Illuminate\\Database\\Schema\\Grammars\\MySqlGrammar))
#4 /storage/emulated/0/Download/university-portal-backend  (2)/vendor/laravel/framework/src/Illuminate/Database/Schema/Builder.php(418): Illuminate\\Database\\Schema\\Builder->build(Object(Illuminate\\Database\\Schema\\Blueprint))
#5 /storage/emulated/0/Download/university-portal-backend  (2)/vendor/laravel/framework/src/Illuminate/Support/Facades/Facade.php(361): Illuminate\\Database\\Schema\\Builder->create('users', Object(Closure))
#6 /storage/emulated/0/Download/university-portal-backend  (2)/database/migrations/2024_01_01_000000_create_users_table.php(7): Illuminate\\Support\\Facades\\Facade::__callStatic('create', Array)
#7 /storage/emulated/0/Download/university-portal-backend  (2)/vendor/laravel/framework/src/Illuminate/Database/Migrations/Migrator.php(507): Illuminate\\Database\\Migrations\\Migration@anonymous->up()
#8 /storage/emulated/0/Download/university-portal-backend  (2)/vendor/laravel/framework/src/Illuminate/Database/Migrations/Migrator.php(432): Illuminate\\Database\\Migrations\\Migrator->runMethod(Object(Illuminate\\Database\\MySqlConnection), Object(Illuminate\\Database\\Migrations\\Migration@anonymous), 'up')
#9 /storage/emulated/0/Download/university-portal-backend  (2)/vendor/laravel/framework/src/Illuminate/Database/Migrations/Migrator.php(441): Illuminate\\Database\\Migrations\\Migrator->{closure:Illuminate\\Database\\Migrations\\Migrator::runMigration():428}()
#10 /storage/emulated/0/Download/university-portal-backend  (2)/vendor/laravel/framework/src/Illuminate/Database/Migrations/Migrator.php(244): Illuminate\\Database\\Migrations\\Migrator->runMigration(Object(Illuminate\\Database\\Migrations\\Migration@anonymous), 'up')
#11 /storage/emulated/0/Download/university-portal-backend  (2)/vendor/laravel/framework/src/Illuminate/Console/View/Components/Task.php(40): Illuminate\\Database\\Migrations\\Migrator->{closure:Illuminate\\Database\\Migrations\\Migrator::runUp():244}()
#12 /storage/emulated/0/Download/university-portal-backend  (2)/vendor/laravel/framework/src/Illuminate/Database/Migrations/Migrator.php(798): Illuminate\\Console\\View\\Components\\Task->render('2024_01_01_0000...', Object(Closure))
#13 /storage/emulated/0/Download/university-portal-backend  (2)/vendor/laravel/framework/src/Illuminate/Database/Migrations/Migrator.php(244): Illuminate\\Database\\Migrations\\Migrator->write('Illuminate\\\\Cons...', '2024_01_01_0000...', Object(Closure))
#14 /storage/emulated/0/Download/university-portal-backend  (2)/vendor/laravel/framework/src/Illuminate/Database/Migrations/Migrator.php(211): Illuminate\\Database\\Migrations\\Migrator->runUp('/storage/emulat...', 1, false)
#15 /storage/emulated/0/Download/university-portal-backend  (2)/vendor/laravel/framework/src/Illuminate/Database/Migrations/Migrator.php(138): Illuminate\\Database\\Migrations\\Migrator->runPending(Array, Array)
#16 /storage/emulated/0/Download/university-portal-backend  (2)/vendor/laravel/framework/src/Illuminate/Database/Console/Migrations/MigrateCommand.php(117): Illuminate\\Database\\Migrations\\Migrator->run(Array, Array)
#17 /storage/emulated/0/Download/university-portal-backend  (2)/vendor/laravel/framework/src/Illuminate/Database/Migrations/Migrator.php(658): Illuminate\\Database\\Console\\Migrations\\MigrateCommand->{closure:Illuminate\\Database\\Console\\Migrations\\MigrateCommand::runMigrations():110}()
#18 /storage/emulated/0/Download/university-portal-backend  (2)/vendor/laravel/framework/src/Illuminate/Database/Console/Migrations/MigrateCommand.php(110): Illuminate\\Database\\Migrations\\Migrator->usingConnection(NULL, Object(Closure))
#19 /storage/emulated/0/Download/university-portal-backend  (2)/vendor/laravel/framework/src/Illuminate/Database/Console/Migrations/MigrateCommand.php(89): Illuminate\\Database\\Console\\Migrations\\MigrateCommand->runMigrations()
#20 /storage/emulated/0/Download/university-portal-backend  (2)/vendor/laravel/framework/src/Illuminate/Container/BoundMethod.php(36): Illuminate\\Database\\Console\\Migrations\\MigrateCommand->handle()
#21 /storage/emulated/0/Download/university-portal-backend  (2)/vendor/laravel/framework/src/Illuminate/Container/Util.php(43): Illuminate\\Container\\BoundMethod::{closure:Illuminate\\Container\\BoundMethod::call():35}()
#22 /storage/emulated/0/Download/university-portal-backend  (2)/vendor/laravel/framework/src/Illuminate/Container/BoundMethod.php(95): Illuminate\\Container\\Util::unwrapIfClosure(Object(Closure))
#23 /storage/emulated/0/Download/university-portal-backend  (2)/vendor/laravel/framework/src/Illuminate/Container/BoundMethod.php(35): Illuminate\\Container\\BoundMethod::callBoundMethod(Object(Illuminate\\Foundation\\Application), Array, Object(Closure))
#24 /storage/emulated/0/Download/university-portal-backend  (2)/vendor/laravel/framework/src/Illuminate/Container/Container.php(696): Illuminate\\Container\\BoundMethod::call(Object(Illuminate\\Foundation\\Application), Array, Array, NULL)
#25 /storage/emulated/0/Download/university-portal-backend  (2)/vendor/laravel/framework/src/Illuminate/Console/Command.php(213): Illuminate\\Container\\Container->call(Array)
#26 /storage/emulated/0/Download/university-portal-backend  (2)/vendor/symfony/console/Command/Command.php(341): Illuminate\\Console\\Command->execute(Object(Symfony\\Component\\Console\\Input\\ArgvInput), Object(Illuminate\\Console\\OutputStyle))
#27 /storage/emulated/0/Download/university-portal-backend  (2)/vendor/laravel/framework/src/Illuminate/Console/Command.php(182): Symfony\\Component\\Console\\Command\\Command->run(Object(Symfony\\Component\\Console\\Input\\ArgvInput), Object(Illuminate\\Console\\OutputStyle))
#28 /storage/emulated/0/Download/university-portal-backend  (2)/vendor/symfony/console/Application.php(1117): Illuminate\\Console\\Command->run(Object(Symfony\\Component\\Console\\Input\\ArgvInput), Object(Symfony\\Component\\Console\\Output\\ConsoleOutput))
#29 /storage/emulated/0/Download/university-portal-backend  (2)/vendor/symfony/console/Application.php(356): Symfony\\Component\\Console\\Application->doRunCommand(Object(Illuminate\\Database\\Console\\Migrations\\MigrateCommand), Object(Symfony\\Component\\Console\\Input\\ArgvInput), Object(Symfony\\Component\\Console\\Output\\ConsoleOutput))
#30 /storage/emulated/0/Download/university-portal-backend  (2)/vendor/symfony/console/Application.php(195): Symfony\\Component\\Console\\Application->doRun(Object(Symfony\\Component\\Console\\Input\\ArgvInput), Object(Symfony\\Component\\Console\\Output\\ConsoleOutput))
#31 /storage/emulated/0/Download/university-portal-backend  (2)/vendor/laravel/framework/src/Illuminate/Foundation/Console/Kernel.php(198): Symfony\\Component\\Console\\Application->run(Object(Symfony\\Component\\Console\\Input\\ArgvInput), Object(Symfony\\Component\\Console\\Output\\ConsoleOutput))
#32 /storage/emulated/0/Download/university-portal-backend  (2)/artisan(12): Illuminate\\Foundation\\Console\\Kernel->handle(Object(Symfony\\Component\\Console\\Input\\ArgvInput), Object(Symfony\\Component\\Console\\Output\\ConsoleOutput))
#33 {main}

[previous exception] [object] (PDOException(code: 42S01): SQLSTATE[42S01]: Base table or view already exists: 1050 Table 'users' already exists at /storage/emulated/0/Download/university-portal-backend  (2)/vendor/laravel/framework/src/Illuminate/Database/Connection.php:571)
[stacktrace]
#0 /storage/emulated/0/Download/university-portal-backend  (2)/vendor/laravel/framework/src/Illuminate/Database/Connection.php(571): PDOStatement->execute()
#1 /storage/emulated/0/Download/university-portal-backend  (2)/vendor/laravel/framework/src/Illuminate/Database/Connection.php(812): Illuminate\\Database\\Connection->{closure:Illuminate\\Database\\Connection::statement():560}('create table `u...', Array)
#2 /storage/emulated/0/Download/university-portal-backend  (2)/vendor/laravel/framework/src/Illuminate/Database/Connection.php(779): Illuminate\\Database\\Connection->runQueryCallback('create table `u...', Array, Object(Closure))
#3 /storage/emulated/0/Download/university-portal-backend  (2)/vendor/laravel/framework/src/Illuminate/Database/Connection.php(560): Illuminate\\Database\\Connection->run('create table `u...', Array, Object(Closure))
#4 /storage/emulated/0/Download/university-portal-backend  (2)/vendor/laravel/framework/src/Illuminate/Database/Schema/Blueprint.php(118): Illuminate\\Database\\Connection->statement('create table `u...')
#5 /storage/emulated/0/Download/university-portal-backend  (2)/vendor/laravel/framework/src/Illuminate/Database/Schema/Builder.php(564): Illuminate\\Database\\Schema\\Blueprint->build(Object(Illuminate\\Database\\MySqlConnection), Object(Illuminate\\Database\\Schema\\Grammars\\MySqlGrammar))
#6 /storage/emulated/0/Download/university-portal-backend  (2)/vendor/laravel/framework/src/Illuminate/Database/Schema/Builder.php(418): Illuminate\\Database\\Schema\\Builder->build(Object(Illuminate\\Database\\Schema\\Blueprint))
#7 /storage/emulated/0/Download/university-portal-backend  (2)/vendor/laravel/framework/src/Illuminate/Support/Facades/Facade.php(361): Illuminate\\Database\\Schema\\Builder->create('users', Object(Closure))
#8 /storage/emulated/0/Download/university-portal-backend  (2)/database/migrations/2024_01_01_000000_create_users_table.php(7): Illuminate\\Support\\Facades\\Facade::__callStatic('create', Array)
#9 /storage/emulated/0/Download/university-portal-backend  (2)/vendor/laravel/framework/src/Illuminate/Database/Migrations/Migrator.php(507): Illuminate\\Database\\Migrations\\Migration@anonymous->up()
#10 /storage/emulated/0/Download/university-portal-backend  (2)/vendor/laravel/framework/src/Illuminate/Database/Migrations/Migrator.php(432): Illuminate\\Database\\Migrations\\Migrator->runMethod(Object(Illuminate\\Database\\MySqlConnection), Object(Illuminate\\Database\\Migrations\\Migration@anonymous), 'up')
#11 /storage/emulated/0/Download/university-portal-backend  (2)/vendor/laravel/framework/src/Illuminate/Database/Migrations/Migrator.php(441): Illuminate\\Database\\Migrations\\Migrator->{closure:Illuminate\\Database\\Migrations\\Migrator::runMigration():428}()
#12 /storage/emulated/0/Download/university-portal-backend  (2)/vendor/laravel/framework/src/Illuminate/Database/Migrations/Migrator.php(244): Illuminate\\Database\\Migrations\\Migrator->runMigration(Object(Illuminate\\Database\\Migrations\\Migration@anonymous), 'up')
#13 /storage/emulated/0/Download/university-portal-backend  (2)/vendor/laravel/framework/src/Illuminate/Console/View/Components/Task.php(40): Illuminate\\Database\\Migrations\\Migrator->{closure:Illuminate\\Database\\Migrations\\Migrator::runUp():244}()
#14 /storage/emulated/0/Download/university-portal-backend  (2)/vendor/laravel/framework/src/Illuminate/Database/Migrations/Migrator.php(798): Illuminate\\Console\\View\\Components\\Task->render('2024_01_01_0000...', Object(Closure))
#15 /storage/emulated/0/Download/university-portal-backend  (2)/vendor/laravel/framework/src/Illuminate/Database/Migrations/Migrator.php(244): Illuminate\\Database\\Migrations\\Migrator->write('Illuminate\\\\Cons...', '2024_01_01_0000...', Object(Closure))
#16 /storage/emulated/0/Download/university-portal-backend  (2)/vendor/laravel/framework/src/Illuminate/Database/Migrations/Migrator.php(211): Illuminate\\Database\\Migrations\\Migrator->runUp('/storage/emulat...', 1, false)
#17 /storage/emulated/0/Download/university-portal-backend  (2)/vendor/laravel/framework/src/Illuminate/Database/Migrations/Migrator.php(138): Illuminate\\Database\\Migrations\\Migrator->runPending(Array, Array)
#18 /storage/emulated/0/Download/university-portal-backend  (2)/vendor/laravel/framework/src/Illuminate/Database/Console/Migrations/MigrateCommand.php(117): Illuminate\\Database\\Migrations\\Migrator->run(Array, Array)
#19 /storage/emulated/0/Download/university-portal-backend  (2)/vendor/laravel/framework/src/Illuminate/Database/Migrations/Migrator.php(658): Illuminate\\Database\\Console\\Migrations\\MigrateCommand->{closure:Illuminate\\Database\\Console\\Migrations\\MigrateCommand::runMigrations():110}()
#20 /storage/emulated/0/Download/university-portal-backend  (2)/vendor/laravel/framework/src/Illuminate/Database/Console/Migrations/MigrateCommand.php(110): Illuminate\\Database\\Migrations\\Migrator->usingConnection(NULL, Object(Closure))
#21 /storage/emulated/0/Download/university-portal-backend  (2)/vendor/laravel/framework/src/Illuminate/Database/Console/Migrations/MigrateCommand.php(89): Illuminate\\Database\\Console\\Migrations\\MigrateCommand->runMigrations()
#22 /storage/emulated/0/Download/university-portal-backend  (2)/vendor/laravel/framework/src/Illuminate/Container/BoundMethod.php(36): Illuminate\\Database\\Console\\Migrations\\MigrateCommand->handle()
#23 /storage/emulated/0/Download/university-portal-backend  (2)/vendor/laravel/framework/src/Illuminate/Container/Util.php(43): Illuminate\\Container\\BoundMethod::{closure:Illuminate\\Container\\BoundMethod::call():35}()
#24 /storage/emulated/0/Download/university-portal-backend  (2)/vendor/laravel/framework/src/Illuminate/Container/BoundMethod.php(95): Illuminate\\Container\\Util::unwrapIfClosure(Object(Closure))
#25 /storage/emulated/0/Download/university-portal-backend  (2)/vendor/laravel/framework/src/Illuminate/Container/BoundMethod.php(35): Illuminate\\Container\\BoundMethod::callBoundMethod(Object(Illuminate\\Foundation\\Application), Array, Object(Closure))
#26 /storage/emulated/0/Download/university-portal-backend  (2)/vendor/laravel/framework/src/Illuminate/Container/Container.php(696): Illuminate\\Container\\BoundMethod::call(Object(Illuminate\\Foundation\\Application), Array, Array, NULL)
#27 /storage/emulated/0/Download/university-portal-backend  (2)/vendor/laravel/framework/src/Illuminate/Console/Command.php(213): Illuminate\\Container\\Container->call(Array)
#28 /storage/emulated/0/Download/university-portal-backend  (2)/vendor/symfony/console/Command/Command.php(341): Illuminate\\Console\\Command->execute(Object(Symfony\\Component\\Console\\Input\\ArgvInput), Object(Illuminate\\Console\\OutputStyle))
#29 /storage/emulated/0/Download/university-portal-backend  (2)/vendor/laravel/framework/src/Illuminate/Console/Command.php(182): Symfony\\Component\\Console\\Command\\Command->run(Object(Symfony\\Component\\Console\\Input\\ArgvInput), Object(Illuminate\\Console\\OutputStyle))
#30 /storage/emulated/0/Download/university-portal-backend  (2)/vendor/symfony/console/Application.php(1117): Illuminate\\Console\\Command->run(Object(Symfony\\Component\\Console\\Input\\ArgvInput), Object(Symfony\\Component\\Console\\Output\\ConsoleOutput))
#31 /storage/emulated/0/Download/university-portal-backend  (2)/vendor/symfony/console/Application.php(356): Symfony\\Component\\Console\\Application->doRunCommand(Object(Illuminate\\Database\\Console\\Migrations\\MigrateCommand), Object(Symfony\\Component\\Console\\Input\\ArgvInput), Object(Symfony\\Component\\Console\\Output\\ConsoleOutput))
#32 /storage/emulated/0/Download/university-portal-backend  (2)/vendor/symfony/console/Application.php(195): Symfony\\Component\\Console\\Application->doRun(Object(Symfony\\Component\\Console\\Input\\ArgvInput), Object(Symfony\\Component\\Console\\Output\\ConsoleOutput))
#33 /storage/emulated/0/Download/university-portal-backend  (2)/vendor/laravel/framework/src/Illuminate/Foundation/Console/Kernel.php(198): Symfony\\Component\\Console\\Application->run(Object(Symfony\\Component\\Console\\Input\\ArgvInput), Object(Symfony\\Component\\Console\\Output\\ConsoleOutput))
#34 /storage/emulated/0/Download/university-portal-backend  (2)/artisan(12): Illuminate\\Foundation\\Console\\Kernel->handle(Object(Symfony\\Component\\Console\\Input\\ArgvInput), Object(Symfony\\Component\\Console\\Output\\ConsoleOutput))
#35 {main}
"} 
[2026-08-01 16:40:51] production.ERROR: SQLSTATE[HY000]: General error: 1830 Column 'graded_by' cannot be NOT NULL: needed in a foreign key constraint 'grades_graded_by_foreign' SET NULL (Connection: mysql, SQL: alter table `grades` add constraint `grades_graded_by_foreign` foreign key (`graded_by`) references `users` (`id`) on delete set null) {"exception":"[object] (Illuminate\\Database\\QueryException(code: HY000): SQLSTATE[HY000]: General error: 1830 Column 'graded_by' cannot be NOT NULL: needed in a foreign key constraint 'grades_graded_by_foreign' SET NULL (Connection: mysql, SQL: alter table `grades` add constraint `grades_graded_by_foreign` foreign key (`graded_by`) references `users` (`id`) on delete set null) at /storage/emulated/0/Download/university-portal-backend  (2)/vendor/laravel/framework/src/Illuminate/Database/Connection.php:825)
[stacktrace]
#0 /storage/emulated/0/Download/university-portal-backend  (2)/vendor/laravel/framework/src/Illuminate/Database/Connection.php(779): Illuminate\\Database\\Connection->runQueryCallback('alter table `gr...', Array, Object(Closure))
#1 /storage/emulated/0/Download/university-portal-backend  (2)/vendor/laravel/framework/src/Illuminate/Database/Connection.php(560): Illuminate\\Database\\Connection->run('alter table `gr...', Array, Object(Closure))
#2 /storage/emulated/0/Download/university-portal-backend  (2)/vendor/laravel/framework/src/Illuminate/Database/Schema/Blueprint.php(118): Illuminate\\Database\\Connection->statement('alter table `gr...')
#3 /storage/emulated/0/Download/university-portal-backend  (2)/vendor/laravel/framework/src/Illuminate/Database/Schema/Builder.php(564): Illuminate\\Database\\Schema\\Blueprint->build(Object(Illuminate\\Database\\MySqlConnection), Object(Illuminate\\Database\\Schema\\Grammars\\MySqlGrammar))
#4 /storage/emulated/0/Download/university-portal-backend  (2)/vendor/laravel/framework/src/Illuminate/Database/Schema/Builder.php(418): Illuminate\\Database\\Schema\\Builder->build(Object(Illuminate\\Database\\Schema\\Blueprint))
#5 /storage/emulated/0/Download/university-portal-backend  (2)/vendor/laravel/framework/src/Illuminate/Support/Facades/Facade.php(361): Illuminate\\Database\\Schema\\Builder->create('grades', Object(Closure))
#6 /storage/emulated/0/Download/university-portal-backend  (2)/database/migrations/2024_01_01_000004_create_grades_table.php(7): Illuminate\\Support\\Facades\\Facade::__callStatic('create', Array)
#7 /storage/emulated/0/Download/university-portal-backend  (2)/vendor/laravel/framework/src/Illuminate/Database/Migrations/Migrator.php(507): Illuminate\\Database\\Migrations\\Migration@anonymous->up()
#8 /storage/emulated/0/Download/university-portal-backend  (2)/vendor/laravel/framework/src/Illuminate/Database/Migrations/Migrator.php(432): Illuminate\\Database\\Migrations\\Migrator->runMethod(Object(Illuminate\\Database\\MySqlConnection), Object(Illuminate\\Database\\Migrations\\Migration@anonymous), 'up')
#9 /storage/emulated/0/Download/university-portal-backend  (2)/vendor/laravel/framework/src/Illuminate/Database/Migrations/Migrator.php(441): Illuminate\\Database\\Migrations\\Migrator->{closure:Illuminate\\Database\\Migrations\\Migrator::runMigration():428}()
#10 /storage/emulated/0/Download/university-portal-backend  (2)/vendor/laravel/framework/src/Illuminate/Database/Migrations/Migrator.php(244): Illuminate\\Database\\Migrations\\Migrator->runMigration(Object(Illuminate\\Database\\Migrations\\Migration@anonymous), 'up')
#11 /storage/emulated/0/Download/university-portal-backend  (2)/vendor/laravel/framework/src/Illuminate/Console/View/Components/Task.php(40): Illuminate\\Database\\Migrations\\Migrator->{closure:Illuminate\\Database\\Migrations\\Migrator::runUp():244}()
#12 /storage/emulated/0/Download/university-portal-backend  (2)/vendor/laravel/framework/src/Illuminate/Database/Migrations/Migrator.php(798): Illuminate\\Console\\View\\Components\\Task->render('2024_01_01_0000...', Object(Closure))
#13 /storage/emulated/0/Download/university-portal-backend  (2)/vendor/laravel/framework/src/Illuminate/Database/Migrations/Migrator.php(244): Illuminate\\Database\\Migrations\\Migrator->write('Illuminate\\\\Cons...', '2024_01_01_0000...', Object(Closure))
#14 /storage/emulated/0/Download/university-portal-backend  (2)/vendor/laravel/framework/src/Illuminate/Database/Migrations/Migrator.php(211): Illuminate\\Database\\Migrations\\Migrator->runUp('/storage/emulat...', 1, false)
#15 /storage/emulated/0/Download/university-portal-backend  (2)/vendor/laravel/framework/src/Illuminate/Database/Migrations/Migrator.php(138): Illuminate\\Database\\Migrations\\Migrator->runPending(Array, Array)
#16 /storage/emulated/0/Download/university-portal-backend  (2)/vendor/laravel/framework/src/Illuminate/Database/Console/Migrations/MigrateCommand.php(117): Illuminate\\Database\\Migrations\\Migrator->run(Array, Array)
#17 /storage/emulated/0/Download/university-portal-backend  (2)/vendor/laravel/framework/src/Illuminate/Database/Migrations/Migrator.php(658): Illuminate\\Database\\Console\\Migrations\\MigrateCommand->{closure:Illuminate\\Database\\Console\\Migrations\\MigrateCommand::runMigrations():110}()
#18 /storage/emulated/0/Download/university-portal-backend  (2)/vendor/laravel/framework/src/Illuminate/Database/Console/Migrations/MigrateCommand.php(110): Illuminate\\Database\\Migrations\\Migrator->usingConnection(NULL, Object(Closure))
#19 /storage/emulated/0/Download/university-portal-backend  (2)/vendor/laravel/framework/src/Illuminate/Database/Console/Migrations/MigrateCommand.php(89): Illuminate\\Database\\Console\\Migrations\\MigrateCommand->runMigrations()
#20 /storage/emulated/0/Download/university-portal-backend  (2)/vendor/laravel/framework/src/Illuminate/Container/BoundMethod.php(36): Illuminate\\Database\\Console\\Migrations\\MigrateCommand->handle()
#21 /storage/emulated/0/Download/university-portal-backend  (2)/vendor/laravel/framework/src/Illuminate/Container/Util.php(43): Illuminate\\Container\\BoundMethod::{closure:Illuminate\\Container\\BoundMethod::call():35}()
#22 /storage/emulated/0/Download/university-portal-backend  (2)/vendor/laravel/framework/src/Illuminate/Container/BoundMethod.php(95): Illuminate\\Container\\Util::unwrapIfClosure(Object(Closure))
#23 /storage/emulated/0/Download/university-portal-backend  (2)/vendor/laravel/framework/src/Illuminate/Container/BoundMethod.php(35): Illuminate\\Container\\BoundMethod::callBoundMethod(Object(Illuminate\\Foundation\\Application), Array, Object(Closure))
#24 /storage/emulated/0/Download/university-portal-backend  (2)/vendor/laravel/framework/src/Illuminate/Container/Container.php(696): Illuminate\\Container\\BoundMethod::call(Object(Illuminate\\Foundation\\Application), Array, Array, NULL)
#25 /storage/emulated/0/Download/university-portal-backend  (2)/vendor/laravel/framework/src/Illuminate/Console/Command.php(213): Illuminate\\Container\\Container->call(Array)
#26 /storage/emulated/0/Download/university-portal-backend  (2)/vendor/symfony/console/Command/Command.php(341): Illuminate\\Console\\Command->execute(Object(Symfony\\Component\\Console\\Input\\ArrayInput), Object(Illuminate\\Console\\OutputStyle))
#27 /storage/emulated/0/Download/university-portal-backend  (2)/vendor/laravel/framework/src/Illuminate/Console/Command.php(182): Symfony\\Component\\Console\\Command\\Command->run(Object(Symfony\\Component\\Console\\Input\\ArrayInput), Object(Illuminate\\Console\\OutputStyle))
#28 /storage/emulated/0/Download/university-portal-backend  (2)/vendor/laravel/framework/src/Illuminate/Console/Concerns/CallsCommands.php(68): Illuminate\\Console\\Command->run(Object(Symfony\\Component\\Console\\Input\\ArrayInput), Object(Illuminate\\Console\\OutputStyle))
#29 /storage/emulated/0/Download/university-portal-backend  (2)/vendor/laravel/framework/src/Illuminate/Console/Concerns/CallsCommands.php(29): Illuminate\\Console\\Command->runCommand('migrate', Array, Object(Illuminate\\Console\\OutputStyle))
#30 /storage/emulated/0/Download/university-portal-backend  (2)/vendor/laravel/framework/src/Illuminate/Database/Console/Migrations/FreshCommand.php(82): Illuminate\\Console\\Command->call('migrate', Array)
#31 /storage/emulated/0/Download/university-portal-backend  (2)/vendor/laravel/framework/src/Illuminate/Container/BoundMethod.php(36): Illuminate\\Database\\Console\\Migrations\\FreshCommand->handle()
#32 /storage/emulated/0/Download/university-portal-backend  (2)/vendor/laravel/framework/src/Illuminate/Container/Util.php(43): Illuminate\\Container\\BoundMethod::{closure:Illuminate\\Container\\BoundMethod::call():35}()
#33 /storage/emulated/0/Download/university-portal-backend  (2)/vendor/laravel/framework/src/Illuminate/Container/BoundMethod.php(95): Illuminate\\Container\\Util::unwrapIfClosure(Object(Closure))
#34 /storage/emulated/0/Download/university-portal-backend  (2)/vendor/laravel/framework/src/Illuminate/Container/BoundMethod.php(35): Illuminate\\Container\\BoundMethod::callBoundMethod(Object(Illuminate\\Foundation\\Application), Array, Object(Closure))
#35 /storage/emulated/0/Download/university-portal-backend  (2)/vendor/laravel/framework/src/Illuminate/Container/Container.php(696): Illuminate\\Container\\BoundMethod::call(Object(Illuminate\\Foundation\\Application), Array, Array, NULL)
#36 /storage/emulated/0/Download/university-portal-backend  (2)/vendor/laravel/framework/src/Illuminate/Console/Command.php(213): Illuminate\\Container\\Container->call(Array)
#37 /storage/emulated/0/Download/university-portal-backend  (2)/vendor/symfony/console/Command/Command.php(341): Illuminate\\Console\\Command->execute(Object(Symfony\\Component\\Console\\Input\\ArgvInput), Object(Illuminate\\Console\\OutputStyle))
#38 /storage/emulated/0/Download/university-portal-backend  (2)/vendor/laravel/framework/src/Illuminate/Console/Command.php(182): Symfony\\Component\\Console\\Command\\Command->run(Object(Symfony\\Component\\Console\\Input\\ArgvInput), Object(Illuminate\\Console\\OutputStyle))
#39 /storage/emulated/0/Download/university-portal-backend  (2)/vendor/symfony/console/Application.php(1117): Illuminate\\Console\\Command->run(Object(Symfony\\Component\\Console\\Input\\ArgvInput), Object(Symfony\\Component\\Console\\Output\\ConsoleOutput))
#40 /storage/emulated/0/Download/university-portal-backend  (2)/vendor/symfony/console/Application.php(356): Symfony\\Component\\Console\\Application->doRunCommand(Object(Illuminate\\Database\\Console\\Migrations\\FreshCommand), Object(Symfony\\Component\\Console\\Input\\ArgvInput), Object(Symfony\\Component\\Console\\Output\\ConsoleOutput))
#41 /storage/emulated/0/Download/university-portal-backend  (2)/vendor/symfony/console/Application.php(195): Symfony\\Component\\Console\\Application->doRun(Object(Symfony\\Component\\Console\\Input\\ArgvInput), Object(Symfony\\Component\\Console\\Output\\ConsoleOutput))
#42 /storage/emulated/0/Download/university-portal-backend  (2)/vendor/laravel/framework/src/Illuminate/Foundation/Console/Kernel.php(198): Symfony\\Component\\Console\\Application->run(Object(Symfony\\Component\\Console\\Input\\ArgvInput), Object(Symfony\\Component\\Console\\Output\\ConsoleOutput))
#43 /storage/emulated/0/Download/university-portal-backend  (2)/artisan(12): Illuminate\\Foundation\\Console\\Kernel->handle(Object(Symfony\\Component\\Console\\Input\\ArgvInput), Object(Symfony\\Component\\Console\\Output\\ConsoleOutput))
#44 {main}

[previous exception] [object] (PDOException(code: HY000): SQLSTATE[HY000]: General error: 1830 Column 'graded_by' cannot be NOT NULL: needed in a foreign key constraint 'grades_graded_by_foreign' SET NULL at /storage/emulated/0/Download/university-portal-backend  (2)/vendor/laravel/framework/src/Illuminate/Database/Connection.php:571)
[stacktrace]
#0 /storage/emulated/0/Download/university-portal-backend  (2)/vendor/laravel/framework/src/Illuminate/Database/Connection.php(571): PDOStatement->execute()
#1 /storage/emulated/0/Download/university-portal-backend  (2)/vendor/laravel/framework/src/Illuminate/Database/Connection.php(812): Illuminate\\Database\\Connection->{closure:Illuminate\\Database\\Connection::statement():560}('alter table `gr...', Array)
#2 /storage/emulated/0/Download/university-portal-backend  (2)/vendor/laravel/framework/src/Illuminate/Database/Connection.php(779): Illuminate\\Database\\Connection->runQueryCallback('alter table `gr...', Array, Object(Closure))
#3 /storage/emulated/0/Download/university-portal-backend  (2)/vendor/laravel/framework/src/Illuminate/Database/Connection.php(560): Illuminate\\Database\\Connection->run('alter table `gr...', Array, Object(Closure))
#4 /storage/emulated/0/Download/university-portal-backend  (2)/vendor/laravel/framework/src/Illuminate/Database/Schema/Blueprint.php(118): Illuminate\\Database\\Connection->statement('alter table `gr...')
#5 /storage/emulated/0/Download/university-portal-backend  (2)/vendor/laravel/framework/src/Illuminate/Database/Schema/Builder.php(564): Illuminate\\Database\\Schema\\Blueprint->build(Object(Illuminate\\Database\\MySqlConnection), Object(Illuminate\\Database\\Schema\\Grammars\\MySqlGrammar))
#6 /storage/emulated/0/Download/university-portal-backend  (2)/vendor/laravel/framework/src/Illuminate/Database/Schema/Builder.php(418): Illuminate\\Database\\Schema\\Builder->build(Object(Illuminate\\Database\\Schema\\Blueprint))
#7 /storage/emulated/0/Download/university-portal-backend  (2)/vendor/laravel/framework/src/Illuminate/Support/Facades/Facade.php(361): Illuminate\\Database\\Schema\\Builder->create('grades', Object(Closure))
#8 /storage/emulated/0/Download/university-portal-backend  (2)/database/migrations/2024_01_01_000004_create_grades_table.php(7): Illuminate\\Support\\Facades\\Facade::__callStatic('create', Array)
#9 /storage/emulated/0/Download/university-portal-backend  (2)/vendor/laravel/framework/src/Illuminate/Database/Migrations/Migrator.php(507): Illuminate\\Database\\Migrations\\Migration@anonymous->up()
#10 /storage/emulated/0/Download/university-portal-backend  (2)/vendor/laravel/framework/src/Illuminate/Database/Migrations/Migrator.php(432): Illuminate\\Database\\Migrations\\Migrator->runMethod(Object(Illuminate\\Database\\MySqlConnection), Object(Illuminate\\Database\\Migrations\\Migration@anonymous), 'up')
#11 /storage/emulated/0/Download/university-portal-backend  (2)/vendor/laravel/framework/src/Illuminate/Database/Migrations/Migrator.php(441): Illuminate\\Database\\Migrations\\Migrator->{closure:Illuminate\\Database\\Migrations\\Migrator::runMigration():428}()
#12 /storage/emulated/0/Download/university-portal-backend  (2)/vendor/laravel/framework/src/Illuminate/Database/Migrations/Migrator.php(244): Illuminate\\Database\\Migrations\\Migrator->runMigration(Object(Illuminate\\Database\\Migrations\\Migration@anonymous), 'up')
#13 /storage/emulated/0/Download/university-portal-backend  (2)/vendor/laravel/framework/src/Illuminate/Console/View/Components/Task.php(40): Illuminate\\Database\\Migrations\\Migrator->{closure:Illuminate\\Database\\Migrations\\Migrator::runUp():244}()
#14 /storage/emulated/0/Download/university-portal-backend  (2)/vendor/laravel/framework/src/Illuminate/Database/Migrations/Migrator.php(798): Illuminate\\Console\\View\\Components\\Task->render('2024_01_01_0000...', Object(Closure))
#15 /storage/emulated/0/Download/university-portal-backend  (2)/vendor/laravel/framework/src/Illuminate/Database/Migrations/Migrator.php(244): Illuminate\\Database\\Migrations\\Migrator->write('Illuminate\\\\Cons...', '2024_01_01_0000...', Object(Closure))
#16 /storage/emulated/0/Download/university-portal-backend  (2)/vendor/laravel/framework/src/Illuminate/Database/Migrations/Migrator.php(211): Illuminate\\Database\\Migrations\\Migrator->runUp('/storage/emulat...', 1, false)
#17 /storage/emulated/0/Download/university-portal-backend  (2)/vendor/laravel/framework/src/Illuminate/Database/Migrations/Migrator.php(138): Illuminate\\Database\\Migrations\\Migrator->runPending(Array, Array)
#18 /storage/emulated/0/Download/university-portal-backend  (2)/vendor/laravel/framework/src/Illuminate/Database/Console/Migrations/MigrateCommand.php(117): Illuminate\\Database\\Migrations\\Migrator->run(Array, Array)
#19 /storage/emulated/0/Download/university-portal-backend  (2)/vendor/laravel/framework/src/Illuminate/Database/Migrations/Migrator.php(658): Illuminate\\Database\\Console\\Migrations\\MigrateCommand->{closure:Illuminate\\Database\\Console\\Migrations\\MigrateCommand::runMigrations():110}()
#20 /storage/emulated/0/Download/university-portal-backend  (2)/vendor/laravel/framework/src/Illuminate/Database/Console/Migrations/MigrateCommand.php(110): Illuminate\\Database\\Migrations\\Migrator->usingConnection(NULL, Object(Closure))
#21 /storage/emulated/0/Download/university-portal-backend  (2)/vendor/laravel/framework/src/Illuminate/Database/Console/Migrations/MigrateCommand.php(89): Illuminate\\Database\\Console\\Migrations\\MigrateCommand->runMigrations()
#22 /storage/emulated/0/Download/university-portal-backend  (2)/vendor/laravel/framework/src/Illuminate/Container/BoundMethod.php(36): Illuminate\\Database\\Console\\Migrations\\MigrateCommand->handle()
#23 /storage/emulated/0/Download/university-portal-backend  (2)/vendor/laravel/framework/src/Illuminate/Container/Util.php(43): Illuminate\\Container\\BoundMethod::{closure:Illuminate\\Container\\BoundMethod::call():35}()
#24 /storage/emulated/0/Download/university-portal-backend  (2)/vendor/laravel/framework/src/Illuminate/Container/BoundMethod.php(95): Illuminate\\Container\\Util::unwrapIfClosure(Object(Closure))
#25 /storage/emulated/0/Download/university-portal-backend  (2)/vendor/laravel/framework/src/Illuminate/Container/BoundMethod.php(35): Illuminate\\Container\\BoundMethod::callBoundMethod(Object(Illuminate\\Foundation\\Application), Array, Object(Closure))
#26 /storage/emulated/0/Download/university-portal-backend  (2)/vendor/laravel/framework/src/Illuminate/Container/Container.php(696): Illuminate\\Container\\BoundMethod::call(Object(Illuminate\\Foundation\\Application), Array, Array, NULL)
#27 /storage/emulated/0/Download/university-portal-backend  (2)/vendor/laravel/framework/src/Illuminate/Console/Command.php(213): Illuminate\\Container\\Container->call(Array)
#28 /storage/emulated/0/Download/university-portal-backend  (2)/vendor/symfony/console/Command/Command.php(341): Illuminate\\Console\\Command->execute(Object(Symfony\\Component\\Console\\Input\\ArrayInput), Object(Illuminate\\Console\\OutputStyle))
#29 /storage/emulated/0/Download/university-portal-backend  (2)/vendor/laravel/framework/src/Illuminate/Console/Command.php(182): Symfony\\Component\\Console\\Command\\Command->run(Object(Symfony\\Component\\Console\\Input\\ArrayInput), Object(Illuminate\\Console\\OutputStyle))
#30 /storage/emulated/0/Download/university-portal-backend  (2)/vendor/laravel/framework/src/Illuminate/Console/Concerns/CallsCommands.php(68): Illuminate\\Console\\Command->run(Object(Symfony\\Component\\Console\\Input\\ArrayInput), Object(Illuminate\\Console\\OutputStyle))
#31 /storage/emulated/0/Download/university-portal-backend  (2)/vendor/laravel/framework/src/Illuminate/Console/Concerns/CallsCommands.php(29): Illuminate\\Console\\Command->runCommand('migrate', Array, Object(Illuminate\\Console\\OutputStyle))
#32 /storage/emulated/0/Download/university-portal-backend  (2)/vendor/laravel/framework/src/Illuminate/Database/Console/Migrations/FreshCommand.php(82): Illuminate\\Console\\Command->call('migrate', Array)
#33 /storage/emulated/0/Download/university-portal-backend  (2)/vendor/laravel/framework/src/Illuminate/Container/BoundMethod.php(36): Illuminate\\Database\\Console\\Migrations\\FreshCommand->handle()
#34 /storage/emulated/0/Download/university-portal-backend  (2)/vendor/laravel/framework/src/Illuminate/Container/Util.php(43): Illuminate\\Container\\BoundMethod::{closure:Illuminate\\Container\\BoundMethod::call():35}()
#35 /storage/emulated/0/Download/university-portal-backend  (2)/vendor/laravel/framework/src/Illuminate/Container/BoundMethod.php(95): Illuminate\\Container\\Util::unwrapIfClosure(Object(Closure))
#36 /storage/emulated/0/Download/university-portal-backend  (2)/vendor/laravel/framework/src/Illuminate/Container/BoundMethod.php(35): Illuminate\\Container\\BoundMethod::callBoundMethod(Object(Illuminate\\Foundation\\Application), Array, Object(Closure))
#37 /storage/emulated/0/Download/university-portal-backend  (2)/vendor/laravel/framework/src/Illuminate/Container/Container.php(696): Illuminate\\Container\\BoundMethod::call(Object(Illuminate\\Foundation\\Application), Array, Array, NULL)
#38 /storage/emulated/0/Download/university-portal-backend  (2)/vendor/laravel/framework/src/Illuminate/Console/Command.php(213): Illuminate\\Container\\Container->call(Array)
#39 /storage/emulated/0/Download/university-portal-backend  (2)/vendor/symfony/console/Command/Command.php(341): Illuminate\\Console\\Command->execute(Object(Symfony\\Component\\Console\\Input\\ArgvInput), Object(Illuminate\\Console\\OutputStyle))
#40 /storage/emulated/0/Download/university-portal-backend  (2)/vendor/laravel/framework/src/Illuminate/Console/Command.php(182): Symfony\\Component\\Console\\Command\\Command->run(Object(Symfony\\Component\\Console\\Input\\ArgvInput), Object(Illuminate\\Console\\OutputStyle))
#41 /storage/emulated/0/Download/university-portal-backend  (2)/vendor/symfony/console/Application.php(1117): Illuminate\\Console\\Command->run(Object(Symfony\\Component\\Console\\Input\\ArgvInput), Object(Symfony\\Component\\Console\\Output\\ConsoleOutput))
#42 /storage/emulated/0/Download/university-portal-backend  (2)/vendor/symfony/console/Application.php(356): Symfony\\Component\\Console\\Application->doRunCommand(Object(Illuminate\\Database\\Console\\Migrations\\FreshCommand), Object(Symfony\\Component\\Console\\Input\\ArgvInput), Object(Symfony\\Component\\Console\\Output\\ConsoleOutput))
#43 /storage/emulated/0/Download/university-portal-backend  (2)/vendor/symfony/console/Application.php(195): Symfony\\Component\\Console\\Application->doRun(Object(Symfony\\Component\\Console\\Input\\ArgvInput), Object(Symfony\\Component\\Console\\Output\\ConsoleOutput))
#44 /storage/emulated/0/Download/university-portal-backend  (2)/vendor/laravel/framework/src/Illuminate/Foundation/Console/Kernel.php(198): Symfony\\Component\\Console\\Application->run(Object(Symfony\\Component\\Console\\Input\\ArgvInput), Object(Symfony\\Component\\Console\\Output\\ConsoleOutput))
#45 /storage/emulated/0/Download/university-portal-backend  (2)/artisan(12): Illuminate\\Foundation\\Console\\Kernel->handle(Object(Symfony\\Component\\Console\\Input\\ArgvInput), Object(Symfony\\Component\\Console\\Output\\ConsoleOutput))
#46 {main}
"} 
[2026-08-01 16:43:09] production.ERROR: SQLSTATE[HY000]: General error: 1830 Column 'marked_by' cannot be NOT NULL: needed in a foreign key constraint 'attendance_marked_by_foreign' SET NULL (Connection: mysql, SQL: alter table `attendance` add constraint `attendance_marked_by_foreign` foreign key (`marked_by`) references `users` (`id`) on delete set null) {"exception":"[object] (Illuminate\\Database\\QueryException(code: HY000): SQLSTATE[HY000]: General error: 1830 Column 'marked_by' cannot be NOT NULL: needed in a foreign key constraint 'attendance_marked_by_foreign' SET NULL (Connection: mysql, SQL: alter table `attendance` add constraint `attendance_marked_by_foreign` foreign key (`marked_by`) references `users` (`id`) on delete set null) at /storage/emulated/0/Download/university-portal-backend  (2)/vendor/laravel/framework/src/Illuminate/Database/Connection.php:825)
[stacktrace]
#0 /storage/emulated/0/Download/university-portal-backend  (2)/vendor/laravel/framework/src/Illuminate/Database/Connection.php(779): Illuminate\\Database\\Connection->runQueryCallback('alter table `at...', Array, Object(Closure))
#1 /storage/emulated/0/Download/university-portal-backend  (2)/vendor/laravel/framework/src/Illuminate/Database/Connection.php(560): Illuminate\\Database\\Connection->run('alter table `at...', Array, Object(Closure))
#2 /storage/emulated/0/Download/university-portal-backend  (2)/vendor/laravel/framework/src/Illuminate/Database/Schema/Blueprint.php(118): Illuminate\\Database\\Connection->statement('alter table `at...')
#3 /storage/emulated/0/Download/university-portal-backend  (2)/vendor/laravel/framework/src/Illuminate/Database/Schema/Builder.php(564): Illuminate\\Database\\Schema\\Blueprint->build(Object(Illuminate\\Database\\MySqlConnection), Object(Illuminate\\Database\\Schema\\Grammars\\MySqlGrammar))
#4 /storage/emulated/0/Download/university-portal-backend  (2)/vendor/laravel/framework/src/Illuminate/Database/Schema/Builder.php(418): Illuminate\\Database\\Schema\\Builder->build(Object(Illuminate\\Database\\Schema\\Blueprint))
#5 /storage/emulated/0/Download/university-portal-backend  (2)/vendor/laravel/framework/src/Illuminate/Support/Facades/Facade.php(361): Illuminate\\Database\\Schema\\Builder->create('attendance', Object(Closure))
#6 /storage/emulated/0/Download/university-portal-backend  (2)/database/migrations/2024_01_01_000005_create_attendance_table.php(7): Illuminate\\Support\\Facades\\Facade::__callStatic('create', Array)
#7 /storage/emulated/0/Download/university-portal-backend  (2)/vendor/laravel/framework/src/Illuminate/Database/Migrations/Migrator.php(507): Illuminate\\Database\\Migrations\\Migration@anonymous->up()
#8 /storage/emulated/0/Download/university-portal-backend  (2)/vendor/laravel/framework/src/Illuminate/Database/Migrations/Migrator.php(432): Illuminate\\Database\\Migrations\\Migrator->runMethod(Object(Illuminate\\Database\\MySqlConnection), Object(Illuminate\\Database\\Migrations\\Migration@anonymous), 'up')
#9 /storage/emulated/0/Download/university-portal-backend  (2)/vendor/laravel/framework/src/Illuminate/Database/Migrations/Migrator.php(441): Illuminate\\Database\\Migrations\\Migrator->{closure:Illuminate\\Database\\Migrations\\Migrator::runMigration():428}()
#10 /storage/emulated/0/Download/university-portal-backend  (2)/vendor/laravel/framework/src/Illuminate/Database/Migrations/Migrator.php(244): Illuminate\\Database\\Migrations\\Migrator->runMigration(Object(Illuminate\\Database\\Migrations\\Migration@anonymous), 'up')
#11 /storage/emulated/0/Download/university-portal-backend  (2)/vendor/laravel/framework/src/Illuminate/Console/View/Components/Task.php(40): Illuminate\\Database\\Migrations\\Migrator->{closure:Illuminate\\Database\\Migrations\\Migrator::runUp():244}()
#12 /storage/emulated/0/Download/university-portal-backend  (2)/vendor/laravel/framework/src/Illuminate/Database/Migrations/Migrator.php(798): Illuminate\\Console\\View\\Components\\Task->render('2024_01_01_0000...', Object(Closure))
#13 /storage/emulated/0/Download/university-portal-backend  (2)/vendor/laravel/framework/src/Illuminate/Database/Migrations/Migrator.php(244): Illuminate\\Database\\Migrations\\Migrator->write('Illuminate\\\\Cons...', '2024_01_01_0000...', Object(Closure))
#14 /storage/emulated/0/Download/university-portal-backend  (2)/vendor/laravel/framework/src/Illuminate/Database/Migrations/Migrator.php(211): Illuminate\\Database\\Migrations\\Migrator->runUp('/storage/emulat...', 1, false)
#15 /storage/emulated/0/Download/university-portal-backend  (2)/vendor/laravel/framework/src/Illuminate/Database/Migrations/Migrator.php(138): Illuminate\\Database\\Migrations\\Migrator->runPending(Array, Array)
#16 /storage/emulated/0/Download/university-portal-backend  (2)/vendor/laravel/framework/src/Illuminate/Database/Console/Migrations/MigrateCommand.php(117): Illuminate\\Database\\Migrations\\Migrator->run(Array, Array)
#17 /storage/emulated/0/Download/university-portal-backend  (2)/vendor/laravel/framework/src/Illuminate/Database/Migrations/Migrator.php(658): Illuminate\\Database\\Console\\Migrations\\MigrateCommand->{closure:Illuminate\\Database\\Console\\Migrations\\MigrateCommand::runMigrations():110}()
#18 /storage/emulated/0/Download/university-portal-backend  (2)/vendor/laravel/framework/src/Illuminate/Database/Console/Migrations/MigrateCommand.php(110): Illuminate\\Database\\Migrations\\Migrator->usingConnection(NULL, Object(Closure))
#19 /storage/emulated/0/Download/university-portal-backend  (2)/vendor/laravel/framework/src/Illuminate/Database/Console/Migrations/MigrateCommand.php(89): Illuminate\\Database\\Console\\Migrations\\MigrateCommand->runMigrations()
#20 /storage/emulated/0/Download/university-portal-backend  (2)/vendor/laravel/framework/src/Illuminate/Container/BoundMethod.php(36): Illuminate\\Database\\Console\\Migrations\\MigrateCommand->handle()
#21 /storage/emulated/0/Download/university-portal-backend  (2)/vendor/laravel/framework/src/Illuminate/Container/Util.php(43): Illuminate\\Container\\BoundMethod::{closure:Illuminate\\Container\\BoundMethod::call():35}()
#22 /storage/emulated/0/Download/university-portal-backend  (2)/vendor/laravel/framework/src/Illuminate/Container/BoundMethod.php(95): Illuminate\\Container\\Util::unwrapIfClosure(Object(Closure))
#23 /storage/emulated/0/Download/university-portal-backend  (2)/vendor/laravel/framework/src/Illuminate/Container/BoundMethod.php(35): Illuminate\\Container\\BoundMethod::callBoundMethod(Object(Illuminate\\Foundation\\Application), Array, Object(Closure))
#24 /storage/emulated/0/Download/university-portal-backend  (2)/vendor/laravel/framework/src/Illuminate/Container/Container.php(696): Illuminate\\Container\\BoundMethod::call(Object(Illuminate\\Foundation\\Application), Array, Array, NULL)
#25 /storage/emulated/0/Download/university-portal-backend  (2)/vendor/laravel/framework/src/Illuminate/Console/Command.php(213): Illuminate\\Container\\Container->call(Array)
#26 /storage/emulated/0/Download/university-portal-backend  (2)/vendor/symfony/console/Command/Command.php(341): Illuminate\\Console\\Command->execute(Object(Symfony\\Component\\Console\\Input\\ArrayInput), Object(Illuminate\\Console\\OutputStyle))
#27 /storage/emulated/0/Download/university-portal-backend  (2)/vendor/laravel/framework/src/Illuminate/Console/Command.php(182): Symfony\\Component\\Console\\Command\\Command->run(Object(Symfony\\Component\\Console\\Input\\ArrayInput), Object(Illuminate\\Console\\OutputStyle))
#28 /storage/emulated/0/Download/university-portal-backend  (2)/vendor/laravel/framework/src/Illuminate/Console/Concerns/CallsCommands.php(68): Illuminate\\Console\\Command->run(Object(Symfony\\Component\\Console\\Input\\ArrayInput), Object(Illuminate\\Console\\OutputStyle))
#29 /storage/emulated/0/Download/university-portal-backend  (2)/vendor/laravel/framework/src/Illuminate/Console/Concerns/CallsCommands.php(29): Illuminate\\Console\\Command->runCommand('migrate', Array, Object(Illuminate\\Console\\OutputStyle))
#30 /storage/emulated/0/Download/university-portal-backend  (2)/vendor/laravel/framework/src/Illuminate/Database/Console/Migrations/FreshCommand.php(82): Illuminate\\Console\\Command->call('migrate', Array)
#31 /storage/emulated/0/Download/university-portal-backend  (2)/vendor/laravel/framework/src/Illuminate/Container/BoundMethod.php(36): Illuminate\\Database\\Console\\Migrations\\FreshCommand->handle()
#32 /storage/emulated/0/Download/university-portal-backend  (2)/vendor/laravel/framework/src/Illuminate/Container/Util.php(43): Illuminate\\Container\\BoundMethod::{closure:Illuminate\\Container\\BoundMethod::call():35}()
#33 /storage/emulated/0/Download/university-portal-backend  (2)/vendor/laravel/framework/src/Illuminate/Container/BoundMethod.php(95): Illuminate\\Container\\Util::unwrapIfClosure(Object(Closure))
#34 /storage/emulated/0/Download/university-portal-backend  (2)/vendor/laravel/framework/src/Illuminate/Container/BoundMethod.php(35): Illuminate\\Container\\BoundMethod::callBoundMethod(Object(Illuminate\\Foundation\\Application), Array, Object(Closure))
#35 /storage/emulated/0/Download/university-portal-backend  (2)/vendor/laravel/framework/src/Illuminate/Container/Container.php(696): Illuminate\\Container\\BoundMethod::call(Object(Illuminate\\Foundation\\Application), Array, Array, NULL)
#36 /storage/emulated/0/Download/university-portal-backend  (2)/vendor/laravel/framework/src/Illuminate/Console/Command.php(213): Illuminate\\Container\\Container->call(Array)
#37 /storage/emulated/0/Download/university-portal-backend  (2)/vendor/symfony/console/Command/Command.php(341): Illuminate\\Console\\Command->execute(Object(Symfony\\Component\\Console\\Input\\ArgvInput), Object(Illuminate\\Console\\OutputStyle))
#38 /storage/emulated/0/Download/university-portal-backend  (2)/vendor/laravel/framework/src/Illuminate/Console/Command.php(182): Symfony\\Component\\Console\\Command\\Command->run(Object(Symfony\\Component\\Console\\Input\\ArgvInput), Object(Illuminate\\Console\\OutputStyle))
#39 /storage/emulated/0/Download/university-portal-backend  (2)/vendor/symfony/console/Application.php(1117): Illuminate\\Console\\Command->run(Object(Symfony\\Component\\Console\\Input\\ArgvInput), Object(Symfony\\Component\\Console\\Output\\ConsoleOutput))
#40 /storage/emulated/0/Download/university-portal-backend  (2)/vendor/symfony/console/Application.php(356): Symfony\\Component\\Console\\Application->doRunCommand(Object(Illuminate\\Database\\Console\\Migrations\\FreshCommand), Object(Symfony\\Component\\Console\\Input\\ArgvInput), Object(Symfony\\Component\\Console\\Output\\ConsoleOutput))
#41 /storage/emulated/0/Download/university-portal-backend  (2)/vendor/symfony/console/Application.php(195): Symfony\\Component\\Console\\Application->doRun(Object(Symfony\\Component\\Console\\Input\\ArgvInput), Object(Symfony\\Component\\Console\\Output\\ConsoleOutput))
#42 /storage/emulated/0/Download/university-portal-backend  (2)/vendor/laravel/framework/src/Illuminate/Foundation/Console/Kernel.php(198): Symfony\\Component\\Console\\Application->run(Object(Symfony\\Component\\Console\\Input\\ArgvInput), Object(Symfony\\Component\\Console\\Output\\ConsoleOutput))
#43 /storage/emulated/0/Download/university-portal-backend  (2)/artisan(12): Illuminate\\Foundation\\Console\\Kernel->handle(Object(Symfony\\Component\\Console\\Input\\ArgvInput), Object(Symfony\\Component\\Console\\Output\\ConsoleOutput))
#44 {main}

[previous exception] [object] (PDOException(code: HY000): SQLSTATE[HY000]: General error: 1830 Column 'marked_by' cannot be NOT NULL: needed in a foreign key constraint 'attendance_marked_by_foreign' SET NULL at /storage/emulated/0/Download/university-portal-backend  (2)/vendor/laravel/framework/src/Illuminate/Database/Connection.php:571)
[stacktrace]
#0 /storage/emulated/0/Download/university-portal-backend  (2)/vendor/laravel/framework/src/Illuminate/Database/Connection.php(571): PDOStatement->execute()
#1 /storage/emulated/0/Download/university-portal-backend  (2)/vendor/laravel/framework/src/Illuminate/Database/Connection.php(812): Illuminate\\Database\\Connection->{closure:Illuminate\\Database\\Connection::statement():560}('alter table `at...', Array)
#2 /storage/emulated/0/Download/university-portal-backend  (2)/vendor/laravel/framework/src/Illuminate/Database/Connection.php(779): Illuminate\\Database\\Connection->runQueryCallback('alter table `at...', Array, Object(Closure))
#3 /storage/emulated/0/Download/university-portal-backend  (2)/vendor/laravel/framework/src/Illuminate/Database/Connection.php(560): Illuminate\\Database\\Connection->run('alter table `at...', Array, Object(Closure))
#4 /storage/emulated/0/Download/university-portal-backend  (2)/vendor/laravel/framework/src/Illuminate/Database/Schema/Blueprint.php(118): Illuminate\\Database\\Connection->statement('alter table `at...')
#5 /storage/emulated/0/Download/university-portal-backend  (2)/vendor/laravel/framework/src/Illuminate/Database/Schema/Builder.php(564): Illuminate\\Database\\Schema\\Blueprint->build(Object(Illuminate\\Database\\MySqlConnection), Object(Illuminate\\Database\\Schema\\Grammars\\MySqlGrammar))
#6 /storage/emulated/0/Download/university-portal-backend  (2)/vendor/laravel/framework/src/Illuminate/Database/Schema/Builder.php(418): Illuminate\\Database\\Schema\\Builder->build(Object(Illuminate\\Database\\Schema\\Blueprint))
#7 /storage/emulated/0/Download/university-portal-backend  (2)/vendor/laravel/framework/src/Illuminate/Support/Facades/Facade.php(361): Illuminate\\Database\\Schema\\Builder->create('attendance', Object(Closure))
#8 /storage/emulated/0/Download/university-portal-backend  (2)/database/migrations/2024_01_01_000005_create_attendance_table.php(7): Illuminate\\Support\\Facades\\Facade::__callStatic('create', Array)
#9 /storage/emulated/0/Download/university-portal-backend  (2)/vendor/laravel/framework/src/Illuminate/Database/Migrations/Migrator.php(507): Illuminate\\Database\\Migrations\\Migration@anonymous->up()
#10 /storage/emulated/0/Download/university-portal-backend  (2)/vendor/laravel/framework/src/Illuminate/Database/Migrations/Migrator.php(432): Illuminate\\Database\\Migrations\\Migrator->runMethod(Object(Illuminate\\Database\\MySqlConnection), Object(Illuminate\\Database\\Migrations\\Migration@anonymous), 'up')
#11 /storage/emulated/0/Download/university-portal-backend  (2)/vendor/laravel/framework/src/Illuminate/Database/Migrations/Migrator.php(441): Illuminate\\Database\\Migrations\\Migrator->{closure:Illuminate\\Database\\Migrations\\Migrator::runMigration():428}()
#12 /storage/emulated/0/Download/university-portal-backend  (2)/vendor/laravel/framework/src/Illuminate/Database/Migrations/Migrator.php(244): Illuminate\\Database\\Migrations\\Migrator->runMigration(Object(Illuminate\\Database\\Migrations\\Migration@anonymous), 'up')
#13 /storage/emulated/0/Download/university-portal-backend  (2)/vendor/laravel/framework/src/Illuminate/Console/View/Components/Task.php(40): Illuminate\\Database\\Migrations\\Migrator->{closure:Illuminate\\Database\\Migrations\\Migrator::runUp():244}()
#14 /storage/emulated/0/Download/university-portal-backend  (2)/vendor/laravel/framework/src/Illuminate/Database/Migrations/Migrator.php(798): Illuminate\\Console\\View\\Components\\Task->render('2024_01_01_0000...', Object(Closure))
#15 /storage/emulated/0/Download/university-portal-backend  (2)/vendor/laravel/framework/src/Illuminate/Database/Migrations/Migrator.php(244): Illuminate\\Database\\Migrations\\Migrator->write('Illuminate\\\\Cons...', '2024_01_01_0000...', Object(Closure))
#16 /storage/emulated/0/Download/university-portal-backend  (2)/vendor/laravel/framework/src/Illuminate/Database/Migrations/Migrator.php(211): Illuminate\\Database\\Migrations\\Migrator->runUp('/storage/emulat...', 1, false)
#17 /storage/emulated/0/Download/university-portal-backend  (2)/vendor/laravel/framework/src/Illuminate/Database/Migrations/Migrator.php(138): Illuminate\\Database\\Migrations\\Migrator->runPending(Array, Array)
#18 /storage/emulated/0/Download/university-portal-backend  (2)/vendor/laravel/framework/src/Illuminate/Database/Console/Migrations/MigrateCommand.php(117): Illuminate\\Database\\Migrations\\Migrator->run(Array, Array)
#19 /storage/emulated/0/Download/university-portal-backend  (2)/vendor/laravel/framework/src/Illuminate/Database/Migrations/Migrator.php(658): Illuminate\\Database\\Console\\Migrations\\MigrateCommand->{closure:Illuminate\\Database\\Console\\Migrations\\MigrateCommand::runMigrations():110}()
#20 /storage/emulated/0/Download/university-portal-backend  (2)/vendor/laravel/framework/src/Illuminate/Database/Console/Migrations/MigrateCommand.php(110): Illuminate\\Database\\Migrations\\Migrator->usingConnection(NULL, Object(Closure))
#21 /storage/emulated/0/Download/university-portal-backend  (2)/vendor/laravel/framework/src/Illuminate/Database/Console/Migrations/MigrateCommand.php(89): Illuminate\\Database\\Console\\Migrations\\MigrateCommand->runMigrations()
#22 /storage/emulated/0/Download/university-portal-backend  (2)/vendor/laravel/framework/src/Illuminate/Container/BoundMethod.php(36): Illuminate\\Database\\Console\\Migrations\\MigrateCommand->handle()
#23 /storage/emulated/0/Download/university-portal-backend  (2)/vendor/laravel/framework/src/Illuminate/Container/Util.php(43): Illuminate\\Container\\BoundMethod::{closure:Illuminate\\Container\\BoundMethod::call():35}()
#24 /storage/emulated/0/Download/university-portal-backend  (2)/vendor/laravel/framework/src/Illuminate/Container/BoundMethod.php(95): Illuminate\\Container\\Util::unwrapIfClosure(Object(Closure))
#25 /storage/emulated/0/Download/university-portal-backend  (2)/vendor/laravel/framework/src/Illuminate/Container/BoundMethod.php(35): Illuminate\\Container\\BoundMethod::callBoundMethod(Object(Illuminate\\Foundation\\Application), Array, Object(Closure))
#26 /storage/emulated/0/Download/university-portal-backend  (2)/vendor/laravel/framework/src/Illuminate/Container/Container.php(696): Illuminate\\Container\\BoundMethod::call(Object(Illuminate\\Foundation\\Application), Array, Array, NULL)
#27 /storage/emulated/0/Download/university-portal-backend  (2)/vendor/laravel/framework/src/Illuminate/Console/Command.php(213): Illuminate\\Container\\Container->call(Array)
#28 /storage/emulated/0/Download/university-portal-backend  (2)/vendor/symfony/console/Command/Command.php(341): Illuminate\\Console\\Command->execute(Object(Symfony\\Component\\Console\\Input\\ArrayInput), Object(Illuminate\\Console\\OutputStyle))
#29 /storage/emulated/0/Download/university-portal-backend  (2)/vendor/laravel/framework/src/Illuminate/Console/Command.php(182): Symfony\\Component\\Console\\Command\\Command->run(Object(Symfony\\Component\\Console\\Input\\ArrayInput), Object(Illuminate\\Console\\OutputStyle))
#30 /storage/emulated/0/Download/university-portal-backend  (2)/vendor/laravel/framework/src/Illuminate/Console/Concerns/CallsCommands.php(68): Illuminate\\Console\\Command->run(Object(Symfony\\Component\\Console\\Input\\ArrayInput), Object(Illuminate\\Console\\OutputStyle))
#31 /storage/emulated/0/Download/university-portal-backend  (2)/vendor/laravel/framework/src/Illuminate/Console/Concerns/CallsCommands.php(29): Illuminate\\Console\\Command->runCommand('migrate', Array, Object(Illuminate\\Console\\OutputStyle))
#32 /storage/emulated/0/Download/university-portal-backend  (2)/vendor/laravel/framework/src/Illuminate/Database/Console/Migrations/FreshCommand.php(82): Illuminate\\Console\\Command->call('migrate', Array)
#33 /storage/emulated/0/Download/university-portal-backend  (2)/vendor/laravel/framework/src/Illuminate/Container/BoundMethod.php(36): Illuminate\\Database\\Console\\Migrations\\FreshCommand->handle()
#34 /storage/emulated/0/Download/university-portal-backend  (2)/vendor/laravel/framework/src/Illuminate/Container/Util.php(43): Illuminate\\Container\\BoundMethod::{closure:Illuminate\\Container\\BoundMethod::call():35}()
#35 /storage/emulated/0/Download/university-portal-backend  (2)/vendor/laravel/framework/src/Illuminate/Container/BoundMethod.php(95): Illuminate\\Container\\Util::unwrapIfClosure(Object(Closure))
#36 /storage/emulated/0/Download/university-portal-backend  (2)/vendor/laravel/framework/src/Illuminate/Container/BoundMethod.php(35): Illuminate\\Container\\BoundMethod::callBoundMethod(Object(Illuminate\\Foundation\\Application), Array, Object(Closure))
#37 /storage/emulated/0/Download/university-portal-backend  (2)/vendor/laravel/framework/src/Illuminate/Container/Container.php(696): Illuminate\\Container\\BoundMethod::call(Object(Illuminate\\Foundation\\Application), Array, Array, NULL)
#38 /storage/emulated/0/Download/university-portal-backend  (2)/vendor/laravel/framework/src/Illuminate/Console/Command.php(213): Illuminate\\Container\\Container->call(Array)
#39 /storage/emulated/0/Download/university-portal-backend  (2)/vendor/symfony/console/Command/Command.php(341): Illuminate\\Console\\Command->execute(Object(Symfony\\Component\\Console\\Input\\ArgvInput), Object(Illuminate\\Console\\OutputStyle))
#40 /storage/emulated/0/Download/university-portal-backend  (2)/vendor/laravel/framework/src/Illuminate/Console/Command.php(182): Symfony\\Component\\Console\\Command\\Command->run(Object(Symfony\\Component\\Console\\Input\\ArgvInput), Object(Illuminate\\Console\\OutputStyle))
#41 /storage/emulated/0/Download/university-portal-backend  (2)/vendor/symfony/console/Application.php(1117): Illuminate\\Console\\Command->run(Object(Symfony\\Component\\Console\\Input\\ArgvInput), Object(Symfony\\Component\\Console\\Output\\ConsoleOutput))
#42 /storage/emulated/0/Download/university-portal-backend  (2)/vendor/symfony/console/Application.php(356): Symfony\\Component\\Console\\Application->doRunCommand(Object(Illuminate\\Database\\Console\\Migrations\\FreshCommand), Object(Symfony\\Component\\Console\\Input\\ArgvInput), Object(Symfony\\Component\\Console\\Output\\ConsoleOutput))
#43 /storage/emulated/0/Download/university-portal-backend  (2)/vendor/symfony/console/Application.php(195): Symfony\\Component\\Console\\Application->doRun(Object(Symfony\\Component\\Console\\Input\\ArgvInput), Object(Symfony\\Component\\Console\\Output\\ConsoleOutput))
#44 /storage/emulated/0/Download/university-portal-backend  (2)/vendor/laravel/framework/src/Illuminate/Foundation/Console/Kernel.php(198): Symfony\\Component\\Console\\Application->run(Object(Symfony\\Component\\Console\\Input\\ArgvInput), Object(Symfony\\Component\\Console\\Output\\ConsoleOutput))
#45 /storage/emulated/0/Download/university-portal-backend  (2)/artisan(12): Illuminate\\Foundation\\Console\\Kernel->handle(Object(Symfony\\Component\\Console\\Input\\ArgvInput), Object(Symfony\\Component\\Console\\Output\\ConsoleOutput))
#46 {main}
"} 
[2026-08-01 16:45:19] production.ERROR: SQLSTATE[42S02]: Base table or view not found: 1146 Table 'university_portal.roles' doesn't exist (Connection: mysql, SQL: select * from `roles` where `name` = admin and `guard_name` = web limit 1) {"exception":"[object] (Illuminate\\Database\\QueryException(code: 42S02): SQLSTATE[42S02]: Base table or view not found: 1146 Table 'university_portal.roles' doesn't exist (Connection: mysql, SQL: select * from `roles` where `name` = admin and `guard_name` = web limit 1) at /storage/emulated/0/Download/university-portal-backend  (2)/vendor/laravel/framework/src/Illuminate/Database/Connection.php:825)
[stacktrace]
#0 /storage/emulated/0/Download/university-portal-backend  (2)/vendor/laravel/framework/src/Illuminate/Database/Connection.php(779): Illuminate\\Database\\Connection->runQueryCallback('select * from `...', Array, Object(Closure))
#1 /storage/emulated/0/Download/university-portal-backend  (2)/vendor/laravel/framework/src/Illuminate/Database/Connection.php(398): Illuminate\\Database\\Connection->run('select * from `...', Array, Object(Closure))
#2 /storage/emulated/0/Download/university-portal-backend  (2)/vendor/laravel/framework/src/Illuminate/Database/Query/Builder.php(3106): Illuminate\\Database\\Connection->select('select * from `...', Array, true)
#3 /storage/emulated/0/Download/university-portal-backend  (2)/vendor/laravel/framework/src/Illuminate/Database/Query/Builder.php(3091): Illuminate\\Database\\Query\\Builder->runSelect()
#4 /storage/emulated/0/Download/university-portal-backend  (2)/vendor/laravel/framework/src/Illuminate/Database/Query/Builder.php(3676): Illuminate\\Database\\Query\\Builder->{closure:Illuminate\\Database\\Query\\Builder::get():3090}()
#5 /storage/emulated/0/Download/university-portal-backend  (2)/vendor/laravel/framework/src/Illuminate/Database/Query/Builder.php(3090): Illuminate\\Database\\Query\\Builder->onceWithColumns(Array, Object(Closure))
#6 /storage/emulated/0/Download/university-portal-backend  (2)/vendor/laravel/framework/src/Illuminate/Database/Eloquent/Builder.php(811): Illuminate\\Database\\Query\\Builder->get(Array)
#7 /storage/emulated/0/Download/university-portal-backend  (2)/vendor/laravel/framework/src/Illuminate/Database/Eloquent/Builder.php(793): Illuminate\\Database\\Eloquent\\Builder->getModels(Array)
#8 /storage/emulated/0/Download/university-portal-backend  (2)/vendor/laravel/framework/src/Illuminate/Database/Concerns/BuildsQueries.php(343): Illuminate\\Database\\Eloquent\\Builder->get(Array)
#9 /storage/emulated/0/Download/university-portal-backend  (2)/vendor/spatie/laravel-permission/src/Models/Role.php(187): Illuminate\\Database\\Eloquent\\Builder->first()
#10 /storage/emulated/0/Download/university-portal-backend  (2)/vendor/spatie/laravel-permission/src/Models/Role.php(63): Spatie\\Permission\\Models\\Role::findByParam(Array)
#11 /storage/emulated/0/Download/university-portal-backend  (2)/database/seeders/UserSeeder.php(13): Spatie\\Permission\\Models\\Role::create(Array)
#12 /storage/emulated/0/Download/university-portal-backend  (2)/vendor/laravel/framework/src/Illuminate/Container/BoundMethod.php(36): Database\\Seeders\\UserSeeder->run()
#13 /storage/emulated/0/Download/university-portal-backend  (2)/vendor/laravel/framework/src/Illuminate/Container/Util.php(43): Illuminate\\Container\\BoundMethod::{closure:Illuminate\\Container\\BoundMethod::call():35}()
#14 /storage/emulated/0/Download/university-portal-backend  (2)/vendor/laravel/framework/src/Illuminate/Container/BoundMethod.php(95): Illuminate\\Container\\Util::unwrapIfClosure(Object(Closure))
#15 /storage/emulated/0/Download/university-portal-backend  (2)/vendor/laravel/framework/src/Illuminate/Container/BoundMethod.php(35): Illuminate\\Container\\BoundMethod::callBoundMethod(Object(Illuminate\\Foundation\\Application), Array, Object(Closure))
#16 /storage/emulated/0/Download/university-portal-backend  (2)/vendor/laravel/framework/src/Illuminate/Container/Container.php(696): Illuminate\\Container\\BoundMethod::call(Object(Illuminate\\Foundation\\Application), Array, Array, NULL)
#17 /storage/emulated/0/Download/university-portal-backend  (2)/vendor/laravel/framework/src/Illuminate/Database/Seeder.php(188): Illuminate\\Container\\Container->call(Array, Array)
#18 /storage/emulated/0/Download/university-portal-backend  (2)/vendor/laravel/framework/src/Illuminate/Database/Seeder.php(197): Illuminate\\Database\\Seeder->{closure:Illuminate\\Database\\Seeder::__invoke():187}()
#19 /storage/emulated/0/Download/university-portal-backend  (2)/vendor/laravel/framework/src/Illuminate/Database/Seeder.php(61): Illuminate\\Database\\Seeder->__invoke(Array)
#20 /storage/emulated/0/Download/university-portal-backend  (2)/database/seeders/DatabaseSeeder.php(11): Illuminate\\Database\\Seeder->call('Database\\\\Seeder...')
#21 /storage/emulated/0/Download/university-portal-backend  (2)/vendor/laravel/framework/src/Illuminate/Container/BoundMethod.php(36): Database\\Seeders\\DatabaseSeeder->run()
#22 /storage/emulated/0/Download/university-portal-backend  (2)/vendor/laravel/framework/src/Illuminate/Container/Util.php(43): Illuminate\\Container\\BoundMethod::{closure:Illuminate\\Container\\BoundMethod::call():35}()
#23 /storage/emulated/0/Download/university-portal-backend  (2)/vendor/laravel/framework/src/Illuminate/Container/BoundMethod.php(95): Illuminate\\Container\\Util::unwrapIfClosure(Object(Closure))
#24 /storage/emulated/0/Download/university-portal-backend  (2)/vendor/laravel/framework/src/Illuminate/Container/BoundMethod.php(35): Illuminate\\Container\\BoundMethod::callBoundMethod(Object(Illuminate\\Foundation\\Application), Array, Object(Closure))
#25 /storage/emulated/0/Download/university-portal-backend  (2)/vendor/laravel/framework/src/Illuminate/Container/Container.php(696): Illuminate\\Container\\BoundMethod::call(Object(Illuminate\\Foundation\\Application), Array, Array, NULL)
#26 /storage/emulated/0/Download/university-portal-backend  (2)/vendor/laravel/framework/src/Illuminate/Database/Seeder.php(188): Illuminate\\Container\\Container->call(Array, Array)
#27 /storage/emulated/0/Download/university-portal-backend  (2)/vendor/laravel/framework/src/Illuminate/Database/Seeder.php(197): Illuminate\\Database\\Seeder->{closure:Illuminate\\Database\\Seeder::__invoke():187}()
#28 /storage/emulated/0/Download/university-portal-backend  (2)/vendor/laravel/framework/src/Illuminate/Database/Console/Seeds/SeedCommand.php(70): Illuminate\\Database\\Seeder->__invoke()
#29 /storage/emulated/0/Download/university-portal-backend  (2)/vendor/laravel/framework/src/Illuminate/Database/Eloquent/Concerns/GuardsAttributes.php(155): Illuminate\\Database\\Console\\Seeds\\SeedCommand->{closure:Illuminate\\Database\\Console\\Seeds\\SeedCommand::handle():69}()
#30 /storage/emulated/0/Download/university-portal-backend  (2)/vendor/laravel/framework/src/Illuminate/Database/Console/Seeds/SeedCommand.php(69): Illuminate\\Database\\Eloquent\\Model::unguarded(Object(Closure))
#31 /storage/emulated/0/Download/university-portal-backend  (2)/vendor/laravel/framework/src/Illuminate/Container/BoundMethod.php(36): Illuminate\\Database\\Console\\Seeds\\SeedCommand->handle()
#32 /storage/emulated/0/Download/university-portal-backend  (2)/vendor/laravel/framework/src/Illuminate/Container/Util.php(43): Illuminate\\Container\\BoundMethod::{closure:Illuminate\\Container\\BoundMethod::call():35}()
#33 /storage/emulated/0/Download/university-portal-backend  (2)/vendor/laravel/framework/src/Illuminate/Container/BoundMethod.php(95): Illuminate\\Container\\Util::unwrapIfClosure(Object(Closure))
#34 /storage/emulated/0/Download/university-portal-backend  (2)/vendor/laravel/framework/src/Illuminate/Container/BoundMethod.php(35): Illuminate\\Container\\BoundMethod::callBoundMethod(Object(Illuminate\\Foundation\\Application), Array, Object(Closure))
#35 /storage/emulated/0/Download/university-portal-backend  (2)/vendor/laravel/framework/src/Illuminate/Container/Container.php(696): Illuminate\\Container\\BoundMethod::call(Object(Illuminate\\Foundation\\Application), Array, Array, NULL)
#36 /storage/emulated/0/Download/university-portal-backend  (2)/vendor/laravel/framework/src/Illuminate/Console/Command.php(213): Illuminate\\Container\\Container->call(Array)
#37 /storage/emulated/0/Download/university-portal-backend  (2)/vendor/symfony/console/Command/Command.php(341): Illuminate\\Console\\Command->execute(Object(Symfony\\Component\\Console\\Input\\ArrayInput), Object(Illuminate\\Console\\OutputStyle))
#38 /storage/emulated/0/Download/university-portal-backend  (2)/vendor/laravel/framework/src/Illuminate/Console/Command.php(182): Symfony\\Component\\Console\\Command\\Command->run(Object(Symfony\\Component\\Console\\Input\\ArrayInput), Object(Illuminate\\Console\\OutputStyle))
#39 /storage/emulated/0/Download/university-portal-backend  (2)/vendor/laravel/framework/src/Illuminate/Console/Concerns/CallsCommands.php(68): Illuminate\\Console\\Command->run(Object(Symfony\\Component\\Console\\Input\\ArrayInput), Object(Illuminate\\Console\\OutputStyle))
#40 /storage/emulated/0/Download/university-portal-backend  (2)/vendor/laravel/framework/src/Illuminate/Console/Concerns/CallsCommands.php(29): Illuminate\\Console\\Command->runCommand('db:seed', Array, Object(Illuminate\\Console\\OutputStyle))
#41 /storage/emulated/0/Download/university-portal-backend  (2)/vendor/laravel/framework/src/Illuminate/Database/Console/Migrations/FreshCommand.php(122): Illuminate\\Console\\Command->call('db:seed', Array)
#42 /storage/emulated/0/Download/university-portal-backend  (2)/vendor/laravel/framework/src/Illuminate/Database/Console/Migrations/FreshCommand.php(98): Illuminate\\Database\\Console\\Migrations\\FreshCommand->runSeeder(NULL)
#43 /storage/emulated/0/Download/university-portal-backend  (2)/vendor/laravel/framework/src/Illuminate/Container/BoundMethod.php(36): Illuminate\\Database\\Console\\Migrations\\FreshCommand->handle()
#44 /storage/emulated/0/Download/university-portal-backend  (2)/vendor/laravel/framework/src/Illuminate/Container/Util.php(43): Illuminate\\Container\\BoundMethod::{closure:Illuminate\\Container\\BoundMethod::call():35}()
#45 /storage/emulated/0/Download/university-portal-backend  (2)/vendor/laravel/framework/src/Illuminate/Container/BoundMethod.php(95): Illuminate\\Container\\Util::unwrapIfClosure(Object(Closure))
#46 /storage/emulated/0/Download/university-portal-backend  (2)/vendor/laravel/framework/src/Illuminate/Container/BoundMethod.php(35): Illuminate\\Container\\BoundMethod::callBoundMethod(Object(Illuminate\\Foundation\\Application), Array, Object(Closure))
#47 /storage/emulated/0/Download/university-portal-backend  (2)/vendor/laravel/framework/src/Illuminate/Container/Container.php(696): Illuminate\\Container\\BoundMethod::call(Object(Illuminate\\Foundation\\Application), Array, Array, NULL)
#48 /storage/emulated/0/Download/university-portal-backend  (2)/vendor/laravel/framework/src/Illuminate/Console/Command.php(213): Illuminate\\Container\\Container->call(Array)
#49 /storage/emulated/0/Download/university-portal-backend  (2)/vendor/symfony/console/Command/Command.php(341): Illuminate\\Console\\Command->execute(Object(Symfony\\Component\\Console\\Input\\ArgvInput), Object(Illuminate\\Console\\OutputStyle))
#50 /storage/emulated/0/Download/university-portal-backend  (2)/vendor/laravel/framework/src/Illuminate/Console/Command.php(182): Symfony\\Component\\Console\\Command\\Command->run(Object(Symfony\\Component\\Console\\Input\\ArgvInput), Object(Illuminate\\Console\\OutputStyle))
#51 /storage/emulated/0/Download/university-portal-backend  (2)/vendor/symfony/console/Application.php(1117): Illuminate\\Console\\Command->run(Object(Symfony\\Component\\Console\\Input\\ArgvInput), Object(Symfony\\Component\\Console\\Output\\ConsoleOutput))
#52 /storage/emulated/0/Download/university-portal-backend  (2)/vendor/symfony/console/Application.php(356): Symfony\\Component\\Console\\Application->doRunCommand(Object(Illuminate\\Database\\Console\\Migrations\\FreshCommand), Object(Symfony\\Component\\Console\\Input\\ArgvInput), Object(Symfony\\Component\\Console\\Output\\ConsoleOutput))
#53 /storage/emulated/0/Download/university-portal-backend  (2)/vendor/symfony/console/Application.php(195): Symfony\\Component\\Console\\Application->doRun(Object(Symfony\\Component\\Console\\Input\\ArgvInput), Object(Symfony\\Component\\Console\\Output\\ConsoleOutput))
#54 /storage/emulated/0/Download/university-portal-backend  (2)/vendor/laravel/framework/src/Illuminate/Foundation/Console/Kernel.php(198): Symfony\\Component\\Console\\Application->run(Object(Symfony\\Component\\Console\\Input\\ArgvInput), Object(Symfony\\Component\\Console\\Output\\ConsoleOutput))
#55 /storage/emulated/0/Download/university-portal-backend  (2)/artisan(12): Illuminate\\Foundation\\Console\\Kernel->handle(Object(Symfony\\Component\\Console\\Input\\ArgvInput), Object(Symfony\\Component\\Console\\Output\\ConsoleOutput))
#56 {main}

[previous exception] [object] (PDOException(code: 42S02): SQLSTATE[42S02]: Base table or view not found: 1146 Table 'university_portal.roles' doesn't exist at /storage/emulated/0/Download/university-portal-backend  (2)/vendor/laravel/framework/src/Illuminate/Database/Connection.php:407)
[stacktrace]
#0 /storage/emulated/0/Download/university-portal-backend  (2)/vendor/laravel/framework/src/Illuminate/Database/Connection.php(407): PDO->prepare('select * from `...')
#1 /storage/emulated/0/Download/university-portal-backend  (2)/vendor/laravel/framework/src/Illuminate/Database/Connection.php(812): Illuminate\\Database\\Connection->{closure:Illuminate\\Database\\Connection::select():398}('select * from `...', Array)
#2 /storage/emulated/0/Download/university-portal-backend  (2)/vendor/laravel/framework/src/Illuminate/Database/Connection.php(779): Illuminate\\Database\\Connection->runQueryCallback('select * from `...', Array, Object(Closure))
#3 /storage/emulated/0/Download/university-portal-backend  (2)/vendor/laravel/framework/src/Illuminate/Database/Connection.php(398): Illuminate\\Database\\Connection->run('select * from `...', Array, Object(Closure))
#4 /storage/emulated/0/Download/university-portal-backend  (2)/vendor/laravel/framework/src/Illuminate/Database/Query/Builder.php(3106): Illuminate\\Database\\Connection->select('select * from `...', Array, true)
#5 /storage/emulated/0/Download/university-portal-backend  (2)/vendor/laravel/framework/src/Illuminate/Database/Query/Builder.php(3091): Illuminate\\Database\\Query\\Builder->runSelect()
#6 /storage/emulated/0/Download/university-portal-backend  (2)/vendor/laravel/framework/src/Illuminate/Database/Query/Builder.php(3676): Illuminate\\Database\\Query\\Builder->{closure:Illuminate\\Database\\Query\\Builder::get():3090}()
#7 /storage/emulated/0/Download/university-portal-backend  (2)/vendor/laravel/framework/src/Illuminate/Database/Query/Builder.php(3090): Illuminate\\Database\\Query\\Builder->onceWithColumns(Array, Object(Closure))
#8 /storage/emulated/0/Download/university-portal-backend  (2)/vendor/laravel/framework/src/Illuminate/Database/Eloquent/Builder.php(811): Illuminate\\Database\\Query\\Builder->get(Array)
#9 /storage/emulated/0/Download/university-portal-backend  (2)/vendor/laravel/framework/src/Illuminate/Database/Eloquent/Builder.php(793): Illuminate\\Database\\Eloquent\\Builder->getModels(Array)
#10 /storage/emulated/0/Download/university-portal-backend  (2)/vendor/laravel/framework/src/Illuminate/Database/Concerns/BuildsQueries.php(343): Illuminate\\Database\\Eloquent\\Builder->get(Array)
#11 /storage/emulated/0/Download/university-portal-backend  (2)/vendor/spatie/laravel-permission/src/Models/Role.php(187): Illuminate\\Database\\Eloquent\\Builder->first()
#12 /storage/emulated/0/Download/university-portal-backend  (2)/vendor/spatie/laravel-permission/src/Models/Role.php(63): Spatie\\Permission\\Models\\Role::findByParam(Array)
#13 /storage/emulated/0/Download/university-portal-backend  (2)/database/seeders/UserSeeder.php(13): Spatie\\Permission\\Models\\Role::create(Array)
#14 /storage/emulated/0/Download/university-portal-backend  (2)/vendor/laravel/framework/src/Illuminate/Container/BoundMethod.php(36): Database\\Seeders\\UserSeeder->run()
#15 /storage/emulated/0/Download/university-portal-backend  (2)/vendor/laravel/framework/src/Illuminate/Container/Util.php(43): Illuminate\\Container\\BoundMethod::{closure:Illuminate\\Container\\BoundMethod::call():35}()
#16 /storage/emulated/0/Download/university-portal-backend  (2)/vendor/laravel/framework/src/Illuminate/Container/BoundMethod.php(95): Illuminate\\Container\\Util::unwrapIfClosure(Object(Closure))
#17 /storage/emulated/0/Download/university-portal-backend  (2)/vendor/laravel/framework/src/Illuminate/Container/BoundMethod.php(35): Illuminate\\Container\\BoundMethod::callBoundMethod(Object(Illuminate\\Foundation\\Application), Array, Object(Closure))
#18 /storage/emulated/0/Download/university-portal-backend  (2)/vendor/laravel/framework/src/Illuminate/Container/Container.php(696): Illuminate\\Container\\BoundMethod::call(Object(Illuminate\\Foundation\\Application), Array, Array, NULL)
#19 /storage/emulated/0/Download/university-portal-backend  (2)/vendor/laravel/framework/src/Illuminate/Database/Seeder.php(188): Illuminate\\Container\\Container->call(Array, Array)
#20 /storage/emulated/0/Download/university-portal-backend  (2)/vendor/laravel/framework/src/Illuminate/Database/Seeder.php(197): Illuminate\\Database\\Seeder->{closure:Illuminate\\Database\\Seeder::__invoke():187}()
#21 /storage/emulated/0/Download/university-portal-backend  (2)/vendor/laravel/framework/src/Illuminate/Database/Seeder.php(61): Illuminate\\Database\\Seeder->__invoke(Array)
#22 /storage/emulated/0/Download/university-portal-backend  (2)/database/seeders/DatabaseSeeder.php(11): Illuminate\\Database\\Seeder->call('Database\\\\Seeder...')
#23 /storage/emulated/0/Download/university-portal-backend  (2)/vendor/laravel/framework/src/Illuminate/Container/BoundMethod.php(36): Database\\Seeders\\DatabaseSeeder->run()
#24 /storage/emulated/0/Download/university-portal-backend  (2)/vendor/laravel/framework/src/Illuminate/Container/Util.php(43): Illuminate\\Container\\BoundMethod::{closure:Illuminate\\Container\\BoundMethod::call():35}()
#25 /storage/emulated/0/Download/university-portal-backend  (2)/vendor/laravel/framework/src/Illuminate/Container/BoundMethod.php(95): Illuminate\\Container\\Util::unwrapIfClosure(Object(Closure))
#26 /storage/emulated/0/Download/university-portal-backend  (2)/vendor/laravel/framework/src/Illuminate/Container/BoundMethod.php(35): Illuminate\\Container\\BoundMethod::callBoundMethod(Object(Illuminate\\Foundation\\Application), Array, Object(Closure))
#27 /storage/emulated/0/Download/university-portal-backend  (2)/vendor/laravel/framework/src/Illuminate/Container/Container.php(696): Illuminate\\Container\\BoundMethod::call(Object(Illuminate\\Foundation\\Application), Array, Array, NULL)
#28 /storage/emulated/0/Download/university-portal-backend  (2)/vendor/laravel/framework/src/Illuminate/Database/Seeder.php(188): Illuminate\\Container\\Container->call(Array, Array)
#29 /storage/emulated/0/Download/university-portal-backend  (2)/vendor/laravel/framework/src/Illuminate/Database/Seeder.php(197): Illuminate\\Database\\Seeder->{closure:Illuminate\\Database\\Seeder::__invoke():187}()
#30 /storage/emulated/0/Download/university-portal-backend  (2)/vendor/laravel/framework/src/Illuminate/Database/Console/Seeds/SeedCommand.php(70): Illuminate\\Database\\Seeder->__invoke()
#31 /storage/emulated/0/Download/university-portal-backend  (2)/vendor/laravel/framework/src/Illuminate/Database/Eloquent/Concerns/GuardsAttributes.php(155): Illuminate\\Database\\Console\\Seeds\\SeedCommand->{closure:Illuminate\\Database\\Console\\Seeds\\SeedCommand::handle():69}()
#32 /storage/emulated/0/Download/university-portal-backend  (2)/vendor/laravel/framework/src/Illuminate/Database/Console/Seeds/SeedCommand.php(69): Illuminate\\Database\\Eloquent\\Model::unguarded(Object(Closure))
#33 /storage/emulated/0/Download/university-portal-backend  (2)/vendor/laravel/framework/src/Illuminate/Container/BoundMethod.php(36): Illuminate\\Database\\Console\\Seeds\\SeedCommand->handle()
#34 /storage/emulated/0/Download/university-portal-backend  (2)/vendor/laravel/framework/src/Illuminate/Container/Util.php(43): Illuminate\\Container\\BoundMethod::{closure:Illuminate\\Container\\BoundMethod::call():35}()
#35 /storage/emulated/0/Download/university-portal-backend  (2)/vendor/laravel/framework/src/Illuminate/Container/BoundMethod.php(95): Illuminate\\Container\\Util::unwrapIfClosure(Object(Closure))
#36 /storage/emulated/0/Download/university-portal-backend  (2)/vendor/laravel/framework/src/Illuminate/Container/BoundMethod.php(35): Illuminate\\Container\\BoundMethod::callBoundMethod(Object(Illuminate\\Foundation\\Application), Array, Object(Closure))
#37 /storage/emulated/0/Download/university-portal-backend  (2)/vendor/laravel/framework/src/Illuminate/Container/Container.php(696): Illuminate\\Container\\BoundMethod::call(Object(Illuminate\\Foundation\\Application), Array, Array, NULL)
#38 /storage/emulated/0/Download/university-portal-backend  (2)/vendor/laravel/framework/src/Illuminate/Console/Command.php(213): Illuminate\\Container\\Container->call(Array)
#39 /storage/emulated/0/Download/university-portal-backend  (2)/vendor/symfony/console/Command/Command.php(341): Illuminate\\Console\\Command->execute(Object(Symfony\\Component\\Console\\Input\\ArrayInput), Object(Illuminate\\Console\\OutputStyle))
#40 /storage/emulated/0/Download/university-portal-backend  (2)/vendor/laravel/framework/src/Illuminate/Console/Command.php(182): Symfony\\Component\\Console\\Command\\Command->run(Object(Symfony\\Component\\Console\\Input\\ArrayInput), Object(Illuminate\\Console\\OutputStyle))
#41 /storage/emulated/0/Download/university-portal-backend  (2)/vendor/laravel/framework/src/Illuminate/Console/Concerns/CallsCommands.php(68): Illuminate\\Console\\Command->run(Object(Symfony\\Component\\Console\\Input\\ArrayInput), Object(Illuminate\\Console\\OutputStyle))
#42 /storage/emulated/0/Download/university-portal-backend  (2)/vendor/laravel/framework/src/Illuminate/Console/Concerns/CallsCommands.php(29): Illuminate\\Console\\Command->runCommand('db:seed', Array, Object(Illuminate\\Console\\OutputStyle))
#43 /storage/emulated/0/Download/university-portal-backend  (2)/vendor/laravel/framework/src/Illuminate/Database/Console/Migrations/FreshCommand.php(122): Illuminate\\Console\\Command->call('db:seed', Array)
#44 /storage/emulated/0/Download/university-portal-backend  (2)/vendor/laravel/framework/src/Illuminate/Database/Console/Migrations/FreshCommand.php(98): Illuminate\\Database\\Console\\Migrations\\FreshCommand->runSeeder(NULL)
#45 /storage/emulated/0/Download/university-portal-backend  (2)/vendor/laravel/framework/src/Illuminate/Container/BoundMethod.php(36): Illuminate\\Database\\Console\\Migrations\\FreshCommand->handle()
#46 /storage/emulated/0/Download/university-portal-backend  (2)/vendor/laravel/framework/src/Illuminate/Container/Util.php(43): Illuminate\\Container\\BoundMethod::{closure:Illuminate\\Container\\BoundMethod::call():35}()
#47 /storage/emulated/0/Download/university-portal-backend  (2)/vendor/laravel/framework/src/Illuminate/Container/BoundMethod.php(95): Illuminate\\Container\\Util::unwrapIfClosure(Object(Closure))
#48 /storage/emulated/0/Download/university-portal-backend  (2)/vendor/laravel/framework/src/Illuminate/Container/BoundMethod.php(35): Illuminate\\Container\\BoundMethod::callBoundMethod(Object(Illuminate\\Foundation\\Application), Array, Object(Closure))
#49 /storage/emulated/0/Download/university-portal-backend  (2)/vendor/laravel/framework/src/Illuminate/Container/Container.php(696): Illuminate\\Container\\BoundMethod::call(Object(Illuminate\\Foundation\\Application), Array, Array, NULL)
#50 /storage/emulated/0/Download/university-portal-backend  (2)/vendor/laravel/framework/src/Illuminate/Console/Command.php(213): Illuminate\\Container\\Container->call(Array)
#51 /storage/emulated/0/Download/university-portal-backend  (2)/vendor/symfony/console/Command/Command.php(341): Illuminate\\Console\\Command->execute(Object(Symfony\\Component\\Console\\Input\\ArgvInput), Object(Illuminate\\Console\\OutputStyle))
#52 /storage/emulated/0/Download/university-portal-backend  (2)/vendor/laravel/framework/src/Illuminate/Console/Command.php(182): Symfony\\Component\\Console\\Command\\Command->run(Object(Symfony\\Component\\Console\\Input\\ArgvInput), Object(Illuminate\\Console\\OutputStyle))
#53 /storage/emulated/0/Download/university-portal-backend  (2)/vendor/symfony/console/Application.php(1117): Illuminate\\Console\\Command->run(Object(Symfony\\Component\\Console\\Input\\ArgvInput), Object(Symfony\\Component\\Console\\Output\\ConsoleOutput))
#54 /storage/emulated/0/Download/university-portal-backend  (2)/vendor/symfony/console/Application.php(356): Symfony\\Component\\Console\\Application->doRunCommand(Object(Illuminate\\Database\\Console\\Migrations\\FreshCommand), Object(Symfony\\Component\\Console\\Input\\ArgvInput), Object(Symfony\\Component\\Console\\Output\\ConsoleOutput))
#55 /storage/emulated/0/Download/university-portal-backend  (2)/vendor/symfony/console/Application.php(195): Symfony\\Component\\Console\\Application->doRun(Object(Symfony\\Component\\Console\\Input\\ArgvInput), Object(Symfony\\Component\\Console\\Output\\ConsoleOutput))
#56 /storage/emulated/0/Download/university-portal-backend  (2)/vendor/laravel/framework/src/Illuminate/Foundation/Console/Kernel.php(198): Symfony\\Component\\Console\\Application->run(Object(Symfony\\Component\\Console\\Input\\ArgvInput), Object(Symfony\\Component\\Console\\Output\\ConsoleOutput))
#57 /storage/emulated/0/Download/university-portal-backend  (2)/artisan(12): Illuminate\\Foundation\\Console\\Kernel->handle(Object(Symfony\\Component\\Console\\Input\\ArgvInput), Object(Symfony\\Component\\Console\\Output\\ConsoleOutput))
#58 {main}
"} 
[2026-08-01 16:47:00] production.ERROR: SQLSTATE[42S02]: Base table or view not found: 1146 Table 'university_portal.cache' doesn't exist (Connection: mysql, SQL: delete from `cache` where `key` in (university_portal_cache_spatie.permission.cache, university_portal_cache_illuminate:cache:flexible:created:spatie.permission.cache)) {"exception":"[object] (Illuminate\\Database\\QueryException(code: 42S02): SQLSTATE[42S02]: Base table or view not found: 1146 Table 'university_portal.cache' doesn't exist (Connection: mysql, SQL: delete from `cache` where `key` in (university_portal_cache_spatie.permission.cache, university_portal_cache_illuminate:cache:flexible:created:spatie.permission.cache)) at /storage/emulated/0/Download/university-portal-backend  (2)/vendor/laravel/framework/src/Illuminate/Database/Connection.php:825)
[stacktrace]
#0 /storage/emulated/0/Download/university-portal-backend  (2)/vendor/laravel/framework/src/Illuminate/Database/Connection.php(779): Illuminate\\Database\\Connection->runQueryCallback('delete from `ca...', Array, Object(Closure))
#1 /storage/emulated/0/Download/university-portal-backend  (2)/vendor/laravel/framework/src/Illuminate/Database/Connection.php(584): Illuminate\\Database\\Connection->run('delete from `ca...', Array, Object(Closure))
#2 /storage/emulated/0/Download/university-portal-backend  (2)/vendor/laravel/framework/src/Illuminate/Database/Connection.php(548): Illuminate\\Database\\Connection->affectingStatement('delete from `ca...', Array)
#3 /storage/emulated/0/Download/university-portal-backend  (2)/vendor/laravel/framework/src/Illuminate/Database/Query/Builder.php(4024): Illuminate\\Database\\Connection->delete('delete from `ca...', Array)
#4 /storage/emulated/0/Download/university-portal-backend  (2)/vendor/laravel/framework/src/Illuminate/Cache/DatabaseStore.php(387): Illuminate\\Database\\Query\\Builder->delete()
#5 /storage/emulated/0/Download/university-portal-backend  (2)/vendor/laravel/framework/src/Illuminate/Cache/DatabaseStore.php(362): Illuminate\\Cache\\DatabaseStore->forgetMany(Array)
#6 /storage/emulated/0/Download/university-portal-backend  (2)/vendor/laravel/framework/src/Illuminate/Cache/Repository.php(534): Illuminate\\Cache\\DatabaseStore->forget('spatie.permissi...')
#7 /storage/emulated/0/Download/university-portal-backend  (2)/database/migrations/2026_08_01_164621_create_permission_tables.php(116): Illuminate\\Cache\\Repository->forget('spatie.permissi...')
#8 /storage/emulated/0/Download/university-portal-backend  (2)/vendor/laravel/framework/src/Illuminate/Database/Migrations/Migrator.php(507): Illuminate\\Database\\Migrations\\Migration@anonymous->up()
#9 /storage/emulated/0/Download/university-portal-backend  (2)/vendor/laravel/framework/src/Illuminate/Database/Migrations/Migrator.php(432): Illuminate\\Database\\Migrations\\Migrator->runMethod(Object(Illuminate\\Database\\MySqlConnection), Object(Illuminate\\Database\\Migrations\\Migration@anonymous), 'up')
#10 /storage/emulated/0/Download/university-portal-backend  (2)/vendor/laravel/framework/src/Illuminate/Database/Migrations/Migrator.php(441): Illuminate\\Database\\Migrations\\Migrator->{closure:Illuminate\\Database\\Migrations\\Migrator::runMigration():428}()
#11 /storage/emulated/0/Download/university-portal-backend  (2)/vendor/laravel/framework/src/Illuminate/Database/Migrations/Migrator.php(244): Illuminate\\Database\\Migrations\\Migrator->runMigration(Object(Illuminate\\Database\\Migrations\\Migration@anonymous), 'up')
#12 /storage/emulated/0/Download/university-portal-backend  (2)/vendor/laravel/framework/src/Illuminate/Console/View/Components/Task.php(40): Illuminate\\Database\\Migrations\\Migrator->{closure:Illuminate\\Database\\Migrations\\Migrator::runUp():244}()
#13 /storage/emulated/0/Download/university-portal-backend  (2)/vendor/laravel/framework/src/Illuminate/Database/Migrations/Migrator.php(798): Illuminate\\Console\\View\\Components\\Task->render('2026_08_01_1646...', Object(Closure))
#14 /storage/emulated/0/Download/university-portal-backend  (2)/vendor/laravel/framework/src/Illuminate/Database/Migrations/Migrator.php(244): Illuminate\\Database\\Migrations\\Migrator->write('Illuminate\\\\Cons...', '2026_08_01_1646...', Object(Closure))
#15 /storage/emulated/0/Download/university-portal-backend  (2)/vendor/laravel/framework/src/Illuminate/Database/Migrations/Migrator.php(211): Illuminate\\Database\\Migrations\\Migrator->runUp('/storage/emulat...', 2, false)
#16 /storage/emulated/0/Download/university-portal-backend  (2)/vendor/laravel/framework/src/Illuminate/Database/Migrations/Migrator.php(138): Illuminate\\Database\\Migrations\\Migrator->runPending(Array, Array)
#17 /storage/emulated/0/Download/university-portal-backend  (2)/vendor/laravel/framework/src/Illuminate/Database/Console/Migrations/MigrateCommand.php(117): Illuminate\\Database\\Migrations\\Migrator->run(Array, Array)
#18 /storage/emulated/0/Download/university-portal-backend  (2)/vendor/laravel/framework/src/Illuminate/Database/Migrations/Migrator.php(658): Illuminate\\Database\\Console\\Migrations\\MigrateCommand->{closure:Illuminate\\Database\\Console\\Migrations\\MigrateCommand::runMigrations():110}()
#19 /storage/emulated/0/Download/university-portal-backend  (2)/vendor/laravel/framework/src/Illuminate/Database/Console/Migrations/MigrateCommand.php(110): Illuminate\\Database\\Migrations\\Migrator->usingConnection(NULL, Object(Closure))
#20 /storage/emulated/0/Download/university-portal-backend  (2)/vendor/laravel/framework/src/Illuminate/Database/Console/Migrations/MigrateCommand.php(89): Illuminate\\Database\\Console\\Migrations\\MigrateCommand->runMigrations()
#21 /storage/emulated/0/Download/university-portal-backend  (2)/vendor/laravel/framework/src/Illuminate/Container/BoundMethod.php(36): Illuminate\\Database\\Console\\Migrations\\MigrateCommand->handle()
#22 /storage/emulated/0/Download/university-portal-backend  (2)/vendor/laravel/framework/src/Illuminate/Container/Util.php(43): Illuminate\\Container\\BoundMethod::{closure:Illuminate\\Container\\BoundMethod::call():35}()
#23 /storage/emulated/0/Download/university-portal-backend  (2)/vendor/laravel/framework/src/Illuminate/Container/BoundMethod.php(95): Illuminate\\Container\\Util::unwrapIfClosure(Object(Closure))
#24 /storage/emulated/0/Download/university-portal-backend  (2)/vendor/laravel/framework/src/Illuminate/Container/BoundMethod.php(35): Illuminate\\Container\\BoundMethod::callBoundMethod(Object(Illuminate\\Foundation\\Application), Array, Object(Closure))
#25 /storage/emulated/0/Download/university-portal-backend  (2)/vendor/laravel/framework/src/Illuminate/Container/Container.php(696): Illuminate\\Container\\BoundMethod::call(Object(Illuminate\\Foundation\\Application), Array, Array, NULL)
#26 /storage/emulated/0/Download/university-portal-backend  (2)/vendor/laravel/framework/src/Illuminate/Console/Command.php(213): Illuminate\\Container\\Container->call(Array)
#27 /storage/emulated/0/Download/university-portal-backend  (2)/vendor/symfony/console/Command/Command.php(341): Illuminate\\Console\\Command->execute(Object(Symfony\\Component\\Console\\Input\\ArgvInput), Object(Illuminate\\Console\\OutputStyle))
#28 /storage/emulated/0/Download/university-portal-backend  (2)/vendor/laravel/framework/src/Illuminate/Console/Command.php(182): Symfony\\Component\\Console\\Command\\Command->run(Object(Symfony\\Component\\Console\\Input\\ArgvInput), Object(Illuminate\\Console\\OutputStyle))
#29 /storage/emulated/0/Download/university-portal-backend  (2)/vendor/symfony/console/Application.php(1117): Illuminate\\Console\\Command->run(Object(Symfony\\Component\\Console\\Input\\ArgvInput), Object(Symfony\\Component\\Console\\Output\\ConsoleOutput))
#30 /storage/emulated/0/Download/university-portal-backend  (2)/vendor/symfony/console/Application.php(356): Symfony\\Component\\Console\\Application->doRunCommand(Object(Illuminate\\Database\\Console\\Migrations\\MigrateCommand), Object(Symfony\\Component\\Console\\Input\\ArgvInput), Object(Symfony\\Component\\Console\\Output\\ConsoleOutput))
#31 /storage/emulated/0/Download/university-portal-backend  (2)/vendor/symfony/console/Application.php(195): Symfony\\Component\\Console\\Application->doRun(Object(Symfony\\Component\\Console\\Input\\ArgvInput), Object(Symfony\\Component\\Console\\Output\\ConsoleOutput))
#32 /storage/emulated/0/Download/university-portal-backend  (2)/vendor/laravel/framework/src/Illuminate/Foundation/Console/Kernel.php(198): Symfony\\Component\\Console\\Application->run(Object(Symfony\\Component\\Console\\Input\\ArgvInput), Object(Symfony\\Component\\Console\\Output\\ConsoleOutput))
#33 /storage/emulated/0/Download/university-portal-backend  (2)/artisan(12): Illuminate\\Foundation\\Console\\Kernel->handle(Object(Symfony\\Component\\Console\\Input\\ArgvInput), Object(Symfony\\Component\\Console\\Output\\ConsoleOutput))
#34 {main}

[previous exception] [object] (PDOException(code: 42S02): SQLSTATE[42S02]: Base table or view not found: 1146 Table 'university_portal.cache' doesn't exist at /storage/emulated/0/Download/university-portal-backend  (2)/vendor/laravel/framework/src/Illuminate/Database/Connection.php:592)
[stacktrace]
#0 /storage/emulated/0/Download/university-portal-backend  (2)/vendor/laravel/framework/src/Illuminate/Database/Connection.php(592): PDO->prepare('delete from `ca...')
#1 /storage/emulated/0/Download/university-portal-backend  (2)/vendor/laravel/framework/src/Illuminate/Database/Connection.php(812): Illuminate\\Database\\Connection->{closure:Illuminate\\Database\\Connection::affectingStatement():584}('delete from `ca...', Array)
#2 /storage/emulated/0/Download/university-portal-backend  (2)/vendor/laravel/framework/src/Illuminate/Database/Connection.php(779): Illuminate\\Database\\Connection->runQueryCallback('delete from `ca...', Array, Object(Closure))
#3 /storage/emulated/0/Download/university-portal-backend  (2)/vendor/laravel/framework/src/Illuminate/Database/Connection.php(584): Illuminate\\Database\\Connection->run('delete from `ca...', Array, Object(Closure))
#4 /storage/emulated/0/Download/university-portal-backend  (2)/vendor/laravel/framework/src/Illuminate/Database/Connection.php(548): Illuminate\\Database\\Connection->affectingStatement('delete from `ca...', Array)
#5 /storage/emulated/0/Download/university-portal-backend  (2)/vendor/laravel/framework/src/Illuminate/Database/Query/Builder.php(4024): Illuminate\\Database\\Connection->delete('delete from `ca...', Array)
#6 /storage/emulated/0/Download/university-portal-backend  (2)/vendor/laravel/framework/src/Illuminate/Cache/DatabaseStore.php(387): Illuminate\\Database\\Query\\Builder->delete()
#7 /storage/emulated/0/Download/university-portal-backend  (2)/vendor/laravel/framework/src/Illuminate/Cache/DatabaseStore.php(362): Illuminate\\Cache\\DatabaseStore->forgetMany(Array)
#8 /storage/emulated/0/Download/university-portal-backend  (2)/vendor/laravel/framework/src/Illuminate/Cache/Repository.php(534): Illuminate\\Cache\\DatabaseStore->forget('spatie.permissi...')
#9 /storage/emulated/0/Download/university-portal-backend  (2)/database/migrations/2026_08_01_164621_create_permission_tables.php(116): Illuminate\\Cache\\Repository->forget('spatie.permissi...')
#10 /storage/emulated/0/Download/university-portal-backend  (2)/vendor/laravel/framework/src/Illuminate/Database/Migrations/Migrator.php(507): Illuminate\\Database\\Migrations\\Migration@anonymous->up()
#11 /storage/emulated/0/Download/university-portal-backend  (2)/vendor/laravel/framework/src/Illuminate/Database/Migrations/Migrator.php(432): Illuminate\\Database\\Migrations\\Migrator->runMethod(Object(Illuminate\\Database\\MySqlConnection), Object(Illuminate\\Database\\Migrations\\Migration@anonymous), 'up')
#12 /storage/emulated/0/Download/university-portal-backend  (2)/vendor/laravel/framework/src/Illuminate/Database/Migrations/Migrator.php(441): Illuminate\\Database\\Migrations\\Migrator->{closure:Illuminate\\Database\\Migrations\\Migrator::runMigration():428}()
#13 /storage/emulated/0/Download/university-portal-backend  (2)/vendor/laravel/framework/src/Illuminate/Database/Migrations/Migrator.php(244): Illuminate\\Database\\Migrations\\Migrator->runMigration(Object(Illuminate\\Database\\Migrations\\Migration@anonymous), 'up')
#14 /storage/emulated/0/Download/university-portal-backend  (2)/vendor/laravel/framework/src/Illuminate/Console/View/Components/Task.php(40): Illuminate\\Database\\Migrations\\Migrator->{closure:Illuminate\\Database\\Migrations\\Migrator::runUp():244}()
#15 /storage/emulated/0/Download/university-portal-backend  (2)/vendor/laravel/framework/src/Illuminate/Database/Migrations/Migrator.php(798): Illuminate\\Console\\View\\Components\\Task->render('2026_08_01_1646...', Object(Closure))
#16 /storage/emulated/0/Download/university-portal-backend  (2)/vendor/laravel/framework/src/Illuminate/Database/Migrations/Migrator.php(244): Illuminate\\Database\\Migrations\\Migrator->write('Illuminate\\\\Cons...', '2026_08_01_1646...', Object(Closure))
#17 /storage/emulated/0/Download/university-portal-backend  (2)/vendor/laravel/framework/src/Illuminate/Database/Migrations/Migrator.php(211): Illuminate\\Database\\Migrations\\Migrator->runUp('/storage/emulat...', 2, false)
#18 /storage/emulated/0/Download/university-portal-backend  (2)/vendor/laravel/framework/src/Illuminate/Database/Migrations/Migrator.php(138): Illuminate\\Database\\Migrations\\Migrator->runPending(Array, Array)
#19 /storage/emulated/0/Download/university-portal-backend  (2)/vendor/laravel/framework/src/Illuminate/Database/Console/Migrations/MigrateCommand.php(117): Illuminate\\Database\\Migrations\\Migrator->run(Array, Array)
#20 /storage/emulated/0/Download/university-portal-backend  (2)/vendor/laravel/framework/src/Illuminate/Database/Migrations/Migrator.php(658): Illuminate\\Database\\Console\\Migrations\\MigrateCommand->{closure:Illuminate\\Database\\Console\\Migrations\\MigrateCommand::runMigrations():110}()
#21 /storage/emulated/0/Download/university-portal-backend  (2)/vendor/laravel/framework/src/Illuminate/Database/Console/Migrations/MigrateCommand.php(110): Illuminate\\Database\\Migrations\\Migrator->usingConnection(NULL, Object(Closure))
#22 /storage/emulated/0/Download/university-portal-backend  (2)/vendor/laravel/framework/src/Illuminate/Database/Console/Migrations/MigrateCommand.php(89): Illuminate\\Database\\Console\\Migrations\\MigrateCommand->runMigrations()
#23 /storage/emulated/0/Download/university-portal-backend  (2)/vendor/laravel/framework/src/Illuminate/Container/BoundMethod.php(36): Illuminate\\Database\\Console\\Migrations\\MigrateCommand->handle()
#24 /storage/emulated/0/Download/university-portal-backend  (2)/vendor/laravel/framework/src/Illuminate/Container/Util.php(43): Illuminate\\Container\\BoundMethod::{closure:Illuminate\\Container\\BoundMethod::call():35}()
#25 /storage/emulated/0/Download/university-portal-backend  (2)/vendor/laravel/framework/src/Illuminate/Container/BoundMethod.php(95): Illuminate\\Container\\Util::unwrapIfClosure(Object(Closure))
#26 /storage/emulated/0/Download/university-portal-backend  (2)/vendor/laravel/framework/src/Illuminate/Container/BoundMethod.php(35): Illuminate\\Container\\BoundMethod::callBoundMethod(Object(Illuminate\\Foundation\\Application), Array, Object(Closure))
#27 /storage/emulated/0/Download/university-portal-backend  (2)/vendor/laravel/framework/src/Illuminate/Container/Container.php(696): Illuminate\\Container\\BoundMethod::call(Object(Illuminate\\Foundation\\Application), Array, Array, NULL)
#28 /storage/emulated/0/Download/university-portal-backend  (2)/vendor/laravel/framework/src/Illuminate/Console/Command.php(213): Illuminate\\Container\\Container->call(Array)
#29 /storage/emulated/0/Download/university-portal-backend  (2)/vendor/symfony/console/Command/Command.php(341): Illuminate\\Console\\Command->execute(Object(Symfony\\Component\\Console\\Input\\ArgvInput), Object(Illuminate\\Console\\OutputStyle))
#30 /storage/emulated/0/Download/university-portal-backend  (2)/vendor/laravel/framework/src/Illuminate/Console/Command.php(182): Symfony\\Component\\Console\\Command\\Command->run(Object(Symfony\\Component\\Console\\Input\\ArgvInput), Object(Illuminate\\Console\\OutputStyle))
#31 /storage/emulated/0/Download/university-portal-backend  (2)/vendor/symfony/console/Application.php(1117): Illuminate\\Console\\Command->run(Object(Symfony\\Component\\Console\\Input\\ArgvInput), Object(Symfony\\Component\\Console\\Output\\ConsoleOutput))
#32 /storage/emulated/0/Download/university-portal-backend  (2)/vendor/symfony/console/Application.php(356): Symfony\\Component\\Console\\Application->doRunCommand(Object(Illuminate\\Database\\Console\\Migrations\\MigrateCommand), Object(Symfony\\Component\\Console\\Input\\ArgvInput), Object(Symfony\\Component\\Console\\Output\\ConsoleOutput))
#33 /storage/emulated/0/Download/university-portal-backend  (2)/vendor/symfony/console/Application.php(195): Symfony\\Component\\Console\\Application->doRun(Object(Symfony\\Component\\Console\\Input\\ArgvInput), Object(Symfony\\Component\\Console\\Output\\ConsoleOutput))
#34 /storage/emulated/0/Download/university-portal-backend  (2)/vendor/laravel/framework/src/Illuminate/Foundation/Console/Kernel.php(198): Symfony\\Component\\Console\\Application->run(Object(Symfony\\Component\\Console\\Input\\ArgvInput), Object(Symfony\\Component\\Console\\Output\\ConsoleOutput))
#35 /storage/emulated/0/Download/university-portal-backend  (2)/artisan(12): Illuminate\\Foundation\\Console\\Kernel->handle(Object(Symfony\\Component\\Console\\Input\\ArgvInput), Object(Symfony\\Component\\Console\\Output\\ConsoleOutput))
#36 {main}
"} 
[2026-08-01 16:47:06] production.ERROR: SQLSTATE[42S02]: Base table or view not found: 1146 Table 'university_portal.cache' doesn't exist (Connection: mysql, SQL: delete from `cache` where `key` in (university_portal_cache_spatie.permission.cache, university_portal_cache_illuminate:cache:flexible:created:spatie.permission.cache)) {"exception":"[object] (Illuminate\\Database\\QueryException(code: 42S02): SQLSTATE[42S02]: Base table or view not found: 1146 Table 'university_portal.cache' doesn't exist (Connection: mysql, SQL: delete from `cache` where `key` in (university_portal_cache_spatie.permission.cache, university_portal_cache_illuminate:cache:flexible:created:spatie.permission.cache)) at /storage/emulated/0/Download/university-portal-backend  (2)/vendor/laravel/framework/src/Illuminate/Database/Connection.php:825)
[stacktrace]
#0 /storage/emulated/0/Download/university-portal-backend  (2)/vendor/laravel/framework/src/Illuminate/Database/Connection.php(779): Illuminate\\Database\\Connection->runQueryCallback('delete from `ca...', Array, Object(Closure))
#1 /storage/emulated/0/Download/university-portal-backend  (2)/vendor/laravel/framework/src/Illuminate/Database/Connection.php(584): Illuminate\\Database\\Connection->run('delete from `ca...', Array, Object(Closure))
#2 /storage/emulated/0/Download/university-portal-backend  (2)/vendor/laravel/framework/src/Illuminate/Database/Connection.php(548): Illuminate\\Database\\Connection->affectingStatement('delete from `ca...', Array)
#3 /storage/emulated/0/Download/university-portal-backend  (2)/vendor/laravel/framework/src/Illuminate/Database/Query/Builder.php(4024): Illuminate\\Database\\Connection->delete('delete from `ca...', Array)
#4 /storage/emulated/0/Download/university-portal-backend  (2)/vendor/laravel/framework/src/Illuminate/Cache/DatabaseStore.php(387): Illuminate\\Database\\Query\\Builder->delete()
#5 /storage/emulated/0/Download/university-portal-backend  (2)/vendor/laravel/framework/src/Illuminate/Cache/DatabaseStore.php(362): Illuminate\\Cache\\DatabaseStore->forgetMany(Array)
#6 /storage/emulated/0/Download/university-portal-backend  (2)/vendor/laravel/framework/src/Illuminate/Cache/Repository.php(534): Illuminate\\Cache\\DatabaseStore->forget('spatie.permissi...')
#7 /storage/emulated/0/Download/university-portal-backend  (2)/vendor/spatie/laravel-permission/src/PermissionRegistrar.php(145): Illuminate\\Cache\\Repository->forget('spatie.permissi...')
#8 /storage/emulated/0/Download/university-portal-backend  (2)/vendor/spatie/laravel-permission/src/Traits/RefreshesPermissionCache.php(12): Spatie\\Permission\\PermissionRegistrar->forgetCachedPermissions()
#9 /storage/emulated/0/Download/university-portal-backend  (2)/vendor/laravel/framework/src/Illuminate/Events/Dispatcher.php(459): Spatie\\Permission\\Models\\Role::{closure:Spatie\\Permission\\Traits\\RefreshesPermissionCache::bootRefreshesPermissionCache():11}(Object(Spatie\\Permission\\Models\\Role))
#10 /storage/emulated/0/Download/university-portal-backend  (2)/vendor/laravel/framework/src/Illuminate/Events/Dispatcher.php(287): Illuminate\\Events\\Dispatcher->{closure:Illuminate\\Events\\Dispatcher::makeListener():454}('eloquent.saved:...', Array)
#11 /storage/emulated/0/Download/university-portal-backend  (2)/vendor/laravel/framework/src/Illuminate/Events/Dispatcher.php(267): Illuminate\\Events\\Dispatcher->invokeListeners('eloquent.saved:...', Array, false)
#12 /storage/emulated/0/Download/university-portal-backend  (2)/vendor/laravel/framework/src/Illuminate/Database/Eloquent/Concerns/HasEvents.php(224): Illuminate\\Events\\Dispatcher->dispatch('eloquent.saved:...', Array)
#13 /storage/emulated/0/Download/university-portal-backend  (2)/vendor/laravel/framework/src/Illuminate/Database/Eloquent/Model.php(1202): Illuminate\\Database\\Eloquent\\Model->fireModelEvent('saved', false)
#14 /storage/emulated/0/Download/university-portal-backend  (2)/vendor/laravel/framework/src/Illuminate/Database/Eloquent/Model.php(1175): Illuminate\\Database\\Eloquent\\Model->finishSave(Array)
#15 /storage/emulated/0/Download/university-portal-backend  (2)/vendor/laravel/framework/src/Illuminate/Database/Eloquent/Builder.php(1128): Illuminate\\Database\\Eloquent\\Model->save()
#16 /storage/emulated/0/Download/university-portal-backend  (2)/vendor/laravel/framework/src/Illuminate/Support/helpers.php(399): Illuminate\\Database\\Eloquent\\Builder->{closure:Illuminate\\Database\\Eloquent\\Builder::create():1127}(Object(Spatie\\Permission\\Models\\Role))
#17 /storage/emulated/0/Download/university-portal-backend  (2)/vendor/laravel/framework/src/Illuminate/Database/Eloquent/Builder.php(1127): tap(Object(Spatie\\Permission\\Models\\Role), Object(Closure))
#18 /storage/emulated/0/Download/university-portal-backend  (2)/vendor/spatie/laravel-permission/src/Models/Role.php(67): Illuminate\\Database\\Eloquent\\Builder->create(Array)
#19 /storage/emulated/0/Download/university-portal-backend  (2)/database/seeders/UserSeeder.php(13): Spatie\\Permission\\Models\\Role::create(Array)
#20 /storage/emulated/0/Download/university-portal-backend  (2)/vendor/laravel/framework/src/Illuminate/Container/BoundMethod.php(36): Database\\Seeders\\UserSeeder->run()
#21 /storage/emulated/0/Download/university-portal-backend  (2)/vendor/laravel/framework/src/Illuminate/Container/Util.php(43): Illuminate\\Container\\BoundMethod::{closure:Illuminate\\Container\\BoundMethod::call():35}()
#22 /storage/emulated/0/Download/university-portal-backend  (2)/vendor/laravel/framework/src/Illuminate/Container/BoundMethod.php(95): Illuminate\\Container\\Util::unwrapIfClosure(Object(Closure))
#23 /storage/emulated/0/Download/university-portal-backend  (2)/vendor/laravel/framework/src/Illuminate/Container/BoundMethod.php(35): Illuminate\\Container\\BoundMethod::callBoundMethod(Object(Illuminate\\Foundation\\Application), Array, Object(Closure))
#24 /storage/emulated/0/Download/university-portal-backend  (2)/vendor/laravel/framework/src/Illuminate/Container/Container.php(696): Illuminate\\Container\\BoundMethod::call(Object(Illuminate\\Foundation\\Application), Array, Array, NULL)
#25 /storage/emulated/0/Download/university-portal-backend  (2)/vendor/laravel/framework/src/Illuminate/Database/Seeder.php(188): Illuminate\\Container\\Container->call(Array, Array)
#26 /storage/emulated/0/Download/university-portal-backend  (2)/vendor/laravel/framework/src/Illuminate/Database/Seeder.php(197): Illuminate\\Database\\Seeder->{closure:Illuminate\\Database\\Seeder::__invoke():187}()
#27 /storage/emulated/0/Download/university-portal-backend  (2)/vendor/laravel/framework/src/Illuminate/Database/Seeder.php(61): Illuminate\\Database\\Seeder->__invoke(Array)
#28 /storage/emulated/0/Download/university-portal-backend  (2)/database/seeders/DatabaseSeeder.php(11): Illuminate\\Database\\Seeder->call('Database\\\\Seeder...')
#29 /storage/emulated/0/Download/university-portal-backend  (2)/vendor/laravel/framework/src/Illuminate/Container/BoundMethod.php(36): Database\\Seeders\\DatabaseSeeder->run()
#30 /storage/emulated/0/Download/university-portal-backend  (2)/vendor/laravel/framework/src/Illuminate/Container/Util.php(43): Illuminate\\Container\\BoundMethod::{closure:Illuminate\\Container\\BoundMethod::call():35}()
#31 /storage/emulated/0/Download/university-portal-backend  (2)/vendor/laravel/framework/src/Illuminate/Container/BoundMethod.php(95): Illuminate\\Container\\Util::unwrapIfClosure(Object(Closure))
#32 /storage/emulated/0/Download/university-portal-backend  (2)/vendor/laravel/framework/src/Illuminate/Container/BoundMethod.php(35): Illuminate\\Container\\BoundMethod::callBoundMethod(Object(Illuminate\\Foundation\\Application), Array, Object(Closure))
#33 /storage/emulated/0/Download/university-portal-backend  (2)/vendor/laravel/framework/src/Illuminate/Container/Container.php(696): Illuminate\\Container\\BoundMethod::call(Object(Illuminate\\Foundation\\Application), Array, Array, NULL)
#34 /storage/emulated/0/Download/university-portal-backend  (2)/vendor/laravel/framework/src/Illuminate/Database/Seeder.php(188): Illuminate\\Container\\Container->call(Array, Array)
#35 /storage/emulated/0/Download/university-portal-backend  (2)/vendor/laravel/framework/src/Illuminate/Database/Seeder.php(197): Illuminate\\Database\\Seeder->{closure:Illuminate\\Database\\Seeder::__invoke():187}()
#36 /storage/emulated/0/Download/university-portal-backend  (2)/vendor/laravel/framework/src/Illuminate/Database/Console/Seeds/SeedCommand.php(70): Illuminate\\Database\\Seeder->__invoke()
#37 /storage/emulated/0/Download/university-portal-backend  (2)/vendor/laravel/framework/src/Illuminate/Database/Eloquent/Concerns/GuardsAttributes.php(155): Illuminate\\Database\\Console\\Seeds\\SeedCommand->{closure:Illuminate\\Database\\Console\\Seeds\\SeedCommand::handle():69}()
#38 /storage/emulated/0/Download/university-portal-backend  (2)/vendor/laravel/framework/src/Illuminate/Database/Console/Seeds/SeedCommand.php(69): Illuminate\\Database\\Eloquent\\Model::unguarded(Object(Closure))
#39 /storage/emulated/0/Download/university-portal-backend  (2)/vendor/laravel/framework/src/Illuminate/Container/BoundMethod.php(36): Illuminate\\Database\\Console\\Seeds\\SeedCommand->handle()
#40 /storage/emulated/0/Download/university-portal-backend  (2)/vendor/laravel/framework/src/Illuminate/Container/Util.php(43): Illuminate\\Container\\BoundMethod::{closure:Illuminate\\Container\\BoundMethod::call():35}()
#41 /storage/emulated/0/Download/university-portal-backend  (2)/vendor/laravel/framework/src/Illuminate/Container/BoundMethod.php(95): Illuminate\\Container\\Util::unwrapIfClosure(Object(Closure))
#42 /storage/emulated/0/Download/university-portal-backend  (2)/vendor/laravel/framework/src/Illuminate/Container/BoundMethod.php(35): Illuminate\\Container\\BoundMethod::callBoundMethod(Object(Illuminate\\Foundation\\Application), Array, Object(Closure))
#43 /storage/emulated/0/Download/university-portal-backend  (2)/vendor/laravel/framework/src/Illuminate/Container/Container.php(696): Illuminate\\Container\\BoundMethod::call(Object(Illuminate\\Foundation\\Application), Array, Array, NULL)
#44 /storage/emulated/0/Download/university-portal-backend  (2)/vendor/laravel/framework/src/Illuminate/Console/Command.php(213): Illuminate\\Container\\Container->call(Array)
#45 /storage/emulated/0/Download/university-portal-backend  (2)/vendor/symfony/console/Command/Command.php(341): Illuminate\\Console\\Command->execute(Object(Symfony\\Component\\Console\\Input\\ArgvInput), Object(Illuminate\\Console\\OutputStyle))
#46 /storage/emulated/0/Download/university-portal-backend  (2)/vendor/laravel/framework/src/Illuminate/Console/Command.php(182): Symfony\\Component\\Console\\Command\\Command->run(Object(Symfony\\Component\\Console\\Input\\ArgvInput), Object(Illuminate\\Console\\OutputStyle))
#47 /storage/emulated/0/Download/university-portal-backend  (2)/vendor/symfony/console/Application.php(1117): Illuminate\\Console\\Command->run(Object(Symfony\\Component\\Console\\Input\\ArgvInput), Object(Symfony\\Component\\Console\\Output\\ConsoleOutput))
#48 /storage/emulated/0/Download/university-portal-backend  (2)/vendor/symfony/console/Application.php(356): Symfony\\Component\\Console\\Application->doRunCommand(Object(Illuminate\\Database\\Console\\Seeds\\SeedCommand), Object(Symfony\\Component\\Console\\Input\\ArgvInput), Object(Symfony\\Component\\Console\\Output\\ConsoleOutput))
#49 /storage/emulated/0/Download/university-portal-backend  (2)/vendor/symfony/console/Application.php(195): Symfony\\Component\\Console\\Application->doRun(Object(Symfony\\Component\\Console\\Input\\ArgvInput), Object(Symfony\\Component\\Console\\Output\\ConsoleOutput))
#50 /storage/emulated/0/Download/university-portal-backend  (2)/vendor/laravel/framework/src/Illuminate/Foundation/Console/Kernel.php(198): Symfony\\Component\\Console\\Application->run(Object(Symfony\\Component\\Console\\Input\\ArgvInput), Object(Symfony\\Component\\Console\\Output\\ConsoleOutput))
#51 /storage/emulated/0/Download/university-portal-backend  (2)/artisan(12): Illuminate\\Foundation\\Console\\Kernel->handle(Object(Symfony\\Component\\Console\\Input\\ArgvInput), Object(Symfony\\Component\\Console\\Output\\ConsoleOutput))
#52 {main}

[previous exception] [object] (PDOException(code: 42S02): SQLSTATE[42S02]: Base table or view not found: 1146 Table 'university_portal.cache' doesn't exist at /storage/emulated/0/Download/university-portal-backend  (2)/vendor/laravel/framework/src/Illuminate/Database/Connection.php:592)
[stacktrace]
#0 /storage/emulated/0/Download/university-portal-backend  (2)/vendor/laravel/framework/src/Illuminate/Database/Connection.php(592): PDO->prepare('delete from `ca...')
#1 /storage/emulated/0/Download/university-portal-backend  (2)/vendor/laravel/framework/src/Illuminate/Database/Connection.php(812): Illuminate\\Database\\Connection->{closure:Illuminate\\Database\\Connection::affectingStatement():584}('delete from `ca...', Array)
#2 /storage/emulated/0/Download/university-portal-backend  (2)/vendor/laravel/framework/src/Illuminate/Database/Connection.php(779): Illuminate\\Database\\Connection->runQueryCallback('delete from `ca...', Array, Object(Closure))
#3 /storage/emulated/0/Download/university-portal-backend  (2)/vendor/laravel/framework/src/Illuminate/Database/Connection.php(584): Illuminate\\Database\\Connection->run('delete from `ca...', Array, Object(Closure))
#4 /storage/emulated/0/Download/university-portal-backend  (2)/vendor/laravel/framework/src/Illuminate/Database/Connection.php(548): Illuminate\\Database\\Connection->affectingStatement('delete from `ca...', Array)
#5 /storage/emulated/0/Download/university-portal-backend  (2)/vendor/laravel/framework/src/Illuminate/Database/Query/Builder.php(4024): Illuminate\\Database\\Connection->delete('delete from `ca...', Array)
#6 /storage/emulated/0/Download/university-portal-backend  (2)/vendor/laravel/framework/src/Illuminate/Cache/DatabaseStore.php(387): Illuminate\\Database\\Query\\Builder->delete()
#7 /storage/emulated/0/Download/university-portal-backend  (2)/vendor/laravel/framework/src/Illuminate/Cache/DatabaseStore.php(362): Illuminate\\Cache\\DatabaseStore->forgetMany(Array)
#8 /storage/emulated/0/Download/university-portal-backend  (2)/vendor/laravel/framework/src/Illuminate/Cache/Repository.php(534): Illuminate\\Cache\\DatabaseStore->forget('spatie.permissi...')
#9 /storage/emulated/0/Download/university-portal-backend  (2)/vendor/spatie/laravel-permission/src/PermissionRegistrar.php(145): Illuminate\\Cache\\Repository->forget('spatie.permissi...')
#10 /storage/emulated/0/Download/university-portal-backend  (2)/vendor/spatie/laravel-permission/src/Traits/RefreshesPermissionCache.php(12): Spatie\\Permission\\PermissionRegistrar->forgetCachedPermissions()
#11 /storage/emulated/0/Download/university-portal-backend  (2)/vendor/laravel/framework/src/Illuminate/Events/Dispatcher.php(459): Spatie\\Permission\\Models\\Role::{closure:Spatie\\Permission\\Traits\\RefreshesPermissionCache::bootRefreshesPermissionCache():11}(Object(Spatie\\Permission\\Models\\Role))
#12 /storage/emulated/0/Download/university-portal-backend  (2)/vendor/laravel/framework/src/Illuminate/Events/Dispatcher.php(287): Illuminate\\Events\\Dispatcher->{closure:Illuminate\\Events\\Dispatcher::makeListener():454}('eloquent.saved:...', Array)
#13 /storage/emulated/0/Download/university-portal-backend  (2)/vendor/laravel/framework/src/Illuminate/Events/Dispatcher.php(267): Illuminate\\Events\\Dispatcher->invokeListeners('eloquent.saved:...', Array, false)
#14 /storage/emulated/0/Download/university-portal-backend  (2)/vendor/laravel/framework/src/Illuminate/Database/Eloquent/Concerns/HasEvents.php(224): Illuminate\\Events\\Dispatcher->dispatch('eloquent.saved:...', Array)
#15 /storage/emulated/0/Download/university-portal-backend  (2)/vendor/laravel/framework/src/Illuminate/Database/Eloquent/Model.php(1202): Illuminate\\Database\\Eloquent\\Model->fireModelEvent('saved', false)
#16 /storage/emulated/0/Download/university-portal-backend  (2)/vendor/laravel/framework/src/Illuminate/Database/Eloquent/Model.php(1175): Illuminate\\Database\\Eloquent\\Model->finishSave(Array)
#17 /storage/emulated/0/Download/university-portal-backend  (2)/vendor/laravel/framework/src/Illuminate/Database/Eloquent/Builder.php(1128): Illuminate\\Database\\Eloquent\\Model->save()
#18 /storage/emulated/0/Download/university-portal-backend  (2)/vendor/laravel/framework/src/Illuminate/Support/helpers.php(399): Illuminate\\Database\\Eloquent\\Builder->{closure:Illuminate\\Database\\Eloquent\\Builder::create():1127}(Object(Spatie\\Permission\\Models\\Role))
#19 /storage/emulated/0/Download/university-portal-backend  (2)/vendor/laravel/framework/src/Illuminate/Database/Eloquent/Builder.php(1127): tap(Object(Spatie\\Permission\\Models\\Role), Object(Closure))
#20 /storage/emulated/0/Download/university-portal-backend  (2)/vendor/spatie/laravel-permission/src/Models/Role.php(67): Illuminate\\Database\\Eloquent\\Builder->create(Array)
#21 /storage/emulated/0/Download/university-portal-backend  (2)/database/seeders/UserSeeder.php(13): Spatie\\Permission\\Models\\Role::create(Array)
#22 /storage/emulated/0/Download/university-portal-backend  (2)/vendor/laravel/framework/src/Illuminate/Container/BoundMethod.php(36): Database\\Seeders\\UserSeeder->run()
#23 /storage/emulated/0/Download/university-portal-backend  (2)/vendor/laravel/framework/src/Illuminate/Container/Util.php(43): Illuminate\\Container\\BoundMethod::{closure:Illuminate\\Container\\BoundMethod::call():35}()
#24 /storage/emulated/0/Download/university-portal-backend  (2)/vendor/laravel/framework/src/Illuminate/Container/BoundMethod.php(95): Illuminate\\Container\\Util::unwrapIfClosure(Object(Closure))
#25 /storage/emulated/0/Download/university-portal-backend  (2)/vendor/laravel/framework/src/Illuminate/Container/BoundMethod.php(35): Illuminate\\Container\\BoundMethod::callBoundMethod(Object(Illuminate\\Foundation\\Application), Array, Object(Closure))
#26 /storage/emulated/0/Download/university-portal-backend  (2)/vendor/laravel/framework/src/Illuminate/Container/Container.php(696): Illuminate\\Container\\BoundMethod::call(Object(Illuminate\\Foundation\\Application), Array, Array, NULL)
#27 /storage/emulated/0/Download/university-portal-backend  (2)/vendor/laravel/framework/src/Illuminate/Database/Seeder.php(188): Illuminate\\Container\\Container->call(Array, Array)
#28 /storage/emulated/0/Download/university-portal-backend  (2)/vendor/laravel/framework/src/Illuminate/Database/Seeder.php(197): Illuminate\\Database\\Seeder->{closure:Illuminate\\Database\\Seeder::__invoke():187}()
#29 /storage/emulated/0/Download/university-portal-backend  (2)/vendor/laravel/framework/src/Illuminate/Database/Seeder.php(61): Illuminate\\Database\\Seeder->__invoke(Array)
#30 /storage/emulated/0/Download/university-portal-backend  (2)/database/seeders/DatabaseSeeder.php(11): Illuminate\\Database\\Seeder->call('Database\\\\Seeder...')
#31 /storage/emulated/0/Download/university-portal-backend  (2)/vendor/laravel/framework/src/Illuminate/Container/BoundMethod.php(36): Database\\Seeders\\DatabaseSeeder->run()
#32 /storage/emulated/0/Download/university-portal-backend  (2)/vendor/laravel/framework/src/Illuminate/Container/Util.php(43): Illuminate\\Container\\BoundMethod::{closure:Illuminate\\Container\\BoundMethod::call():35}()
#33 /storage/emulated/0/Download/university-portal-backend  (2)/vendor/laravel/framework/src/Illuminate/Container/BoundMethod.php(95): Illuminate\\Container\\Util::unwrapIfClosure(Object(Closure))
#34 /storage/emulated/0/Download/university-portal-backend  (2)/vendor/laravel/framework/src/Illuminate/Container/BoundMethod.php(35): Illuminate\\Container\\BoundMethod::callBoundMethod(Object(Illuminate\\Foundation\\Application), Array, Object(Closure))
#35 /storage/emulated/0/Download/university-portal-backend  (2)/vendor/laravel/framework/src/Illuminate/Container/Container.php(696): Illuminate\\Container\\BoundMethod::call(Object(Illuminate\\Foundation\\Application), Array, Array, NULL)
#36 /storage/emulated/0/Download/university-portal-backend  (2)/vendor/laravel/framework/src/Illuminate/Database/Seeder.php(188): Illuminate\\Container\\Container->call(Array, Array)
#37 /storage/emulated/0/Download/university-portal-backend  (2)/vendor/laravel/framework/src/Illuminate/Database/Seeder.php(197): Illuminate\\Database\\Seeder->{closure:Illuminate\\Database\\Seeder::__invoke():187}()
#38 /storage/emulated/0/Download/university-portal-backend  (2)/vendor/laravel/framework/src/Illuminate/Database/Console/Seeds/SeedCommand.php(70): Illuminate\\Database\\Seeder->__invoke()
#39 /storage/emulated/0/Download/university-portal-backend  (2)/vendor/laravel/framework/src/Illuminate/Database/Eloquent/Concerns/GuardsAttributes.php(155): Illuminate\\Database\\Console\\Seeds\\SeedCommand->{closure:Illuminate\\Database\\Console\\Seeds\\SeedCommand::handle():69}()
#40 /storage/emulated/0/Download/university-portal-backend  (2)/vendor/laravel/framework/src/Illuminate/Database/Console/Seeds/SeedCommand.php(69): Illuminate\\Database\\Eloquent\\Model::unguarded(Object(Closure))
#41 /storage/emulated/0/Download/university-portal-backend  (2)/vendor/laravel/framework/src/Illuminate/Container/BoundMethod.php(36): Illuminate\\Database\\Console\\Seeds\\SeedCommand->handle()
#42 /storage/emulated/0/Download/university-portal-backend  (2)/vendor/laravel/framework/src/Illuminate/Container/Util.php(43): Illuminate\\Container\\BoundMethod::{closure:Illuminate\\Container\\BoundMethod::call():35}()
#43 /storage/emulated/0/Download/university-portal-backend  (2)/vendor/laravel/framework/src/Illuminate/Container/BoundMethod.php(95): Illuminate\\Container\\Util::unwrapIfClosure(Object(Closure))
#44 /storage/emulated/0/Download/university-portal-backend  (2)/vendor/laravel/framework/src/Illuminate/Container/BoundMethod.php(35): Illuminate\\Container\\BoundMethod::callBoundMethod(Object(Illuminate\\Foundation\\Application), Array, Object(Closure))
#45 /storage/emulated/0/Download/university-portal-backend  (2)/vendor/laravel/framework/src/Illuminate/Container/Container.php(696): Illuminate\\Container\\BoundMethod::call(Object(Illuminate\\Foundation\\Application), Array, Array, NULL)
#46 /storage/emulated/0/Download/university-portal-backend  (2)/vendor/laravel/framework/src/Illuminate/Console/Command.php(213): Illuminate\\Container\\Container->call(Array)
#47 /storage/emulated/0/Download/university-portal-backend  (2)/vendor/symfony/console/Command/Command.php(341): Illuminate\\Console\\Command->execute(Object(Symfony\\Component\\Console\\Input\\ArgvInput), Object(Illuminate\\Console\\OutputStyle))
#48 /storage/emulated/0/Download/university-portal-backend  (2)/vendor/laravel/framework/src/Illuminate/Console/Command.php(182): Symfony\\Component\\Console\\Command\\Command->run(Object(Symfony\\Component\\Console\\Input\\ArgvInput), Object(Illuminate\\Console\\OutputStyle))
#49 /storage/emulated/0/Download/university-portal-backend  (2)/vendor/symfony/console/Application.php(1117): Illuminate\\Console\\Command->run(Object(Symfony\\Component\\Console\\Input\\ArgvInput), Object(Symfony\\Component\\Console\\Output\\ConsoleOutput))
#50 /storage/emulated/0/Download/university-portal-backend  (2)/vendor/symfony/console/Application.php(356): Symfony\\Component\\Console\\Application->doRunCommand(Object(Illuminate\\Database\\Console\\Seeds\\SeedCommand), Object(Symfony\\Component\\Console\\Input\\ArgvInput), Object(Symfony\\Component\\Console\\Output\\ConsoleOutput))
#51 /storage/emulated/0/Download/university-portal-backend  (2)/vendor/symfony/console/Application.php(195): Symfony\\Component\\Console\\Application->doRun(Object(Symfony\\Component\\Console\\Input\\ArgvInput), Object(Symfony\\Component\\Console\\Output\\ConsoleOutput))
#52 /storage/emulated/0/Download/university-portal-backend  (2)/vendor/laravel/framework/src/Illuminate/Foundation/Console/Kernel.php(198): Symfony\\Component\\Console\\Application->run(Object(Symfony\\Component\\Console\\Input\\ArgvInput), Object(Symfony\\Component\\Console\\Output\\ConsoleOutput))
#53 /storage/emulated/0/Download/university-portal-backend  (2)/artisan(12): Illuminate\\Foundation\\Console\\Kernel->handle(Object(Symfony\\Component\\Console\\Input\\ArgvInput), Object(Symfony\\Component\\Console\\Output\\ConsoleOutput))
#54 {main}
"} 
[2026-08-01 16:55:20] production.ERROR: A role `admin` already exists for guard `web`. {"exception":"[object] (Spatie\\Permission\\Exceptions\\RoleAlreadyExists(code: 0): A role `admin` already exists for guard `web`. at /storage/emulated/0/Download/university-portal-backend  (2)/vendor/spatie/laravel-permission/src/Exceptions/RoleAlreadyExists.php:11)
[stacktrace]
#0 /storage/emulated/0/Download/university-portal-backend  (2)/vendor/spatie/laravel-permission/src/Models/Role.php(64): Spatie\\Permission\\Exceptions\\RoleAlreadyExists::create('admin', 'web')
#1 /storage/emulated/0/Download/university-portal-backend  (2)/database/seeders/UserSeeder.php(13): Spatie\\Permission\\Models\\Role::create(Array)
#2 /storage/emulated/0/Download/university-portal-backend  (2)/vendor/laravel/framework/src/Illuminate/Container/BoundMethod.php(36): Database\\Seeders\\UserSeeder->run()
#3 /storage/emulated/0/Download/university-portal-backend  (2)/vendor/laravel/framework/src/Illuminate/Container/Util.php(43): Illuminate\\Container\\BoundMethod::{closure:Illuminate\\Container\\BoundMethod::call():35}()
#4 /storage/emulated/0/Download/university-portal-backend  (2)/vendor/laravel/framework/src/Illuminate/Container/BoundMethod.php(95): Illuminate\\Container\\Util::unwrapIfClosure(Object(Closure))
#5 /storage/emulated/0/Download/university-portal-backend  (2)/vendor/laravel/framework/src/Illuminate/Container/BoundMethod.php(35): Illuminate\\Container\\BoundMethod::callBoundMethod(Object(Illuminate\\Foundation\\Application), Array, Object(Closure))
#6 /storage/emulated/0/Download/university-portal-backend  (2)/vendor/laravel/framework/src/Illuminate/Container/Container.php(696): Illuminate\\Container\\BoundMethod::call(Object(Illuminate\\Foundation\\Application), Array, Array, NULL)
#7 /storage/emulated/0/Download/university-portal-backend  (2)/vendor/laravel/framework/src/Illuminate/Database/Seeder.php(188): Illuminate\\Container\\Container->call(Array, Array)
#8 /storage/emulated/0/Download/university-portal-backend  (2)/vendor/laravel/framework/src/Illuminate/Database/Seeder.php(197): Illuminate\\Database\\Seeder->{closure:Illuminate\\Database\\Seeder::__invoke():187}()
#9 /storage/emulated/0/Download/university-portal-backend  (2)/vendor/laravel/framework/src/Illuminate/Database/Seeder.php(61): Illuminate\\Database\\Seeder->__invoke(Array)
#10 /storage/emulated/0/Download/university-portal-backend  (2)/database/seeders/DatabaseSeeder.php(11): Illuminate\\Database\\Seeder->call('Database\\\\Seeder...')
#11 /storage/emulated/0/Download/university-portal-backend  (2)/vendor/laravel/framework/src/Illuminate/Container/BoundMethod.php(36): Database\\Seeders\\DatabaseSeeder->run()
#12 /storage/emulated/0/Download/university-portal-backend  (2)/vendor/laravel/framework/src/Illuminate/Container/Util.php(43): Illuminate\\Container\\BoundMethod::{closure:Illuminate\\Container\\BoundMethod::call():35}()
#13 /storage/emulated/0/Download/university-portal-backend  (2)/vendor/laravel/framework/src/Illuminate/Container/BoundMethod.php(95): Illuminate\\Container\\Util::unwrapIfClosure(Object(Closure))
#14 /storage/emulated/0/Download/university-portal-backend  (2)/vendor/laravel/framework/src/Illuminate/Container/BoundMethod.php(35): Illuminate\\Container\\BoundMethod::callBoundMethod(Object(Illuminate\\Foundation\\Application), Array, Object(Closure))
#15 /storage/emulated/0/Download/university-portal-backend  (2)/vendor/laravel/framework/src/Illuminate/Container/Container.php(696): Illuminate\\Container\\BoundMethod::call(Object(Illuminate\\Foundation\\Application), Array, Array, NULL)
#16 /storage/emulated/0/Download/university-portal-backend  (2)/vendor/laravel/framework/src/Illuminate/Database/Seeder.php(188): Illuminate\\Container\\Container->call(Array, Array)
#17 /storage/emulated/0/Download/university-portal-backend  (2)/vendor/laravel/framework/src/Illuminate/Database/Seeder.php(197): Illuminate\\Database\\Seeder->{closure:Illuminate\\Database\\Seeder::__invoke():187}()
#18 /storage/emulated/0/Download/university-portal-backend  (2)/vendor/laravel/framework/src/Illuminate/Database/Console/Seeds/SeedCommand.php(70): Illuminate\\Database\\Seeder->__invoke()
#19 /storage/emulated/0/Download/university-portal-backend  (2)/vendor/laravel/framework/src/Illuminate/Database/Eloquent/Concerns/GuardsAttributes.php(155): Illuminate\\Database\\Console\\Seeds\\SeedCommand->{closure:Illuminate\\Database\\Console\\Seeds\\SeedCommand::handle():69}()
#20 /storage/emulated/0/Download/university-portal-backend  (2)/vendor/laravel/framework/src/Illuminate/Database/Console/Seeds/SeedCommand.php(69): Illuminate\\Database\\Eloquent\\Model::unguarded(Object(Closure))
#21 /storage/emulated/0/Download/university-portal-backend  (2)/vendor/laravel/framework/src/Illuminate/Container/BoundMethod.php(36): Illuminate\\Database\\Console\\Seeds\\SeedCommand->handle()
#22 /storage/emulated/0/Download/university-portal-backend  (2)/vendor/laravel/framework/src/Illuminate/Container/Util.php(43): Illuminate\\Container\\BoundMethod::{closure:Illuminate\\Container\\BoundMethod::call():35}()
#23 /storage/emulated/0/Download/university-portal-backend  (2)/vendor/laravel/framework/src/Illuminate/Container/BoundMethod.php(95): Illuminate\\Container\\Util::unwrapIfClosure(Object(Closure))
#24 /storage/emulated/0/Download/university-portal-backend  (2)/vendor/laravel/framework/src/Illuminate/Container/BoundMethod.php(35): Illuminate\\Container\\BoundMethod::callBoundMethod(Object(Illuminate\\Foundation\\Application), Array, Object(Closure))
#25 /storage/emulated/0/Download/university-portal-backend  (2)/vendor/laravel/framework/src/Illuminate/Container/Container.php(696): Illuminate\\Container\\BoundMethod::call(Object(Illuminate\\Foundation\\Application), Array, Array, NULL)
#26 /storage/emulated/0/Download/university-portal-backend  (2)/vendor/laravel/framework/src/Illuminate/Console/Command.php(213): Illuminate\\Container\\Container->call(Array)
#27 /storage/emulated/0/Download/university-portal-backend  (2)/vendor/symfony/console/Command/Command.php(341): Illuminate\\Console\\Command->execute(Object(Symfony\\Component\\Console\\Input\\ArgvInput), Object(Illuminate\\Console\\OutputStyle))
#28 /storage/emulated/0/Download/university-portal-backend  (2)/vendor/laravel/framework/src/Illuminate/Console/Command.php(182): Symfony\\Component\\Console\\Command\\Command->run(Object(Symfony\\Component\\Console\\Input\\ArgvInput), Object(Illuminate\\Console\\OutputStyle))
#29 /storage/emulated/0/Download/university-portal-backend  (2)/vendor/symfony/console/Application.php(1117): Illuminate\\Console\\Command->run(Object(Symfony\\Component\\Console\\Input\\ArgvInput), Object(Symfony\\Component\\Console\\Output\\ConsoleOutput))
#30 /storage/emulated/0/Download/university-portal-backend  (2)/vendor/symfony/console/Application.php(356): Symfony\\Component\\Console\\Application->doRunCommand(Object(Illuminate\\Database\\Console\\Seeds\\SeedCommand), Object(Symfony\\Component\\Console\\Input\\ArgvInput), Object(Symfony\\Component\\Console\\Output\\ConsoleOutput))
#31 /storage/emulated/0/Download/university-portal-backend  (2)/vendor/symfony/console/Application.php(195): Symfony\\Component\\Console\\Application->doRun(Object(Symfony\\Component\\Console\\Input\\ArgvInput), Object(Symfony\\Component\\Console\\Output\\ConsoleOutput))
#32 /storage/emulated/0/Download/university-portal-backend  (2)/vendor/laravel/framework/src/Illuminate/Foundation/Console/Kernel.php(198): Symfony\\Component\\Console\\Application->run(Object(Symfony\\Component\\Console\\Input\\ArgvInput), Object(Symfony\\Component\\Console\\Output\\ConsoleOutput))
#33 /storage/emulated/0/Download/university-portal-backend  (2)/artisan(12): Illuminate\\Foundation\\Console\\Kernel->handle(Object(Symfony\\Component\\Console\\Input\\ArgvInput), Object(Symfony\\Component\\Console\\Output\\ConsoleOutput))
#34 {main}
"} 
[2026-08-01 16:57:44] production.ERROR: Class "Database\Factories\UserFactory" not found {"exception":"[object] (Error(code: 0): Class \"Database\\Factories\\UserFactory\" not found at /storage/emulated/0/Download/university-portal-backend  (2)/vendor/laravel/framework/src/Illuminate/Database/Eloquent/Factories/Factory.php:871)
[stacktrace]
#0 /storage/emulated/0/Download/university-portal-backend  (2)/vendor/laravel/framework/src/Illuminate/Database/Eloquent/Factories/HasFactory.php(21): Illuminate\\Database\\Eloquent\\Factories\\Factory::factoryForModel('App\\\\Models\\\\User')
#1 /storage/emulated/0/Download/university-portal-backend  (2)/database/seeders/UserSeeder.php(42): App\\Models\\User::factory(10)
#2 /storage/emulated/0/Download/university-portal-backend  (2)/vendor/laravel/framework/src/Illuminate/Container/BoundMethod.php(36): Database\\Seeders\\UserSeeder->run()
#3 /storage/emulated/0/Download/university-portal-backend  (2)/vendor/laravel/framework/src/Illuminate/Container/Util.php(43): Illuminate\\Container\\BoundMethod::{closure:Illuminate\\Container\\BoundMethod::call():35}()
#4 /storage/emulated/0/Download/university-portal-backend  (2)/vendor/laravel/framework/src/Illuminate/Container/BoundMethod.php(95): Illuminate\\Container\\Util::unwrapIfClosure(Object(Closure))
#5 /storage/emulated/0/Download/university-portal-backend  (2)/vendor/laravel/framework/src/Illuminate/Container/BoundMethod.php(35): Illuminate\\Container\\BoundMethod::callBoundMethod(Object(Illuminate\\Foundation\\Application), Array, Object(Closure))
#6 /storage/emulated/0/Download/university-portal-backend  (2)/vendor/laravel/framework/src/Illuminate/Container/Container.php(696): Illuminate\\Container\\BoundMethod::call(Object(Illuminate\\Foundation\\Application), Array, Array, NULL)
#7 /storage/emulated/0/Download/university-portal-backend  (2)/vendor/laravel/framework/src/Illuminate/Database/Seeder.php(188): Illuminate\\Container\\Container->call(Array, Array)
#8 /storage/emulated/0/Download/university-portal-backend  (2)/vendor/laravel/framework/src/Illuminate/Database/Seeder.php(197): Illuminate\\Database\\Seeder->{closure:Illuminate\\Database\\Seeder::__invoke():187}()
#9 /storage/emulated/0/Download/university-portal-backend  (2)/vendor/laravel/framework/src/Illuminate/Database/Seeder.php(61): Illuminate\\Database\\Seeder->__invoke(Array)
#10 /storage/emulated/0/Download/university-portal-backend  (2)/database/seeders/DatabaseSeeder.php(11): Illuminate\\Database\\Seeder->call('Database\\\\Seeder...')
#11 /storage/emulated/0/Download/university-portal-backend  (2)/vendor/laravel/framework/src/Illuminate/Container/BoundMethod.php(36): Database\\Seeders\\DatabaseSeeder->run()
#12 /storage/emulated/0/Download/university-portal-backend  (2)/vendor/laravel/framework/src/Illuminate/Container/Util.php(43): Illuminate\\Container\\BoundMethod::{closure:Illuminate\\Container\\BoundMethod::call():35}()
#13 /storage/emulated/0/Download/university-portal-backend  (2)/vendor/laravel/framework/src/Illuminate/Container/BoundMethod.php(95): Illuminate\\Container\\Util::unwrapIfClosure(Object(Closure))
#14 /storage/emulated/0/Download/university-portal-backend  (2)/vendor/laravel/framework/src/Illuminate/Container/BoundMethod.php(35): Illuminate\\Container\\BoundMethod::callBoundMethod(Object(Illuminate\\Foundation\\Application), Array, Object(Closure))
#15 /storage/emulated/0/Download/university-portal-backend  (2)/vendor/laravel/framework/src/Illuminate/Container/Container.php(696): Illuminate\\Container\\BoundMethod::call(Object(Illuminate\\Foundation\\Application), Array, Array, NULL)
#16 /storage/emulated/0/Download/university-portal-backend  (2)/vendor/laravel/framework/src/Illuminate/Database/Seeder.php(188): Illuminate\\Container\\Container->call(Array, Array)
#17 /storage/emulated/0/Download/university-portal-backend  (2)/vendor/laravel/framework/src/Illuminate/Database/Seeder.php(197): Illuminate\\Database\\Seeder->{closure:Illuminate\\Database\\Seeder::__invoke():187}()
#18 /storage/emulated/0/Download/university-portal-backend  (2)/vendor/laravel/framework/src/Illuminate/Database/Console/Seeds/SeedCommand.php(70): Illuminate\\Database\\Seeder->__invoke()
#19 /storage/emulated/0/Download/university-portal-backend  (2)/vendor/laravel/framework/src/Illuminate/Database/Eloquent/Concerns/GuardsAttributes.php(155): Illuminate\\Database\\Console\\Seeds\\SeedCommand->{closure:Illuminate\\Database\\Console\\Seeds\\SeedCommand::handle():69}()
#20 /storage/emulated/0/Download/university-portal-backend  (2)/vendor/laravel/framework/src/Illuminate/Database/Console/Seeds/SeedCommand.php(69): Illuminate\\Database\\Eloquent\\Model::unguarded(Object(Closure))
#21 /storage/emulated/0/Download/university-portal-backend  (2)/vendor/laravel/framework/src/Illuminate/Container/BoundMethod.php(36): Illuminate\\Database\\Console\\Seeds\\SeedCommand->handle()
#22 /storage/emulated/0/Download/university-portal-backend  (2)/vendor/laravel/framework/src/Illuminate/Container/Util.php(43): Illuminate\\Container\\BoundMethod::{closure:Illuminate\\Container\\BoundMethod::call():35}()
#23 /storage/emulated/0/Download/university-portal-backend  (2)/vendor/laravel/framework/src/Illuminate/Container/BoundMethod.php(95): Illuminate\\Container\\Util::unwrapIfClosure(Object(Closure))
#24 /storage/emulated/0/Download/university-portal-backend  (2)/vendor/laravel/framework/src/Illuminate/Container/BoundMethod.php(35): Illuminate\\Container\\BoundMethod::callBoundMethod(Object(Illuminate\\Foundation\\Application), Array, Object(Closure))
#25 /storage/emulated/0/Download/university-portal-backend  (2)/vendor/laravel/framework/src/Illuminate/Container/Container.php(696): Illuminate\\Container\\BoundMethod::call(Object(Illuminate\\Foundation\\Application), Array, Array, NULL)
#26 /storage/emulated/0/Download/university-portal-backend  (2)/vendor/laravel/framework/src/Illuminate/Console/Command.php(213): Illuminate\\Container\\Container->call(Array)
#27 /storage/emulated/0/Download/university-portal-backend  (2)/vendor/symfony/console/Command/Command.php(341): Illuminate\\Console\\Command->execute(Object(Symfony\\Component\\Console\\Input\\ArgvInput), Object(Illuminate\\Console\\OutputStyle))
#28 /storage/emulated/0/Download/university-portal-backend  (2)/vendor/laravel/framework/src/Illuminate/Console/Command.php(182): Symfony\\Component\\Console\\Command\\Command->run(Object(Symfony\\Component\\Console\\Input\\ArgvInput), Object(Illuminate\\Console\\OutputStyle))
#29 /storage/emulated/0/Download/university-portal-backend  (2)/vendor/symfony/console/Application.php(1117): Illuminate\\Console\\Command->run(Object(Symfony\\Component\\Console\\Input\\ArgvInput), Object(Symfony\\Component\\Console\\Output\\ConsoleOutput))
#30 /storage/emulated/0/Download/university-portal-backend  (2)/vendor/symfony/console/Application.php(356): Symfony\\Component\\Console\\Application->doRunCommand(Object(Illuminate\\Database\\Console\\Seeds\\SeedCommand), Object(Symfony\\Component\\Console\\Input\\ArgvInput), Object(Symfony\\Component\\Console\\Output\\ConsoleOutput))
#31 /storage/emulated/0/Download/university-portal-backend  (2)/vendor/symfony/console/Application.php(195): Symfony\\Component\\Console\\Application->doRun(Object(Symfony\\Component\\Console\\Input\\ArgvInput), Object(Symfony\\Component\\Console\\Output\\ConsoleOutput))
#32 /storage/emulated/0/Download/university-portal-backend  (2)/vendor/laravel/framework/src/Illuminate/Foundation/Console/Kernel.php(198): Symfony\\Component\\Console\\Application->run(Object(Symfony\\Component\\Console\\Input\\ArgvInput), Object(Symfony\\Component\\Console\\Output\\ConsoleOutput))
#33 /storage/emulated/0/Download/university-portal-backend  (2)/artisan(12): Illuminate\\Foundation\\Console\\Kernel->handle(Object(Symfony\\Component\\Console\\Input\\ArgvInput), Object(Symfony\\Component\\Console\\Output\\ConsoleOutput))
#34 {main}
"} 
[2026-08-01 16:59:17] production.ERROR: Class "Database\Factories\UserFactory" not found {"exception":"[object] (Error(code: 0): Class \"Database\\Factories\\UserFactory\" not found at /storage/emulated/0/Download/university-portal-backend  (2)/vendor/laravel/framework/src/Illuminate/Database/Eloquent/Factories/Factory.php:871)
[stacktrace]
#0 /storage/emulated/0/Download/university-portal-backend  (2)/vendor/laravel/framework/src/Illuminate/Database/Eloquent/Factories/HasFactory.php(21): Illuminate\\Database\\Eloquent\\Factories\\Factory::factoryForModel('App\\\\Models\\\\User')
#1 /storage/emulated/0/Download/university-portal-backend  (2)/database/seeders/UserSeeder.php(42): App\\Models\\User::factory(10)
#2 /storage/emulated/0/Download/university-portal-backend  (2)/vendor/laravel/framework/src/Illuminate/Container/BoundMethod.php(36): Database\\Seeders\\UserSeeder->run()
#3 /storage/emulated/0/Download/university-portal-backend  (2)/vendor/laravel/framework/src/Illuminate/Container/Util.php(43): Illuminate\\Container\\BoundMethod::{closure:Illuminate\\Container\\BoundMethod::call():35}()
#4 /storage/emulated/0/Download/university-portal-backend  (2)/vendor/laravel/framework/src/Illuminate/Container/BoundMethod.php(95): Illuminate\\Container\\Util::unwrapIfClosure(Object(Closure))
#5 /storage/emulated/0/Download/university-portal-backend  (2)/vendor/laravel/framework/src/Illuminate/Container/BoundMethod.php(35): Illuminate\\Container\\BoundMethod::callBoundMethod(Object(Illuminate\\Foundation\\Application), Array, Object(Closure))
#6 /storage/emulated/0/Download/university-portal-backend  (2)/vendor/laravel/framework/src/Illuminate/Container/Container.php(696): Illuminate\\Container\\BoundMethod::call(Object(Illuminate\\Foundation\\Application), Array, Array, NULL)
#7 /storage/emulated/0/Download/university-portal-backend  (2)/vendor/laravel/framework/src/Illuminate/Database/Seeder.php(188): Illuminate\\Container\\Container->call(Array, Array)
#8 /storage/emulated/0/Download/university-portal-backend  (2)/vendor/laravel/framework/src/Illuminate/Database/Seeder.php(197): Illuminate\\Database\\Seeder->{closure:Illuminate\\Database\\Seeder::__invoke():187}()
#9 /storage/emulated/0/Download/university-portal-backend  (2)/vendor/laravel/framework/src/Illuminate/Database/Seeder.php(61): Illuminate\\Database\\Seeder->__invoke(Array)
#10 /storage/emulated/0/Download/university-portal-backend  (2)/database/seeders/DatabaseSeeder.php(11): Illuminate\\Database\\Seeder->call('Database\\\\Seeder...')
#11 /storage/emulated/0/Download/university-portal-backend  (2)/vendor/laravel/framework/src/Illuminate/Container/BoundMethod.php(36): Database\\Seeders\\DatabaseSeeder->run()
#12 /storage/emulated/0/Download/university-portal-backend  (2)/vendor/laravel/framework/src/Illuminate/Container/Util.php(43): Illuminate\\Container\\BoundMethod::{closure:Illuminate\\Container\\BoundMethod::call():35}()
#13 /storage/emulated/0/Download/university-portal-backend  (2)/vendor/laravel/framework/src/Illuminate/Container/BoundMethod.php(95): Illuminate\\Container\\Util::unwrapIfClosure(Object(Closure))
#14 /storage/emulated/0/Download/university-portal-backend  (2)/vendor/laravel/framework/src/Illuminate/Container/BoundMethod.php(35): Illuminate\\Container\\BoundMethod::callBoundMethod(Object(Illuminate\\Foundation\\Application), Array, Object(Closure))
#15 /storage/emulated/0/Download/university-portal-backend  (2)/vendor/laravel/framework/src/Illuminate/Container/Container.php(696): Illuminate\\Container\\BoundMethod::call(Object(Illuminate\\Foundation\\Application), Array, Array, NULL)
#16 /storage/emulated/0/Download/university-portal-backend  (2)/vendor/laravel/framework/src/Illuminate/Database/Seeder.php(188): Illuminate\\Container\\Container->call(Array, Array)
#17 /storage/emulated/0/Download/university-portal-backend  (2)/vendor/laravel/framework/src/Illuminate/Database/Seeder.php(197): Illuminate\\Database\\Seeder->{closure:Illuminate\\Database\\Seeder::__invoke():187}()
#18 /storage/emulated/0/Download/university-portal-backend  (2)/vendor/laravel/framework/src/Illuminate/Database/Console/Seeds/SeedCommand.php(70): Illuminate\\Database\\Seeder->__invoke()
#19 /storage/emulated/0/Download/university-portal-backend  (2)/vendor/laravel/framework/src/Illuminate/Database/Eloquent/Concerns/GuardsAttributes.php(155): Illuminate\\Database\\Console\\Seeds\\SeedCommand->{closure:Illuminate\\Database\\Console\\Seeds\\SeedCommand::handle():69}()
#20 /storage/emulated/0/Download/university-portal-backend  (2)/vendor/laravel/framework/src/Illuminate/Database/Console/Seeds/SeedCommand.php(69): Illuminate\\Database\\Eloquent\\Model::unguarded(Object(Closure))
#21 /storage/emulated/0/Download/university-portal-backend  (2)/vendor/laravel/framework/src/Illuminate/Container/BoundMethod.php(36): Illuminate\\Database\\Console\\Seeds\\SeedCommand->handle()
#22 /storage/emulated/0/Download/university-portal-backend  (2)/vendor/laravel/framework/src/Illuminate/Container/Util.php(43): Illuminate\\Container\\BoundMethod::{closure:Illuminate\\Container\\BoundMethod::call():35}()
#23 /storage/emulated/0/Download/university-portal-backend  (2)/vendor/laravel/framework/src/Illuminate/Container/BoundMethod.php(95): Illuminate\\Container\\Util::unwrapIfClosure(Object(Closure))
#24 /storage/emulated/0/Download/university-portal-backend  (2)/vendor/laravel/framework/src/Illuminate/Container/BoundMethod.php(35): Illuminate\\Container\\BoundMethod::callBoundMethod(Object(Illuminate\\Foundation\\Application), Array, Object(Closure))
#25 /storage/emulated/0/Download/university-portal-backend  (2)/vendor/laravel/framework/src/Illuminate/Container/Container.php(696): Illuminate\\Container\\BoundMethod::call(Object(Illuminate\\Foundation\\Application), Array, Array, NULL)
#26 /storage/emulated/0/Download/university-portal-backend  (2)/vendor/laravel/framework/src/Illuminate/Console/Command.php(213): Illuminate\\Container\\Container->call(Array)
#27 /storage/emulated/0/Download/university-portal-backend  (2)/vendor/symfony/console/Command/Command.php(341): Illuminate\\Console\\Command->execute(Object(Symfony\\Component\\Console\\Input\\ArgvInput), Object(Illuminate\\Console\\OutputStyle))
#28 /storage/emulated/0/Download/university-portal-backend  (2)/vendor/laravel/framework/src/Illuminate/Console/Command.php(182): Symfony\\Component\\Console\\Command\\Command->run(Object(Symfony\\Component\\Console\\Input\\ArgvInput), Object(Illuminate\\Console\\OutputStyle))
#29 /storage/emulated/0/Download/university-portal-backend  (2)/vendor/symfony/console/Application.php(1117): Illuminate\\Console\\Command->run(Object(Symfony\\Component\\Console\\Input\\ArgvInput), Object(Symfony\\Component\\Console\\Output\\ConsoleOutput))
#30 /storage/emulated/0/Download/university-portal-backend  (2)/vendor/symfony/console/Application.php(356): Symfony\\Component\\Console\\Application->doRunCommand(Object(Illuminate\\Database\\Console\\Seeds\\SeedCommand), Object(Symfony\\Component\\Console\\Input\\ArgvInput), Object(Symfony\\Component\\Console\\Output\\ConsoleOutput))
#31 /storage/emulated/0/Download/university-portal-backend  (2)/vendor/symfony/console/Application.php(195): Symfony\\Component\\Console\\Application->doRun(Object(Symfony\\Component\\Console\\Input\\ArgvInput), Object(Symfony\\Component\\Console\\Output\\ConsoleOutput))
#32 /storage/emulated/0/Download/university-portal-backend  (2)/vendor/laravel/framework/src/Illuminate/Foundation/Console/Kernel.php(198): Symfony\\Component\\Console\\Application->run(Object(Symfony\\Component\\Console\\Input\\ArgvInput), Object(Symfony\\Component\\Console\\Output\\ConsoleOutput))
#33 /storage/emulated/0/Download/university-portal-backend  (2)/artisan(12): Illuminate\\Foundation\\Console\\Kernel->handle(Object(Symfony\\Component\\Console\\Input\\ArgvInput), Object(Symfony\\Component\\Console\\Output\\ConsoleOutput))
#34 {main}
"} 
[2026-08-01 17:01:11] production.ERROR: Class "Faker\Factory" not found {"exception":"[object] (Error(code: 0): Class \"Faker\\Factory\" not found at /storage/emulated/0/Download/university-portal-backend  (2)/vendor/laravel/framework/src/Illuminate/Database/DatabaseServiceProvider.php:93)
[stacktrace]
#0 /storage/emulated/0/Download/university-portal-backend  (2)/vendor/laravel/framework/src/Illuminate/Container/Container.php(952): Illuminate\\Database\\DatabaseServiceProvider->{closure:Illuminate\\Database\\DatabaseServiceProvider::registerFakerGenerator():89}(Object(Illuminate\\Foundation\\Application), Array)
#1 /storage/emulated/0/Download/university-portal-backend  (2)/vendor/laravel/framework/src/Illuminate/Container/Container.php(832): Illuminate\\Container\\Container->build(Object(Closure))
#2 /storage/emulated/0/Download/university-portal-backend  (2)/vendor/laravel/framework/src/Illuminate/Foundation/Application.php(1078): Illuminate\\Container\\Container->resolve('Faker\\\\Generator', Array, true)
#3 /storage/emulated/0/Download/university-portal-backend  (2)/vendor/laravel/framework/src/Illuminate/Container/Container.php(763): Illuminate\\Foundation\\Application->resolve('Faker\\\\Generator', Array)
#4 /storage/emulated/0/Download/university-portal-backend  (2)/vendor/laravel/framework/src/Illuminate/Foundation/Application.php(1058): Illuminate\\Container\\Container->make('Faker\\\\Generator', Array)
#5 /storage/emulated/0/Download/university-portal-backend  (2)/vendor/laravel/framework/src/Illuminate/Database/Eloquent/Factories/Factory.php(892): Illuminate\\Foundation\\Application->make('Faker\\\\Generator')
#6 /storage/emulated/0/Download/university-portal-backend  (2)/vendor/laravel/framework/src/Illuminate/Database/Eloquent/Factories/Factory.php(170): Illuminate\\Database\\Eloquent\\Factories\\Factory->withFaker()
#7 /storage/emulated/0/Download/university-portal-backend  (2)/vendor/laravel/framework/src/Illuminate/Database/Eloquent/Factories/Factory.php(189): Illuminate\\Database\\Eloquent\\Factories\\Factory->__construct()
#8 /storage/emulated/0/Download/university-portal-backend  (2)/vendor/laravel/framework/src/Illuminate/Database/Eloquent/Factories/Factory.php(871): Illuminate\\Database\\Eloquent\\Factories\\Factory::new()
#9 /storage/emulated/0/Download/university-portal-backend  (2)/vendor/laravel/framework/src/Illuminate/Database/Eloquent/Factories/HasFactory.php(21): Illuminate\\Database\\Eloquent\\Factories\\Factory::factoryForModel('App\\\\Models\\\\User')
#10 /storage/emulated/0/Download/university-portal-backend  (2)/database/seeders/UserSeeder.php(42): App\\Models\\User::factory(10)
#11 /storage/emulated/0/Download/university-portal-backend  (2)/vendor/laravel/framework/src/Illuminate/Container/BoundMethod.php(36): Database\\Seeders\\UserSeeder->run()
#12 /storage/emulated/0/Download/university-portal-backend  (2)/vendor/laravel/framework/src/Illuminate/Container/Util.php(43): Illuminate\\Container\\BoundMethod::{closure:Illuminate\\Container\\BoundMethod::call():35}()
#13 /storage/emulated/0/Download/university-portal-backend  (2)/vendor/laravel/framework/src/Illuminate/Container/BoundMethod.php(95): Illuminate\\Container\\Util::unwrapIfClosure(Object(Closure))
#14 /storage/emulated/0/Download/university-portal-backend  (2)/vendor/laravel/framework/src/Illuminate/Container/BoundMethod.php(35): Illuminate\\Container\\BoundMethod::callBoundMethod(Object(Illuminate\\Foundation\\Application), Array, Object(Closure))
#15 /storage/emulated/0/Download/university-portal-backend  (2)/vendor/laravel/framework/src/Illuminate/Container/Container.php(696): Illuminate\\Container\\BoundMethod::call(Object(Illuminate\\Foundation\\Application), Array, Array, NULL)
#16 /storage/emulated/0/Download/university-portal-backend  (2)/vendor/laravel/framework/src/Illuminate/Database/Seeder.php(188): Illuminate\\Container\\Container->call(Array, Array)
#17 /storage/emulated/0/Download/university-portal-backend  (2)/vendor/laravel/framework/src/Illuminate/Database/Seeder.php(197): Illuminate\\Database\\Seeder->{closure:Illuminate\\Database\\Seeder::__invoke():187}()
#18 /storage/emulated/0/Download/university-portal-backend  (2)/vendor/laravel/framework/src/Illuminate/Database/Seeder.php(61): Illuminate\\Database\\Seeder->__invoke(Array)
#19 /storage/emulated/0/Download/university-portal-backend  (2)/database/seeders/DatabaseSeeder.php(11): Illuminate\\Database\\Seeder->call('Database\\\\Seeder...')
#20 /storage/emulated/0/Download/university-portal-backend  (2)/vendor/laravel/framework/src/Illuminate/Container/BoundMethod.php(36): Database\\Seeders\\DatabaseSeeder->run()
#21 /storage/emulated/0/Download/university-portal-backend  (2)/vendor/laravel/framework/src/Illuminate/Container/Util.php(43): Illuminate\\Container\\BoundMethod::{closure:Illuminate\\Container\\BoundMethod::call():35}()
#22 /storage/emulated/0/Download/university-portal-backend  (2)/vendor/laravel/framework/src/Illuminate/Container/BoundMethod.php(95): Illuminate\\Container\\Util::unwrapIfClosure(Object(Closure))
#23 /storage/emulated/0/Download/university-portal-backend  (2)/vendor/laravel/framework/src/Illuminate/Container/BoundMethod.php(35): Illuminate\\Container\\BoundMethod::callBoundMethod(Object(Illuminate\\Foundation\\Application), Array, Object(Closure))
#24 /storage/emulated/0/Download/university-portal-backend  (2)/vendor/laravel/framework/src/Illuminate/Container/Container.php(696): Illuminate\\Container\\BoundMethod::call(Object(Illuminate\\Foundation\\Application), Array, Array, NULL)
#25 /storage/emulated/0/Download/university-portal-backend  (2)/vendor/laravel/framework/src/Illuminate/Database/Seeder.php(188): Illuminate\\Container\\Container->call(Array, Array)
#26 /storage/emulated/0/Download/university-portal-backend  (2)/vendor/laravel/framework/src/Illuminate/Database/Seeder.php(197): Illuminate\\Database\\Seeder->{closure:Illuminate\\Database\\Seeder::__invoke():187}()
#27 /storage/emulated/0/Download/university-portal-backend  (2)/vendor/laravel/framework/src/Illuminate/Database/Console/Seeds/SeedCommand.php(70): Illuminate\\Database\\Seeder->__invoke()
#28 /storage/emulated/0/Download/university-portal-backend  (2)/vendor/laravel/framework/src/Illuminate/Database/Eloquent/Concerns/GuardsAttributes.php(155): Illuminate\\Database\\Console\\Seeds\\SeedCommand->{closure:Illuminate\\Database\\Console\\Seeds\\SeedCommand::handle():69}()
#29 /storage/emulated/0/Download/university-portal-backend  (2)/vendor/laravel/framework/src/Illuminate/Database/Console/Seeds/SeedCommand.php(69): Illuminate\\Database\\Eloquent\\Model::unguarded(Object(Closure))
#30 /storage/emulated/0/Download/university-portal-backend  (2)/vendor/laravel/framework/src/Illuminate/Container/BoundMethod.php(36): Illuminate\\Database\\Console\\Seeds\\SeedCommand->handle()
#31 /storage/emulated/0/Download/university-portal-backend  (2)/vendor/laravel/framework/src/Illuminate/Container/Util.php(43): Illuminate\\Container\\BoundMethod::{closure:Illuminate\\Container\\BoundMethod::call():35}()
#32 /storage/emulated/0/Download/university-portal-backend  (2)/vendor/laravel/framework/src/Illuminate/Container/BoundMethod.php(95): Illuminate\\Container\\Util::unwrapIfClosure(Object(Closure))
#33 /storage/emulated/0/Download/university-portal-backend  (2)/vendor/laravel/framework/src/Illuminate/Container/BoundMethod.php(35): Illuminate\\Container\\BoundMethod::callBoundMethod(Object(Illuminate\\Foundation\\Application), Array, Object(Closure))
#34 /storage/emulated/0/Download/university-portal-backend  (2)/vendor/laravel/framework/src/Illuminate/Container/Container.php(696): Illuminate\\Container\\BoundMethod::call(Object(Illuminate\\Foundation\\Application), Array, Array, NULL)
#35 /storage/emulated/0/Download/university-portal-backend  (2)/vendor/laravel/framework/src/Illuminate/Console/Command.php(213): Illuminate\\Container\\Container->call(Array)
#36 /storage/emulated/0/Download/university-portal-backend  (2)/vendor/symfony/console/Command/Command.php(341): Illuminate\\Console\\Command->execute(Object(Symfony\\Component\\Console\\Input\\ArgvInput), Object(Illuminate\\Console\\OutputStyle))
#37 /storage/emulated/0/Download/university-portal-backend  (2)/vendor/laravel/framework/src/Illuminate/Console/Command.php(182): Symfony\\Component\\Console\\Command\\Command->run(Object(Symfony\\Component\\Console\\Input\\ArgvInput), Object(Illuminate\\Console\\OutputStyle))
#38 /storage/emulated/0/Download/university-portal-backend  (2)/vendor/symfony/console/Application.php(1117): Illuminate\\Console\\Command->run(Object(Symfony\\Component\\Console\\Input\\ArgvInput), Object(Symfony\\Component\\Console\\Output\\ConsoleOutput))
#39 /storage/emulated/0/Download/university-portal-backend  (2)/vendor/symfony/console/Application.php(356): Symfony\\Component\\Console\\Application->doRunCommand(Object(Illuminate\\Database\\Console\\Seeds\\SeedCommand), Object(Symfony\\Component\\Console\\Input\\ArgvInput), Object(Symfony\\Component\\Console\\Output\\ConsoleOutput))
#40 /storage/emulated/0/Download/university-portal-backend  (2)/vendor/symfony/console/Application.php(195): Symfony\\Component\\Console\\Application->doRun(Object(Symfony\\Component\\Console\\Input\\ArgvInput), Object(Symfony\\Component\\Console\\Output\\ConsoleOutput))
#41 /storage/emulated/0/Download/university-portal-backend  (2)/vendor/laravel/framework/src/Illuminate/Foundation/Console/Kernel.php(198): Symfony\\Component\\Console\\Application->run(Object(Symfony\\Component\\Console\\Input\\ArgvInput), Object(Symfony\\Component\\Console\\Output\\ConsoleOutput))
#42 /storage/emulated/0/Download/university-portal-backend  (2)/artisan(12): Illuminate\\Foundation\\Console\\Kernel->handle(Object(Symfony\\Component\\Console\\Input\\ArgvInput), Object(Symfony\\Component\\Console\\Output\\ConsoleOutput))
#43 {main}
"} 
[2026-08-02 13:02:59] production.ERROR: Class "App\Http\Controllers\Controller" not found {"exception":"[object] (Error(code: 0): Class \"App\\Http\\Controllers\\Controller\" not found at /storage/emulated/0/Download/university-portal-backend  (2)/app/Http/Controllers/Api/AuthController.php:12)
[stacktrace]
#0 /storage/emulated/0/Download/university-portal-backend  (2)/vendor/composer/ClassLoader.php(576): include()
#1 /storage/emulated/0/Download/university-portal-backend  (2)/vendor/composer/ClassLoader.php(427): {closure:Composer\\Autoload\\ClassLoader::initializeIncludeClosure():575}('/storage/emulat...')
#2 [internal function]: Composer\\Autoload\\ClassLoader->loadClass('App\\\\Http\\\\Contro...')
#3 /storage/emulated/0/Download/university-portal-backend  (2)/vendor/laravel/framework/src/Illuminate/Routing/Route.php(1117): is_a('App\\\\Http\\\\Contro...', 'Illuminate\\\\Rout...', true)
#4 /storage/emulated/0/Download/university-portal-backend  (2)/vendor/laravel/framework/src/Illuminate/Routing/Route.php(1054): Illuminate\\Routing\\Route->controllerMiddleware()
#5 /storage/emulated/0/Download/university-portal-backend  (2)/vendor/laravel/framework/src/Illuminate/Routing/Router.php(820): Illuminate\\Routing\\Route->gatherMiddleware()
#6 /storage/emulated/0/Download/university-portal-backend  (2)/vendor/laravel/framework/src/Illuminate/Foundation/Console/RouteListCommand.php(211): Illuminate\\Routing\\Router->gatherRouteMiddleware(Object(Illuminate\\Routing\\Route))
#7 /storage/emulated/0/Download/university-portal-backend  (2)/vendor/laravel/framework/src/Illuminate/Foundation/Console/RouteListCommand.php(148): Illuminate\\Foundation\\Console\\RouteListCommand->getMiddleware(Object(Illuminate\\Routing\\Route))
#8 /storage/emulated/0/Download/university-portal-backend  (2)/vendor/laravel/framework/src/Illuminate/Foundation/Console/RouteListCommand.php(118): Illuminate\\Foundation\\Console\\RouteListCommand->getRouteInformation(Object(Illuminate\\Routing\\Route))
#9 [internal function]: Illuminate\\Foundation\\Console\\RouteListCommand->{closure:Illuminate\\Foundation\\Console\\RouteListCommand::getRoutes():117}(Object(Illuminate\\Routing\\Route), 1)
#10 /storage/emulated/0/Download/university-portal-backend  (2)/vendor/laravel/framework/src/Illuminate/Collections/Arr.php(609): array_map(Object(Closure), Array, Array)
#11 /storage/emulated/0/Download/university-portal-backend  (2)/vendor/laravel/framework/src/Illuminate/Collections/Collection.php(799): Illuminate\\Support\\Arr::map(Array, Object(Closure))
#12 /storage/emulated/0/Download/university-portal-backend  (2)/vendor/laravel/framework/src/Illuminate/Foundation/Console/RouteListCommand.php(117): Illuminate\\Support\\Collection->map(Object(Closure))
#13 /storage/emulated/0/Download/university-portal-backend  (2)/vendor/laravel/framework/src/Illuminate/Foundation/Console/RouteListCommand.php(103): Illuminate\\Foundation\\Console\\RouteListCommand->getRoutes()
#14 /storage/emulated/0/Download/university-portal-backend  (2)/vendor/laravel/framework/src/Illuminate/Container/BoundMethod.php(36): Illuminate\\Foundation\\Console\\RouteListCommand->handle()
#15 /storage/emulated/0/Download/university-portal-backend  (2)/vendor/laravel/framework/src/Illuminate/Container/Util.php(43): Illuminate\\Container\\BoundMethod::{closure:Illuminate\\Container\\BoundMethod::call():35}()
#16 /storage/emulated/0/Download/university-portal-backend  (2)/vendor/laravel/framework/src/Illuminate/Container/BoundMethod.php(95): Illuminate\\Container\\Util::unwrapIfClosure(Object(Closure))
#17 /storage/emulated/0/Download/university-portal-backend  (2)/vendor/laravel/framework/src/Illuminate/Container/BoundMethod.php(35): Illuminate\\Container\\BoundMethod::callBoundMethod(Object(Illuminate\\Foundation\\Application), Array, Object(Closure))
#18 /storage/emulated/0/Download/university-portal-backend  (2)/vendor/laravel/framework/src/Illuminate/Container/Container.php(696): Illuminate\\Container\\BoundMethod::call(Object(Illuminate\\Foundation\\Application), Array, Array, NULL)
#19 /storage/emulated/0/Download/university-portal-backend  (2)/vendor/laravel/framework/src/Illuminate/Console/Command.php(213): Illuminate\\Container\\Container->call(Array)
#20 /storage/emulated/0/Download/university-portal-backend  (2)/vendor/symfony/console/Command/Command.php(341): Illuminate\\Console\\Command->execute(Object(Symfony\\Component\\Console\\Input\\ArgvInput), Object(Illuminate\\Console\\OutputStyle))
#21 /storage/emulated/0/Download/university-portal-backend  (2)/vendor/laravel/framework/src/Illuminate/Console/Command.php(182): Symfony\\Component\\Console\\Command\\Command->run(Object(Symfony\\Component\\Console\\Input\\ArgvInput), Object(Illuminate\\Console\\OutputStyle))
#22 /storage/emulated/0/Download/university-portal-backend  (2)/vendor/symfony/console/Application.php(1117): Illuminate\\Console\\Command->run(Object(Symfony\\Component\\Console\\Input\\ArgvInput), Object(Symfony\\Component\\Console\\Output\\ConsoleOutput))
#23 /storage/emulated/0/Download/university-portal-backend  (2)/vendor/symfony/console/Application.php(356): Symfony\\Component\\Console\\Application->doRunCommand(Object(Illuminate\\Foundation\\Console\\RouteListCommand), Object(Symfony\\Component\\Console\\Input\\ArgvInput), Object(Symfony\\Component\\Console\\Output\\ConsoleOutput))
#24 /storage/emulated/0/Download/university-portal-backend  (2)/vendor/symfony/console/Application.php(195): Symfony\\Component\\Console\\Application->doRun(Object(Symfony\\Component\\Console\\Input\\ArgvInput), Object(Symfony\\Component\\Console\\Output\\ConsoleOutput))
#25 /storage/emulated/0/Download/university-portal-backend  (2)/vendor/laravel/framework/src/Illuminate/Foundation/Console/Kernel.php(198): Symfony\\Component\\Console\\Application->run(Object(Symfony\\Component\\Console\\Input\\ArgvInput), Object(Symfony\\Component\\Console\\Output\\ConsoleOutput))
#26 /storage/emulated/0/Download/university-portal-backend  (2)/artisan(12): Illuminate\\Foundation\\Console\\Kernel->handle(Object(Symfony\\Component\\Console\\Input\\ArgvInput), Object(Symfony\\Component\\Console\\Output\\ConsoleOutput))
#27 {main}
"} 
[2026-08-02 19:01:56] production.ERROR: Command "tinker" is not defined. {"exception":"[object] (Symfony\\Component\\Console\\Exception\\CommandNotFoundException(code: 0): Command \"tinker\" is not defined. at /storage/emulated/0/Download/university-portal-backend  (2)/vendor/symfony/console/Application.php:759)
[stacktrace]
#0 /storage/emulated/0/Download/university-portal-backend  (2)/vendor/symfony/console/Application.php(298): Symfony\\Component\\Console\\Application->find('tinker')
#1 /storage/emulated/0/Download/university-portal-backend  (2)/vendor/symfony/console/Application.php(195): Symfony\\Component\\Console\\Application->doRun(Object(Symfony\\Component\\Console\\Input\\ArgvInput), Object(Symfony\\Component\\Console\\Output\\ConsoleOutput))
#2 /storage/emulated/0/Download/university-portal-backend  (2)/vendor/laravel/framework/src/Illuminate/Foundation/Console/Kernel.php(198): Symfony\\Component\\Console\\Application->run(Object(Symfony\\Component\\Console\\Input\\ArgvInput), Object(Symfony\\Component\\Console\\Output\\ConsoleOutput))
#3 /storage/emulated/0/Download/university-portal-backend  (2)/artisan(12): Illuminate\\Foundation\\Console\\Kernel->handle(Object(Symfony\\Component\\Console\\Input\\ArgvInput), Object(Symfony\\Component\\Console\\Output\\ConsoleOutput))
#4 {main}
"} 
[2026-08-02 19:03:16] production.ERROR: There is no role named `admin` for guard `web`. {"exception":"[object] (Spatie\\Permission\\Exceptions\\RoleDoesNotExist(code: 0): There is no role named `admin` for guard `web`. at /storage/emulated/0/Download/university-portal-backend  (2)/vendor/spatie/laravel-permission/src/Exceptions/RoleDoesNotExist.php:11)
[stacktrace]
#0 /storage/emulated/0/Download/university-portal-backend  (2)/vendor/spatie/laravel-permission/src/Models/Role.php(113): Spatie\\Permission\\Exceptions\\RoleDoesNotExist::named('admin', 'web')
#1 /storage/emulated/0/Download/university-portal-backend  (2)/vendor/spatie/laravel-permission/src/Traits/HasRoles.php(419): Spatie\\Permission\\Models\\Role::findByName('admin', 'web')
#2 /storage/emulated/0/Download/university-portal-backend  (2)/vendor/spatie/laravel-permission/src/Traits/HasRoles.php(131): App\\Models\\User->getStoredRole('admin')
#3 /storage/emulated/0/Download/university-portal-backend  (2)/vendor/laravel/framework/src/Illuminate/Collections/Traits/EnumeratesValues.php(822): App\\Models\\User->{closure:Spatie\\Permission\\Traits\\HasRoles::collectRoles():126}(Array, 'admin', 0)
#4 /storage/emulated/0/Download/university-portal-backend  (2)/vendor/spatie/laravel-permission/src/Traits/HasRoles.php(126): Illuminate\\Support\\Collection->reduce(Object(Closure), Array)
#5 /storage/emulated/0/Download/university-portal-backend  (2)/vendor/spatie/laravel-permission/src/Traits/HasRoles.php(150): App\\Models\\User->collectRoles(Array)
#6 /storage/emulated/0/Download/university-portal-backend  (2)/create_admin.php(12): App\\Models\\User->assignRole('admin')
#7 {main}
"} 
[2026-08-02 19:04:32] production.ERROR: SQLSTATE[23000]: Integrity constraint violation: 19 UNIQUE constraint failed: users.email (Connection: sqlite, SQL: insert into "users" ("name", "email", "password", "updated_at", "created_at") values (Admin, admin@university.edu, $2y$12$o78NxuvhLeetdwF3zl/dpeWWBq9XMBUQ/1Dh4lCjlIkdj0fQFVkGC, 2026-08-02 19:04:31, 2026-08-02 19:04:31)) {"exception":"[object] (Illuminate\\Database\\UniqueConstraintViolationException(code: 23000): SQLSTATE[23000]: Integrity constraint violation: 19 UNIQUE constraint failed: users.email (Connection: sqlite, SQL: insert into \"users\" (\"name\", \"email\", \"password\", \"updated_at\", \"created_at\") values (Admin, admin@university.edu, $2y$12$o78NxuvhLeetdwF3zl/dpeWWBq9XMBUQ/1Dh4lCjlIkdj0fQFVkGC, 2026-08-02 19:04:31, 2026-08-02 19:04:31)) at /storage/emulated/0/Download/university-portal-backend  (2)/vendor/laravel/framework/src/Illuminate/Database/Connection.php:820)
[stacktrace]
#0 /storage/emulated/0/Download/university-portal-backend  (2)/vendor/laravel/framework/src/Illuminate/Database/Connection.php(779): Illuminate\\Database\\Connection->runQueryCallback('insert into \"us...', Array, Object(Closure))
#1 /storage/emulated/0/Download/university-portal-backend  (2)/vendor/laravel/framework/src/Illuminate/Database/Connection.php(560): Illuminate\\Database\\Connection->run('insert into \"us...', Array, Object(Closure))
#2 /storage/emulated/0/Download/university-portal-backend  (2)/vendor/laravel/framework/src/Illuminate/Database/Connection.php(524): Illuminate\\Database\\Connection->statement('insert into \"us...', Array)
#3 /storage/emulated/0/Download/university-portal-backend  (2)/vendor/laravel/framework/src/Illuminate/Database/Query/Processors/Processor.php(32): Illuminate\\Database\\Connection->insert('insert into \"us...', Array)
#4 /storage/emulated/0/Download/university-portal-backend  (2)/vendor/laravel/framework/src/Illuminate/Database/Query/Builder.php(3766): Illuminate\\Database\\Query\\Processors\\Processor->processInsertGetId(Object(Illuminate\\Database\\Query\\Builder), 'insert into \"us...', Array, 'id')
#5 /storage/emulated/0/Download/university-portal-backend  (2)/vendor/laravel/framework/src/Illuminate/Database/Eloquent/Builder.php(2120): Illuminate\\Database\\Query\\Builder->insertGetId(Array, 'id')
#6 /storage/emulated/0/Download/university-portal-backend  (2)/vendor/laravel/framework/src/Illuminate/Database/Eloquent/Model.php(1359): Illuminate\\Database\\Eloquent\\Builder->__call('insertGetId', Array)
#7 /storage/emulated/0/Download/university-portal-backend  (2)/vendor/laravel/framework/src/Illuminate/Database/Eloquent/Model.php(1324): Illuminate\\Database\\Eloquent\\Model->insertAndSetId(Object(Illuminate\\Database\\Eloquent\\Builder), Array)
#8 /storage/emulated/0/Download/university-portal-backend  (2)/vendor/laravel/framework/src/Illuminate/Database/Eloquent/Model.php(1163): Illuminate\\Database\\Eloquent\\Model->performInsert(Object(Illuminate\\Database\\Eloquent\\Builder))
#9 /storage/emulated/0/Download/university-portal-backend  (2)/vendor/laravel/framework/src/Illuminate/Database/Eloquent/Builder.php(1128): Illuminate\\Database\\Eloquent\\Model->save()
#10 /storage/emulated/0/Download/university-portal-backend  (2)/vendor/laravel/framework/src/Illuminate/Support/helpers.php(399): Illuminate\\Database\\Eloquent\\Builder->{closure:Illuminate\\Database\\Eloquent\\Builder::create():1127}(Object(App\\Models\\User))
#11 /storage/emulated/0/Download/university-portal-backend  (2)/vendor/laravel/framework/src/Illuminate/Database/Eloquent/Builder.php(1127): tap(Object(App\\Models\\User), Object(Closure))
#12 /storage/emulated/0/Download/university-portal-backend  (2)/vendor/laravel/framework/src/Illuminate/Support/Traits/ForwardsCalls.php(23): Illuminate\\Database\\Eloquent\\Builder->create(Array)
#13 /storage/emulated/0/Download/university-portal-backend  (2)/vendor/laravel/framework/src/Illuminate/Database/Eloquent/Model.php(2372): Illuminate\\Database\\Eloquent\\Model->forwardCallTo(Object(Illuminate\\Database\\Eloquent\\Builder), 'create', Array)
#14 /storage/emulated/0/Download/university-portal-backend  (2)/vendor/laravel/framework/src/Illuminate/Database/Eloquent/Model.php(2384): Illuminate\\Database\\Eloquent\\Model->__call('create', Array)
#15 /storage/emulated/0/Download/university-portal-backend  (2)/create_admin.php(11): Illuminate\\Database\\Eloquent\\Model::__callStatic('create', Array)
#16 {main}

[previous exception] [object] (PDOException(code: 23000): SQLSTATE[23000]: Integrity constraint violation: 19 UNIQUE constraint failed: users.email at /storage/emulated/0/Download/university-portal-backend  (2)/vendor/laravel/framework/src/Illuminate/Database/Connection.php:571)
[stacktrace]
#0 /storage/emulated/0/Download/university-portal-backend  (2)/vendor/laravel/framework/src/Illuminate/Database/Connection.php(571): PDOStatement->execute()
#1 /storage/emulated/0/Download/university-portal-backend  (2)/vendor/laravel/framework/src/Illuminate/Database/Connection.php(812): Illuminate\\Database\\Connection->{closure:Illuminate\\Database\\Connection::statement():560}('insert into \"us...', Array)
#2 /storage/emulated/0/Download/university-portal-backend  (2)/vendor/laravel/framework/src/Illuminate/Database/Connection.php(779): Illuminate\\Database\\Connection->runQueryCallback('insert into \"us...', Array, Object(Closure))
#3 /storage/emulated/0/Download/university-portal-backend  (2)/vendor/laravel/framework/src/Illuminate/Database/Connection.php(560): Illuminate\\Database\\Connection->run('insert into \"us...', Array, Object(Closure))
#4 /storage/emulated/0/Download/university-portal-backend  (2)/vendor/laravel/framework/src/Illuminate/Database/Connection.php(524): Illuminate\\Database\\Connection->statement('insert into \"us...', Array)
#5 /storage/emulated/0/Download/university-portal-backend  (2)/vendor/laravel/framework/src/Illuminate/Database/Query/Processors/Processor.php(32): Illuminate\\Database\\Connection->insert('insert into \"us...', Array)
#6 /storage/emulated/0/Download/university-portal-backend  (2)/vendor/laravel/framework/src/Illuminate/Database/Query/Builder.php(3766): Illuminate\\Database\\Query\\Processors\\Processor->processInsertGetId(Object(Illuminate\\Database\\Query\\Builder), 'insert into \"us...', Array, 'id')
#7 /storage/emulated/0/Download/university-portal-backend  (2)/vendor/laravel/framework/src/Illuminate/Database/Eloquent/Builder.php(2120): Illuminate\\Database\\Query\\Builder->insertGetId(Array, 'id')
#8 /storage/emulated/0/Download/university-portal-backend  (2)/vendor/laravel/framework/src/Illuminate/Database/Eloquent/Model.php(1359): Illuminate\\Database\\Eloquent\\Builder->__call('insertGetId', Array)
#9 /storage/emulated/0/Download/university-portal-backend  (2)/vendor/laravel/framework/src/Illuminate/Database/Eloquent/Model.php(1324): Illuminate\\Database\\Eloquent\\Model->insertAndSetId(Object(Illuminate\\Database\\Eloquent\\Builder), Array)
#10 /storage/emulated/0/Download/university-portal-backend  (2)/vendor/laravel/framework/src/Illuminate/Database/Eloquent/Model.php(1163): Illuminate\\Database\\Eloquent\\Model->performInsert(Object(Illuminate\\Database\\Eloquent\\Builder))
#11 /storage/emulated/0/Download/university-portal-backend  (2)/vendor/laravel/framework/src/Illuminate/Database/Eloquent/Builder.php(1128): Illuminate\\Database\\Eloquent\\Model->save()
#12 /storage/emulated/0/Download/university-portal-backend  (2)/vendor/laravel/framework/src/Illuminate/Support/helpers.php(399): Illuminate\\Database\\Eloquent\\Builder->{closure:Illuminate\\Database\\Eloquent\\Builder::create():1127}(Object(App\\Models\\User))
#13 /storage/emulated/0/Download/university-portal-backend  (2)/vendor/laravel/framework/src/Illuminate/Database/Eloquent/Builder.php(1127): tap(Object(App\\Models\\User), Object(Closure))
#14 /storage/emulated/0/Download/university-portal-backend  (2)/vendor/laravel/framework/src/Illuminate/Support/Traits/ForwardsCalls.php(23): Illuminate\\Database\\Eloquent\\Builder->create(Array)
#15 /storage/emulated/0/Download/university-portal-backend  (2)/vendor/laravel/framework/src/Illuminate/Database/Eloquent/Model.php(2372): Illuminate\\Database\\Eloquent\\Model->forwardCallTo(Object(Illuminate\\Database\\Eloquent\\Builder), 'create', Array)
#16 /storage/emulated/0/Download/university-portal-backend  (2)/vendor/laravel/framework/src/Illuminate/Database/Eloquent/Model.php(2384): Illuminate\\Database\\Eloquent\\Model->__call('create', Array)
#17 /storage/emulated/0/Download/university-portal-backend  (2)/create_admin.php(11): Illuminate\\Database\\Eloquent\\Model::__callStatic('create', Array)
#18 {main}
"} 
[2026-08-02 19:05:49] production.ERROR: SQLSTATE[HY000]: General error: 1 no such table: sessions (Connection: sqlite, SQL: delete from "sessions" where "id" = ldX19gWnSsDhGiva9F2zkxgEvupnN8UO6Nj7hTd5) {"userId":1,"exception":"[object] (Illuminate\\Database\\QueryException(code: HY000): SQLSTATE[HY000]: General error: 1 no such table: sessions (Connection: sqlite, SQL: delete from \"sessions\" where \"id\" = ldX19gWnSsDhGiva9F2zkxgEvupnN8UO6Nj7hTd5) at /storage/emulated/0/Download/university-portal-backend  (2)/vendor/laravel/framework/src/Illuminate/Database/Connection.php:825)
[stacktrace]
#0 /storage/emulated/0/Download/university-portal-backend  (2)/vendor/laravel/framework/src/Illuminate/Database/Connection.php(779): Illuminate\\Database\\Connection->runQueryCallback('delete from \"se...', Array, Object(Closure))
#1 /storage/emulated/0/Download/university-portal-backend  (2)/vendor/laravel/framework/src/Illuminate/Database/Connection.php(584): Illuminate\\Database\\Connection->run('delete from \"se...', Array, Object(Closure))
#2 /storage/emulated/0/Download/university-portal-backend  (2)/vendor/laravel/framework/src/Illuminate/Database/Connection.php(548): Illuminate\\Database\\Connection->affectingStatement('delete from \"se...', Array)
#3 /storage/emulated/0/Download/university-portal-backend  (2)/vendor/laravel/framework/src/Illuminate/Database/Query/Builder.php(4024): Illuminate\\Database\\Connection->delete('delete from \"se...', Array)
#4 /storage/emulated/0/Download/university-portal-backend  (2)/vendor/laravel/framework/src/Illuminate/Session/DatabaseSessionHandler.php(269): Illuminate\\Database\\Query\\Builder->delete()
#5 /storage/emulated/0/Download/university-portal-backend  (2)/vendor/laravel/framework/src/Illuminate/Session/Store.php(609): Illuminate\\Session\\DatabaseSessionHandler->destroy('ldX19gWnSsDhGiv...')
#6 /storage/emulated/0/Download/university-portal-backend  (2)/vendor/laravel/framework/src/Illuminate/Auth/SessionGuard.php(579): Illuminate\\Session\\Store->migrate(true)
#7 /storage/emulated/0/Download/university-portal-backend  (2)/vendor/laravel/framework/src/Illuminate/Auth/SessionGuard.php(550): Illuminate\\Auth\\SessionGuard->updateSession(1)
#8 /storage/emulated/0/Download/university-portal-backend  (2)/vendor/laravel/framework/src/Illuminate/Auth/SessionGuard.php(423): Illuminate\\Auth\\SessionGuard->login(Object(App\\Models\\User), false)
#9 /storage/emulated/0/Download/university-portal-backend  (2)/vendor/laravel/framework/src/Illuminate/Support/Timebox.php(34): Illuminate\\Auth\\SessionGuard->{closure:Illuminate\\Auth\\SessionGuard::attempt():412}(Object(Illuminate\\Support\\Timebox))
#10 /storage/emulated/0/Download/university-portal-backend  (2)/vendor/laravel/framework/src/Illuminate/Auth/SessionGuard.php(412): Illuminate\\Support\\Timebox->call(Object(Closure), 200000)
#11 /storage/emulated/0/Download/university-portal-backend  (2)/vendor/laravel/framework/src/Illuminate/Auth/AuthManager.php(340): Illuminate\\Auth\\SessionGuard->attempt(Array)
#12 /storage/emulated/0/Download/university-portal-backend  (2)/vendor/laravel/framework/src/Illuminate/Support/Facades/Facade.php(361): Illuminate\\Auth\\AuthManager->__call('attempt', Array)
#13 /storage/emulated/0/Download/university-portal-backend  (2)/app/Http/Controllers/Api/AuthController.php(21): Illuminate\\Support\\Facades\\Facade::__callStatic('attempt', Array)
#14 /storage/emulated/0/Download/university-portal-backend  (2)/vendor/laravel/framework/src/Illuminate/Routing/ControllerDispatcher.php(47): App\\Http\\Controllers\\Api\\AuthController->login(Object(Illuminate\\Http\\Request))
#15 /storage/emulated/0/Download/university-portal-backend  (2)/vendor/laravel/framework/src/Illuminate/Routing/Route.php(266): Illuminate\\Routing\\ControllerDispatcher->dispatch(Object(Illuminate\\Routing\\Route), Object(App\\Http\\Controllers\\Api\\AuthController), 'login')
#16 /storage/emulated/0/Download/university-portal-backend  (2)/vendor/laravel/framework/src/Illuminate/Routing/Route.php(212): Illuminate\\Routing\\Route->runController()
#17 /storage/emulated/0/Download/university-portal-backend  (2)/vendor/laravel/framework/src/Illuminate/Routing/Router.php(808): Illuminate\\Routing\\Route->run()
#18 /storage/emulated/0/Download/university-portal-backend  (2)/vendor/laravel/framework/src/Illuminate/Pipeline/Pipeline.php(170): Illuminate\\Routing\\Router->{closure:Illuminate\\Routing\\Router::runRouteWithinStack():807}(Object(Illuminate\\Http\\Request))
#19 /storage/emulated/0/Download/university-portal-backend  (2)/vendor/laravel/framework/src/Illuminate/Routing/Middleware/SubstituteBindings.php(51): Illuminate\\Pipeline\\Pipeline->{closure:Illuminate\\Pipeline\\Pipeline::prepareDestination():168}(Object(Illuminate\\Http\\Request))
#20 /storage/emulated/0/Download/university-portal-backend  (2)/vendor/laravel/framework/src/Illuminate/Pipeline/Pipeline.php(209): Illuminate\\Routing\\Middleware\\SubstituteBindings->handle(Object(Illuminate\\Http\\Request), Object(Closure))
#21 /storage/emulated/0/Download/university-portal-backend  (2)/vendor/laravel/framework/src/Illuminate/Pipeline/Pipeline.php(127): Illuminate\\Pipeline\\Pipeline->{closure:{closure:Illuminate\\Pipeline\\Pipeline::carry():184}:185}(Object(Illuminate\\Http\\Request))
#22 /storage/emulated/0/Download/university-portal-backend  (2)/vendor/laravel/framework/src/Illuminate/Routing/Router.php(807): Illuminate\\Pipeline\\Pipeline->then(Object(Closure))
#23 /storage/emulated/0/Download/university-portal-backend  (2)/vendor/laravel/framework/src/Illuminate/Routing/Router.php(786): Illuminate\\Routing\\Router->runRouteWithinStack(Object(Illuminate\\Routing\\Route), Object(Illuminate\\Http\\Request))
#24 /storage/emulated/0/Download/university-portal-backend  (2)/vendor/laravel/framework/src/Illuminate/Routing/Router.php(750): Illuminate\\Routing\\Router->runRoute(Object(Illuminate\\Http\\Request), Object(Illuminate\\Routing\\Route))
#25 /storage/emulated/0/Download/university-portal-backend  (2)/vendor/laravel/framework/src/Illuminate/Routing/Router.php(739): Illuminate\\Routing\\Router->dispatchToRoute(Object(Illuminate\\Http\\Request))
#26 /storage/emulated/0/Download/university-portal-backend  (2)/vendor/laravel/framework/src/Illuminate/Foundation/Http/Kernel.php(201): Illuminate\\Routing\\Router->dispatch(Object(Illuminate\\Http\\Request))
#27 /storage/emulated/0/Download/university-portal-backend  (2)/vendor/laravel/framework/src/Illuminate/Pipeline/Pipeline.php(170): Illuminate\\Foundation\\Http\\Kernel->{closure:Illuminate\\Foundation\\Http\\Kernel::dispatchToRouter():198}(Object(Illuminate\\Http\\Request))
#28 /storage/emulated/0/Download/university-portal-backend  (2)/vendor/laravel/framework/src/Illuminate/Foundation/Http/Middleware/TransformsRequest.php(21): Illuminate\\Pipeline\\Pipeline->{closure:Illuminate\\Pipeline\\Pipeline::prepareDestination():168}(Object(Illuminate\\Http\\Request))
#29 /storage/emulated/0/Download/university-portal-backend  (2)/vendor/laravel/framework/src/Illuminate/Foundation/Http/Middleware/ConvertEmptyStringsToNull.php(31): Illuminate\\Foundation\\Http\\Middleware\\TransformsRequest->handle(Object(Illuminate\\Http\\Request), Object(Closure))
#30 /storage/emulated/0/Download/university-portal-backend  (2)/vendor/laravel/framework/src/Illuminate/Pipeline/Pipeline.php(209): Illuminate\\Foundation\\Http\\Middleware\\ConvertEmptyStringsToNull->handle(Object(Illuminate\\Http\\Request), Object(Closure))
#31 /storage/emulated/0/Download/university-portal-backend  (2)/vendor/laravel/framework/src/Illuminate/Foundation/Http/Middleware/TransformsRequest.php(21): Illuminate\\Pipeline\\Pipeline->{closure:{closure:Illuminate\\Pipeline\\Pipeline::carry():184}:185}(Object(Illuminate\\Http\\Request))
#32 /storage/emulated/0/Download/university-portal-backend  (2)/vendor/laravel/framework/src/Illuminate/Foundation/Http/Middleware/TrimStrings.php(51): Illuminate\\Foundation\\Http\\Middleware\\TransformsRequest->handle(Object(Illuminate\\Http\\Request), Object(Closure))
#33 /storage/emulated/0/Download/university-portal-backend  (2)/vendor/laravel/framework/src/Illuminate/Pipeline/Pipeline.php(209): Illuminate\\Foundation\\Http\\Middleware\\TrimStrings->handle(Object(Illuminate\\Http\\Request), Object(Closure))
#34 /storage/emulated/0/Download/university-portal-backend  (2)/vendor/laravel/framework/src/Illuminate/Http/Middleware/ValidatePostSize.php(27): Illuminate\\Pipeline\\Pipeline->{closure:{closure:Illuminate\\Pipeline\\Pipeline::carry():184}:185}(Object(Illuminate\\Http\\Request))
#35 /storage/emulated/0/Download/university-portal-backend  (2)/vendor/laravel/framework/src/Illuminate/Pipeline/Pipeline.php(209): Illuminate\\Http\\Middleware\\ValidatePostSize->handle(Object(Illuminate\\Http\\Request), Object(Closure))
#36 /storage/emulated/0/Download/university-portal-backend  (2)/vendor/laravel/framework/src/Illuminate/Foundation/Http/Middleware/PreventRequestsDuringMaintenance.php(110): Illuminate\\Pipeline\\Pipeline->{closure:{closure:Illuminate\\Pipeline\\Pipeline::carry():184}:185}(Object(Illuminate\\Http\\Request))
#37 /storage/emulated/0/Download/university-portal-backend  (2)/vendor/laravel/framework/src/Illuminate/Pipeline/Pipeline.php(209): Illuminate\\Foundation\\Http\\Middleware\\PreventRequestsDuringMaintenance->handle(Object(Illuminate\\Http\\Request), Object(Closure))
#38 /storage/emulated/0/Download/university-portal-backend  (2)/vendor/laravel/framework/src/Illuminate/Http/Middleware/HandleCors.php(62): Illuminate\\Pipeline\\Pipeline->{closure:{closure:Illuminate\\Pipeline\\Pipeline::carry():184}:185}(Object(Illuminate\\Http\\Request))
#39 /storage/emulated/0/Download/university-portal-backend  (2)/vendor/laravel/framework/src/Illuminate/Pipeline/Pipeline.php(209): Illuminate\\Http\\Middleware\\HandleCors->handle(Object(Illuminate\\Http\\Request), Object(Closure))
#40 /storage/emulated/0/Download/university-portal-backend  (2)/vendor/laravel/framework/src/Illuminate/Http/Middleware/TrustProxies.php(58): Illuminate\\Pipeline\\Pipeline->{closure:{closure:Illuminate\\Pipeline\\Pipeline::carry():184}:185}(Object(Illuminate\\Http\\Request))
#41 /storage/emulated/0/Download/university-portal-backend  (2)/vendor/laravel/framework/src/Illuminate/Pipeline/Pipeline.php(209): Illuminate\\Http\\Middleware\\TrustProxies->handle(Object(Illuminate\\Http\\Request), Object(Closure))
#42 /storage/emulated/0/Download/university-portal-backend  (2)/vendor/laravel/framework/src/Illuminate/Foundation/Http/Middleware/InvokeDeferredCallbacks.php(22): Illuminate\\Pipeline\\Pipeline->{closure:{closure:Illuminate\\Pipeline\\Pipeline::carry():184}:185}(Object(Illuminate\\Http\\Request))
#43 /storage/emulated/0/Download/university-portal-backend  (2)/vendor/laravel/framework/src/Illuminate/Pipeline/Pipeline.php(209): Illuminate\\Foundation\\Http\\Middleware\\InvokeDeferredCallbacks->handle(Object(Illuminate\\Http\\Request), Object(Closure))
#44 /storage/emulated/0/Download/university-portal-backend  (2)/vendor/laravel/framework/src/Illuminate/Pipeline/Pipeline.php(127): Illuminate\\Pipeline\\Pipeline->{closure:{closure:Illuminate\\Pipeline\\Pipeline::carry():184}:185}(Object(Illuminate\\Http\\Request))
#45 /storage/emulated/0/Download/university-portal-backend  (2)/vendor/laravel/framework/src/Illuminate/Foundation/Http/Kernel.php(176): Illuminate\\Pipeline\\Pipeline->then(Object(Closure))
#46 /storage/emulated/0/Download/university-portal-backend  (2)/vendor/laravel/framework/src/Illuminate/Foundation/Http/Kernel.php(145): Illuminate\\Foundation\\Http\\Kernel->sendRequestThroughRouter(Object(Illuminate\\Http\\Request))
#47 /storage/emulated/0/Download/university-portal-backend  (2)/vendor/laravel/framework/src/Illuminate/Foundation/Application.php(1220): Illuminate\\Foundation\\Http\\Kernel->handle(Object(Illuminate\\Http\\Request))
#48 /storage/emulated/0/Download/university-portal-backend  (2)/public/index.php(15): Illuminate\\Foundation\\Application->handleRequest(Object(Illuminate\\Http\\Request))
#49 {main}

[previous exception] [object] (PDOException(code: HY000): SQLSTATE[HY000]: General error: 1 no such table: sessions at /storage/emulated/0/Download/university-portal-backend  (2)/vendor/laravel/framework/src/Illuminate/Database/Connection.php:592)
[stacktrace]
#0 /storage/emulated/0/Download/university-portal-backend  (2)/vendor/laravel/framework/src/Illuminate/Database/Connection.php(592): PDO->prepare('delete from \"se...')
#1 /storage/emulated/0/Download/university-portal-backend  (2)/vendor/laravel/framework/src/Illuminate/Database/Connection.php(812): Illuminate\\Database\\Connection->{closure:Illuminate\\Database\\Connection::affectingStatement():584}('delete from \"se...', Array)
#2 /storage/emulated/0/Download/university-portal-backend  (2)/vendor/laravel/framework/src/Illuminate/Database/Connection.php(779): Illuminate\\Database\\Connection->runQueryCallback('delete from \"se...', Array, Object(Closure))
#3 /storage/emulated/0/Download/university-portal-backend  (2)/vendor/laravel/framework/src/Illuminate/Database/Connection.php(584): Illuminate\\Database\\Connection->run('delete from \"se...', Array, Object(Closure))
#4 /storage/emulated/0/Download/university-portal-backend  (2)/vendor/laravel/framework/src/Illuminate/Database/Connection.php(548): Illuminate\\Database\\Connection->affectingStatement('delete from \"se...', Array)
#5 /storage/emulated/0/Download/university-portal-backend  (2)/vendor/laravel/framework/src/Illuminate/Database/Query/Builder.php(4024): Illuminate\\Database\\Connection->delete('delete from \"se...', Array)
#6 /storage/emulated/0/Download/university-portal-backend  (2)/vendor/laravel/framework/src/Illuminate/Session/DatabaseSessionHandler.php(269): Illuminate\\Database\\Query\\Builder->delete()
#7 /storage/emulated/0/Download/university-portal-backend  (2)/vendor/laravel/framework/src/Illuminate/Session/Store.php(609): Illuminate\\Session\\DatabaseSessionHandler->destroy('ldX19gWnSsDhGiv...')
#8 /storage/emulated/0/Download/university-portal-backend  (2)/vendor/laravel/framework/src/Illuminate/Auth/SessionGuard.php(579): Illuminate\\Session\\Store->migrate(true)
#9 /storage/emulated/0/Download/university-portal-backend  (2)/vendor/laravel/framework/src/Illuminate/Auth/SessionGuard.php(550): Illuminate\\Auth\\SessionGuard->updateSession(1)
#10 /storage/emulated/0/Download/university-portal-backend  (2)/vendor/laravel/framework/src/Illuminate/Auth/SessionGuard.php(423): Illuminate\\Auth\\SessionGuard->login(Object(App\\Models\\User), false)
#11 /storage/emulated/0/Download/university-portal-backend  (2)/vendor/laravel/framework/src/Illuminate/Support/Timebox.php(34): Illuminate\\Auth\\SessionGuard->{closure:Illuminate\\Auth\\SessionGuard::attempt():412}(Object(Illuminate\\Support\\Timebox))
#12 /storage/emulated/0/Download/university-portal-backend  (2)/vendor/laravel/framework/src/Illuminate/Auth/SessionGuard.php(412): Illuminate\\Support\\Timebox->call(Object(Closure), 200000)
#13 /storage/emulated/0/Download/university-portal-backend  (2)/vendor/laravel/framework/src/Illuminate/Auth/AuthManager.php(340): Illuminate\\Auth\\SessionGuard->attempt(Array)
#14 /storage/emulated/0/Download/university-portal-backend  (2)/vendor/laravel/framework/src/Illuminate/Support/Facades/Facade.php(361): Illuminate\\Auth\\AuthManager->__call('attempt', Array)
#15 /storage/emulated/0/Download/university-portal-backend  (2)/app/Http/Controllers/Api/AuthController.php(21): Illuminate\\Support\\Facades\\Facade::__callStatic('attempt', Array)
#16 /storage/emulated/0/Download/university-portal-backend  (2)/vendor/laravel/framework/src/Illuminate/Routing/ControllerDispatcher.php(47): App\\Http\\Controllers\\Api\\AuthController->login(Object(Illuminate\\Http\\Request))
#17 /storage/emulated/0/Download/university-portal-backend  (2)/vendor/laravel/framework/src/Illuminate/Routing/Route.php(266): Illuminate\\Routing\\ControllerDispatcher->dispatch(Object(Illuminate\\Routing\\Route), Object(App\\Http\\Controllers\\Api\\AuthController), 'login')
#18 /storage/emulated/0/Download/university-portal-backend  (2)/vendor/laravel/framework/src/Illuminate/Routing/Route.php(212): Illuminate\\Routing\\Route->runController()
#19 /storage/emulated/0/Download/university-portal-backend  (2)/vendor/laravel/framework/src/Illuminate/Routing/Router.php(808): Illuminate\\Routing\\Route->run()
#20 /storage/emulated/0/Download/university-portal-backend  (2)/vendor/laravel/framework/src/Illuminate/Pipeline/Pipeline.php(170): Illuminate\\Routing\\Router->{closure:Illuminate\\Routing\\Router::runRouteWithinStack():807}(Object(Illuminate\\Http\\Request))
#21 /storage/emulated/0/Download/university-portal-backend  (2)/vendor/laravel/framework/src/Illuminate/Routing/Middleware/SubstituteBindings.php(51): Illuminate\\Pipeline\\Pipeline->{closure:Illuminate\\Pipeline\\Pipeline::prepareDestination():168}(Object(Illuminate\\Http\\Request))
#22 /storage/emulated/0/Download/university-portal-backend  (2)/vendor/laravel/framework/src/Illuminate/Pipeline/Pipeline.php(209): Illuminate\\Routing\\Middleware\\SubstituteBindings->handle(Object(Illuminate\\Http\\Request), Object(Closure))
#23 /storage/emulated/0/Download/university-portal-backend  (2)/vendor/laravel/framework/src/Illuminate/Pipeline/Pipeline.php(127): Illuminate\\Pipeline\\Pipeline->{closure:{closure:Illuminate\\Pipeline\\Pipeline::carry():184}:185}(Object(Illuminate\\Http\\Request))
#24 /storage/emulated/0/Download/university-portal-backend  (2)/vendor/laravel/framework/src/Illuminate/Routing/Router.php(807): Illuminate\\Pipeline\\Pipeline->then(Object(Closure))
#25 /storage/emulated/0/Download/university-portal-backend  (2)/vendor/laravel/framework/src/Illuminate/Routing/Router.php(786): Illuminate\\Routing\\Router->runRouteWithinStack(Object(Illuminate\\Routing\\Route), Object(Illuminate\\Http\\Request))
#26 /storage/emulated/0/Download/university-portal-backend  (2)/vendor/laravel/framework/src/Illuminate/Routing/Router.php(750): Illuminate\\Routing\\Router->runRoute(Object(Illuminate\\Http\\Request), Object(Illuminate\\Routing\\Route))
#27 /storage/emulated/0/Download/university-portal-backend  (2)/vendor/laravel/framework/src/Illuminate/Routing/Router.php(739): Illuminate\\Routing\\Router->dispatchToRoute(Object(Illuminate\\Http\\Request))
#28 /storage/emulated/0/Download/university-portal-backend  (2)/vendor/laravel/framework/src/Illuminate/Foundation/Http/Kernel.php(201): Illuminate\\Routing\\Router->dispatch(Object(Illuminate\\Http\\Request))
#29 /storage/emulated/0/Download/university-portal-backend  (2)/vendor/laravel/framework/src/Illuminate/Pipeline/Pipeline.php(170): Illuminate\\Foundation\\Http\\Kernel->{closure:Illuminate\\Foundation\\Http\\Kernel::dispatchToRouter():198}(Object(Illuminate\\Http\\Request))
#30 /storage/emulated/0/Download/university-portal-backend  (2)/vendor/laravel/framework/src/Illuminate/Foundation/Http/Middleware/TransformsRequest.php(21): Illuminate\\Pipeline\\Pipeline->{closure:Illuminate\\Pipeline\\Pipeline::prepareDestination():168}(Object(Illuminate\\Http\\Request))
#31 /storage/emulated/0/Download/university-portal-backend  (2)/vendor/laravel/framework/src/Illuminate/Foundation/Http/Middleware/ConvertEmptyStringsToNull.php(31): Illuminate\\Foundation\\Http\\Middleware\\TransformsRequest->handle(Object(Illuminate\\Http\\Request), Object(Closure))
#32 /storage/emulated/0/Download/university-portal-backend  (2)/vendor/laravel/framework/src/Illuminate/Pipeline/Pipeline.php(209): Illuminate\\Foundation\\Http\\Middleware\\ConvertEmptyStringsToNull->handle(Object(Illuminate\\Http\\Request), Object(Closure))
#33 /storage/emulated/0/Download/university-portal-backend  (2)/vendor/laravel/framework/src/Illuminate/Foundation/Http/Middleware/TransformsRequest.php(21): Illuminate\\Pipeline\\Pipeline->{closure:{closure:Illuminate\\Pipeline\\Pipeline::carry():184}:185}(Object(Illuminate\\Http\\Request))
#34 /storage/emulated/0/Download/university-portal-backend  (2)/vendor/laravel/framework/src/Illuminate/Foundation/Http/Middleware/TrimStrings.php(51): Illuminate\\Foundation\\Http\\Middleware\\TransformsRequest->handle(Object(Illuminate\\Http\\Request), Object(Closure))
#35 /storage/emulated/0/Download/university-portal-backend  (2)/vendor/laravel/framework/src/Illuminate/Pipeline/Pipeline.php(209): Illuminate\\Foundation\\Http\\Middleware\\TrimStrings->handle(Object(Illuminate\\Http\\Request), Object(Closure))
#36 /storage/emulated/0/Download/university-portal-backend  (2)/vendor/laravel/framework/src/Illuminate/Http/Middleware/ValidatePostSize.php(27): Illuminate\\Pipeline\\Pipeline->{closure:{closure:Illuminate\\Pipeline\\Pipeline::carry():184}:185}(Object(Illuminate\\Http\\Request))
#37 /storage/emulated/0/Download/university-portal-backend  (2)/vendor/laravel/framework/src/Illuminate/Pipeline/Pipeline.php(209): Illuminate\\Http\\Middleware\\ValidatePostSize->handle(Object(Illuminate\\Http\\Request), Object(Closure))
#38 /storage/emulated/0/Download/university-portal-backend  (2)/vendor/laravel/framework/src/Illuminate/Foundation/Http/Middleware/PreventRequestsDuringMaintenance.php(110): Illuminate\\Pipeline\\Pipeline->{closure:{closure:Illuminate\\Pipeline\\Pipeline::carry():184}:185}(Object(Illuminate\\Http\\Request))
#39 /storage/emulated/0/Download/university-portal-backend  (2)/vendor/laravel/framework/src/Illuminate/Pipeline/Pipeline.php(209): Illuminate\\Foundation\\Http\\Middleware\\PreventRequestsDuringMaintenance->handle(Object(Illuminate\\Http\\Request), Object(Closure))
#40 /storage/emulated/0/Download/university-portal-backend  (2)/vendor/laravel/framework/src/Illuminate/Http/Middleware/HandleCors.php(62): Illuminate\\Pipeline\\Pipeline->{closure:{closure:Illuminate\\Pipeline\\Pipeline::carry():184}:185}(Object(Illuminate\\Http\\Request))
#41 /storage/emulated/0/Download/university-portal-backend  (2)/vendor/laravel/framework/src/Illuminate/Pipeline/Pipeline.php(209): Illuminate\\Http\\Middleware\\HandleCors->handle(Object(Illuminate\\Http\\Request), Object(Closure))
#42 /storage/emulated/0/Download/university-portal-backend  (2)/vendor/laravel/framework/src/Illuminate/Http/Middleware/TrustProxies.php(58): Illuminate\\Pipeline\\Pipeline->{closure:{closure:Illuminate\\Pipeline\\Pipeline::carry():184}:185}(Object(Illuminate\\Http\\Request))
#43 /storage/emulated/0/Download/university-portal-backend  (2)/vendor/laravel/framework/src/Illuminate/Pipeline/Pipeline.php(209): Illuminate\\Http\\Middleware\\TrustProxies->handle(Object(Illuminate\\Http\\Request), Object(Closure))
#44 /storage/emulated/0/Download/university-portal-backend  (2)/vendor/laravel/framework/src/Illuminate/Foundation/Http/Middleware/InvokeDeferredCallbacks.php(22): Illuminate\\Pipeline\\Pipeline->{closure:{closure:Illuminate\\Pipeline\\Pipeline::carry():184}:185}(Object(Illuminate\\Http\\Request))
#45 /storage/emulated/0/Download/university-portal-backend  (2)/vendor/laravel/framework/src/Illuminate/Pipeline/Pipeline.php(209): Illuminate\\Foundation\\Http\\Middleware\\InvokeDeferredCallbacks->handle(Object(Illuminate\\Http\\Request), Object(Closure))
#46 /storage/emulated/0/Download/university-portal-backend  (2)/vendor/laravel/framework/src/Illuminate/Pipeline/Pipeline.php(127): Illuminate\\Pipeline\\Pipeline->{closure:{closure:Illuminate\\Pipeline\\Pipeline::carry():184}:185}(Object(Illuminate\\Http\\Request))
#47 /storage/emulated/0/Download/university-portal-backend  (2)/vendor/laravel/framework/src/Illuminate/Foundation/Http/Kernel.php(176): Illuminate\\Pipeline\\Pipeline->then(Object(Closure))
#48 /storage/emulated/0/Download/university-portal-backend  (2)/vendor/laravel/framework/src/Illuminate/Foundation/Http/Kernel.php(145): Illuminate\\Foundation\\Http\\Kernel->sendRequestThroughRouter(Object(Illuminate\\Http\\Request))
#49 /storage/emulated/0/Download/university-portal-backend  (2)/vendor/laravel/framework/src/Illuminate/Foundation/Application.php(1220): Illuminate\\Foundation\\Http\\Kernel->handle(Object(Illuminate\\Http\\Request))
#50 /storage/emulated/0/Download/university-portal-backend  (2)/public/index.php(15): Illuminate\\Foundation\\Application->handleRequest(Object(Illuminate\\Http\\Request))
#51 {main}
"} 
[2026-08-02 19:06:51] production.ERROR: SQLSTATE[HY000]: General error: 1 no such table: sessions (Connection: sqlite, SQL: delete from "sessions" where "id" = FAGTKezGu7v0zHeZc9bWQU9sjEubcL7qQZ83rRcC) {"userId":1,"exception":"[object] (Illuminate\\Database\\QueryException(code: HY000): SQLSTATE[HY000]: General error: 1 no such table: sessions (Connection: sqlite, SQL: delete from \"sessions\" where \"id\" = FAGTKezGu7v0zHeZc9bWQU9sjEubcL7qQZ83rRcC) at /storage/emulated/0/Download/university-portal-backend  (2)/vendor/laravel/framework/src/Illuminate/Database/Connection.php:825)
[stacktrace]
#0 /storage/emulated/0/Download/university-portal-backend  (2)/vendor/laravel/framework/src/Illuminate/Database/Connection.php(779): Illuminate\\Database\\Connection->runQueryCallback('delete from \"se...', Array, Object(Closure))
#1 /storage/emulated/0/Download/university-portal-backend  (2)/vendor/laravel/framework/src/Illuminate/Database/Connection.php(584): Illuminate\\Database\\Connection->run('delete from \"se...', Array, Object(Closure))
#2 /storage/emulated/0/Download/university-portal-backend  (2)/vendor/laravel/framework/src/Illuminate/Database/Connection.php(548): Illuminate\\Database\\Connection->affectingStatement('delete from \"se...', Array)
#3 /storage/emulated/0/Download/university-portal-backend  (2)/vendor/laravel/framework/src/Illuminate/Database/Query/Builder.php(4024): Illuminate\\Database\\Connection->delete('delete from \"se...', Array)
#4 /storage/emulated/0/Download/university-portal-backend  (2)/vendor/laravel/framework/src/Illuminate/Session/DatabaseSessionHandler.php(269): Illuminate\\Database\\Query\\Builder->delete()
#5 /storage/emulated/0/Download/university-portal-backend  (2)/vendor/laravel/framework/src/Illuminate/Session/Store.php(609): Illuminate\\Session\\DatabaseSessionHandler->destroy('FAGTKezGu7v0zHe...')
#6 /storage/emulated/0/Download/university-portal-backend  (2)/vendor/laravel/framework/src/Illuminate/Auth/SessionGuard.php(579): Illuminate\\Session\\Store->migrate(true)
#7 /storage/emulated/0/Download/university-portal-backend  (2)/vendor/laravel/framework/src/Illuminate/Auth/SessionGuard.php(550): Illuminate\\Auth\\SessionGuard->updateSession(1)
#8 /storage/emulated/0/Download/university-portal-backend  (2)/vendor/laravel/framework/src/Illuminate/Auth/SessionGuard.php(423): Illuminate\\Auth\\SessionGuard->login(Object(App\\Models\\User), false)
#9 /storage/emulated/0/Download/university-portal-backend  (2)/vendor/laravel/framework/src/Illuminate/Support/Timebox.php(34): Illuminate\\Auth\\SessionGuard->{closure:Illuminate\\Auth\\SessionGuard::attempt():412}(Object(Illuminate\\Support\\Timebox))
#10 /storage/emulated/0/Download/university-portal-backend  (2)/vendor/laravel/framework/src/Illuminate/Auth/SessionGuard.php(412): Illuminate\\Support\\Timebox->call(Object(Closure), 200000)
#11 /storage/emulated/0/Download/university-portal-backend  (2)/vendor/laravel/framework/src/Illuminate/Auth/AuthManager.php(340): Illuminate\\Auth\\SessionGuard->attempt(Array)
#12 /storage/emulated/0/Download/university-portal-backend  (2)/vendor/laravel/framework/src/Illuminate/Support/Facades/Facade.php(361): Illuminate\\Auth\\AuthManager->__call('attempt', Array)
#13 /storage/emulated/0/Download/university-portal-backend  (2)/app/Http/Controllers/Api/AuthController.php(21): Illuminate\\Support\\Facades\\Facade::__callStatic('attempt', Array)
#14 /storage/emulated/0/Download/university-portal-backend  (2)/vendor/laravel/framework/src/Illuminate/Routing/ControllerDispatcher.php(47): App\\Http\\Controllers\\Api\\AuthController->login(Object(Illuminate\\Http\\Request))
#15 /storage/emulated/0/Download/university-portal-backend  (2)/vendor/laravel/framework/src/Illuminate/Routing/Route.php(266): Illuminate\\Routing\\ControllerDispatcher->dispatch(Object(Illuminate\\Routing\\Route), Object(App\\Http\\Controllers\\Api\\AuthController), 'login')
#16 /storage/emulated/0/Download/university-portal-backend  (2)/vendor/laravel/framework/src/Illuminate/Routing/Route.php(212): Illuminate\\Routing\\Route->runController()
#17 /storage/emulated/0/Download/university-portal-backend  (2)/vendor/laravel/framework/src/Illuminate/Routing/Router.php(808): Illuminate\\Routing\\Route->run()
#18 /storage/emulated/0/Download/university-portal-backend  (2)/vendor/laravel/framework/src/Illuminate/Pipeline/Pipeline.php(170): Illuminate\\Routing\\Router->{closure:Illuminate\\Routing\\Router::runRouteWithinStack():807}(Object(Illuminate\\Http\\Request))
#19 /storage/emulated/0/Download/university-portal-backend  (2)/vendor/laravel/framework/src/Illuminate/Routing/Middleware/SubstituteBindings.php(51): Illuminate\\Pipeline\\Pipeline->{closure:Illuminate\\Pipeline\\Pipeline::prepareDestination():168}(Object(Illuminate\\Http\\Request))
#20 /storage/emulated/0/Download/university-portal-backend  (2)/vendor/laravel/framework/src/Illuminate/Pipeline/Pipeline.php(209): Illuminate\\Routing\\Middleware\\SubstituteBindings->handle(Object(Illuminate\\Http\\Request), Object(Closure))
#21 /storage/emulated/0/Download/university-portal-backend  (2)/vendor/laravel/framework/src/Illuminate/Pipeline/Pipeline.php(127): Illuminate\\Pipeline\\Pipeline->{closure:{closure:Illuminate\\Pipeline\\Pipeline::carry():184}:185}(Object(Illuminate\\Http\\Request))
#22 /storage/emulated/0/Download/university-portal-backend  (2)/vendor/laravel/framework/src/Illuminate/Routing/Router.php(807): Illuminate\\Pipeline\\Pipeline->then(Object(Closure))
#23 /storage/emulated/0/Download/university-portal-backend  (2)/vendor/laravel/framework/src/Illuminate/Routing/Router.php(786): Illuminate\\Routing\\Router->runRouteWithinStack(Object(Illuminate\\Routing\\Route), Object(Illuminate\\Http\\Request))
#24 /storage/emulated/0/Download/university-portal-backend  (2)/vendor/laravel/framework/src/Illuminate/Routing/Router.php(750): Illuminate\\Routing\\Router->runRoute(Object(Illuminate\\Http\\Request), Object(Illuminate\\Routing\\Route))
#25 /storage/emulated/0/Download/university-portal-backend  (2)/vendor/laravel/framework/src/Illuminate/Routing/Router.php(739): Illuminate\\Routing\\Router->dispatchToRoute(Object(Illuminate\\Http\\Request))
#26 /storage/emulated/0/Download/university-portal-backend  (2)/vendor/laravel/framework/src/Illuminate/Foundation/Http/Kernel.php(201): Illuminate\\Routing\\Router->dispatch(Object(Illuminate\\Http\\Request))
#27 /storage/emulated/0/Download/university-portal-backend  (2)/vendor/laravel/framework/src/Illuminate/Pipeline/Pipeline.php(170): Illuminate\\Foundation\\Http\\Kernel->{closure:Illuminate\\Foundation\\Http\\Kernel::dispatchToRouter():198}(Object(Illuminate\\Http\\Request))
#28 /storage/emulated/0/Download/university-portal-backend  (2)/vendor/laravel/framework/src/Illuminate/Foundation/Http/Middleware/TransformsRequest.php(21): Illuminate\\Pipeline\\Pipeline->{closure:Illuminate\\Pipeline\\Pipeline::prepareDestination():168}(Object(Illuminate\\Http\\Request))
#29 /storage/emulated/0/Download/university-portal-backend  (2)/vendor/laravel/framework/src/Illuminate/Foundation/Http/Middleware/ConvertEmptyStringsToNull.php(31): Illuminate\\Foundation\\Http\\Middleware\\TransformsRequest->handle(Object(Illuminate\\Http\\Request), Object(Closure))
#30 /storage/emulated/0/Download/university-portal-backend  (2)/vendor/laravel/framework/src/Illuminate/Pipeline/Pipeline.php(209): Illuminate\\Foundation\\Http\\Middleware\\ConvertEmptyStringsToNull->handle(Object(Illuminate\\Http\\Request), Object(Closure))
#31 /storage/emulated/0/Download/university-portal-backend  (2)/vendor/laravel/framework/src/Illuminate/Foundation/Http/Middleware/TransformsRequest.php(21): Illuminate\\Pipeline\\Pipeline->{closure:{closure:Illuminate\\Pipeline\\Pipeline::carry():184}:185}(Object(Illuminate\\Http\\Request))
#32 /storage/emulated/0/Download/university-portal-backend  (2)/vendor/laravel/framework/src/Illuminate/Foundation/Http/Middleware/TrimStrings.php(51): Illuminate\\Foundation\\Http\\Middleware\\TransformsRequest->handle(Object(Illuminate\\Http\\Request), Object(Closure))
#33 /storage/emulated/0/Download/university-portal-backend  (2)/vendor/laravel/framework/src/Illuminate/Pipeline/Pipeline.php(209): Illuminate\\Foundation\\Http\\Middleware\\TrimStrings->handle(Object(Illuminate\\Http\\Request), Object(Closure))
#34 /storage/emulated/0/Download/university-portal-backend  (2)/vendor/laravel/framework/src/Illuminate/Http/Middleware/ValidatePostSize.php(27): Illuminate\\Pipeline\\Pipeline->{closure:{closure:Illuminate\\Pipeline\\Pipeline::carry():184}:185}(Object(Illuminate\\Http\\Request))
#35 /storage/emulated/0/Download/university-portal-backend  (2)/vendor/laravel/framework/src/Illuminate/Pipeline/Pipeline.php(209): Illuminate\\Http\\Middleware\\ValidatePostSize->handle(Object(Illuminate\\Http\\Request), Object(Closure))
#36 /storage/emulated/0/Download/university-portal-backend  (2)/vendor/laravel/framework/src/Illuminate/Foundation/Http/Middleware/PreventRequestsDuringMaintenance.php(110): Illuminate\\Pipeline\\Pipeline->{closure:{closure:Illuminate\\Pipeline\\Pipeline::carry():184}:185}(Object(Illuminate\\Http\\Request))
#37 /storage/emulated/0/Download/university-portal-backend  (2)/vendor/laravel/framework/src/Illuminate/Pipeline/Pipeline.php(209): Illuminate\\Foundation\\Http\\Middleware\\PreventRequestsDuringMaintenance->handle(Object(Illuminate\\Http\\Request), Object(Closure))
#38 /storage/emulated/0/Download/university-portal-backend  (2)/vendor/laravel/framework/src/Illuminate/Http/Middleware/HandleCors.php(62): Illuminate\\Pipeline\\Pipeline->{closure:{closure:Illuminate\\Pipeline\\Pipeline::carry():184}:185}(Object(Illuminate\\Http\\Request))
#39 /storage/emulated/0/Download/university-portal-backend  (2)/vendor/laravel/framework/src/Illuminate/Pipeline/Pipeline.php(209): Illuminate\\Http\\Middleware\\HandleCors->handle(Object(Illuminate\\Http\\Request), Object(Closure))
#40 /storage/emulated/0/Download/university-portal-backend  (2)/vendor/laravel/framework/src/Illuminate/Http/Middleware/TrustProxies.php(58): Illuminate\\Pipeline\\Pipeline->{closure:{closure:Illuminate\\Pipeline\\Pipeline::carry():184}:185}(Object(Illuminate\\Http\\Request))
#41 /storage/emulated/0/Download/university-portal-backend  (2)/vendor/laravel/framework/src/Illuminate/Pipeline/Pipeline.php(209): Illuminate\\Http\\Middleware\\TrustProxies->handle(Object(Illuminate\\Http\\Request), Object(Closure))
#42 /storage/emulated/0/Download/university-portal-backend  (2)/vendor/laravel/framework/src/Illuminate/Foundation/Http/Middleware/InvokeDeferredCallbacks.php(22): Illuminate\\Pipeline\\Pipeline->{closure:{closure:Illuminate\\Pipeline\\Pipeline::carry():184}:185}(Object(Illuminate\\Http\\Request))
#43 /storage/emulated/0/Download/university-portal-backend  (2)/vendor/laravel/framework/src/Illuminate/Pipeline/Pipeline.php(209): Illuminate\\Foundation\\Http\\Middleware\\InvokeDeferredCallbacks->handle(Object(Illuminate\\Http\\Request), Object(Closure))
#44 /storage/emulated/0/Download/university-portal-backend  (2)/vendor/laravel/framework/src/Illuminate/Pipeline/Pipeline.php(127): Illuminate\\Pipeline\\Pipeline->{closure:{closure:Illuminate\\Pipeline\\Pipeline::carry():184}:185}(Object(Illuminate\\Http\\Request))
#45 /storage/emulated/0/Download/university-portal-backend  (2)/vendor/laravel/framework/src/Illuminate/Foundation/Http/Kernel.php(176): Illuminate\\Pipeline\\Pipeline->then(Object(Closure))
#46 /storage/emulated/0/Download/university-portal-backend  (2)/vendor/laravel/framework/src/Illuminate/Foundation/Http/Kernel.php(145): Illuminate\\Foundation\\Http\\Kernel->sendRequestThroughRouter(Object(Illuminate\\Http\\Request))
#47 /storage/emulated/0/Download/university-portal-backend  (2)/vendor/laravel/framework/src/Illuminate/Foundation/Application.php(1220): Illuminate\\Foundation\\Http\\Kernel->handle(Object(Illuminate\\Http\\Request))
#48 /storage/emulated/0/Download/university-portal-backend  (2)/public/index.php(15): Illuminate\\Foundation\\Application->handleRequest(Object(Illuminate\\Http\\Request))
#49 {main}

[previous exception] [object] (PDOException(code: HY000): SQLSTATE[HY000]: General error: 1 no such table: sessions at /storage/emulated/0/Download/university-portal-backend  (2)/vendor/laravel/framework/src/Illuminate/Database/Connection.php:592)
[stacktrace]
#0 /storage/emulated/0/Download/university-portal-backend  (2)/vendor/laravel/framework/src/Illuminate/Database/Connection.php(592): PDO->prepare('delete from \"se...')
#1 /storage/emulated/0/Download/university-portal-backend  (2)/vendor/laravel/framework/src/Illuminate/Database/Connection.php(812): Illuminate\\Database\\Connection->{closure:Illuminate\\Database\\Connection::affectingStatement():584}('delete from \"se...', Array)
#2 /storage/emulated/0/Download/university-portal-backend  (2)/vendor/laravel/framework/src/Illuminate/Database/Connection.php(779): Illuminate\\Database\\Connection->runQueryCallback('delete from \"se...', Array, Object(Closure))
#3 /storage/emulated/0/Download/university-portal-backend  (2)/vendor/laravel/framework/src/Illuminate/Database/Connection.php(584): Illuminate\\Database\\Connection->run('delete from \"se...', Array, Object(Closure))
#4 /storage/emulated/0/Download/university-portal-backend  (2)/vendor/laravel/framework/src/Illuminate/Database/Connection.php(548): Illuminate\\Database\\Connection->affectingStatement('delete from \"se...', Array)
#5 /storage/emulated/0/Download/university-portal-backend  (2)/vendor/laravel/framework/src/Illuminate/Database/Query/Builder.php(4024): Illuminate\\Database\\Connection->delete('delete from \"se...', Array)
#6 /storage/emulated/0/Download/university-portal-backend  (2)/vendor/laravel/framework/src/Illuminate/Session/DatabaseSessionHandler.php(269): Illuminate\\Database\\Query\\Builder->delete()
#7 /storage/emulated/0/Download/university-portal-backend  (2)/vendor/laravel/framework/src/Illuminate/Session/Store.php(609): Illuminate\\Session\\DatabaseSessionHandler->destroy('FAGTKezGu7v0zHe...')
#8 /storage/emulated/0/Download/university-portal-backend  (2)/vendor/laravel/framework/src/Illuminate/Auth/SessionGuard.php(579): Illuminate\\Session\\Store->migrate(true)
#9 /storage/emulated/0/Download/university-portal-backend  (2)/vendor/laravel/framework/src/Illuminate/Auth/SessionGuard.php(550): Illuminate\\Auth\\SessionGuard->updateSession(1)
#10 /storage/emulated/0/Download/university-portal-backend  (2)/vendor/laravel/framework/src/Illuminate/Auth/SessionGuard.php(423): Illuminate\\Auth\\SessionGuard->login(Object(App\\Models\\User), false)
#11 /storage/emulated/0/Download/university-portal-backend  (2)/vendor/laravel/framework/src/Illuminate/Support/Timebox.php(34): Illuminate\\Auth\\SessionGuard->{closure:Illuminate\\Auth\\SessionGuard::attempt():412}(Object(Illuminate\\Support\\Timebox))
#12 /storage/emulated/0/Download/university-portal-backend  (2)/vendor/laravel/framework/src/Illuminate/Auth/SessionGuard.php(412): Illuminate\\Support\\Timebox->call(Object(Closure), 200000)
#13 /storage/emulated/0/Download/university-portal-backend  (2)/vendor/laravel/framework/src/Illuminate/Auth/AuthManager.php(340): Illuminate\\Auth\\SessionGuard->attempt(Array)
#14 /storage/emulated/0/Download/university-portal-backend  (2)/vendor/laravel/framework/src/Illuminate/Support/Facades/Facade.php(361): Illuminate\\Auth\\AuthManager->__call('attempt', Array)
#15 /storage/emulated/0/Download/university-portal-backend  (2)/app/Http/Controllers/Api/AuthController.php(21): Illuminate\\Support\\Facades\\Facade::__callStatic('attempt', Array)
#16 /storage/emulated/0/Download/university-portal-backend  (2)/vendor/laravel/framework/src/Illuminate/Routing/ControllerDispatcher.php(47): App\\Http\\Controllers\\Api\\AuthController->login(Object(Illuminate\\Http\\Request))
#17 /storage/emulated/0/Download/university-portal-backend  (2)/vendor/laravel/framework/src/Illuminate/Routing/Route.php(266): Illuminate\\Routing\\ControllerDispatcher->dispatch(Object(Illuminate\\Routing\\Route), Object(App\\Http\\Controllers\\Api\\AuthController), 'login')
#18 /storage/emulated/0/Download/university-portal-backend  (2)/vendor/laravel/framework/src/Illuminate/Routing/Route.php(212): Illuminate\\Routing\\Route->runController()
#19 /storage/emulated/0/Download/university-portal-backend  (2)/vendor/laravel/framework/src/Illuminate/Routing/Router.php(808): Illuminate\\Routing\\Route->run()
#20 /storage/emulated/0/Download/university-portal-backend  (2)/vendor/laravel/framework/src/Illuminate/Pipeline/Pipeline.php(170): Illuminate\\Routing\\Router->{closure:Illuminate\\Routing\\Router::runRouteWithinStack():807}(Object(Illuminate\\Http\\Request))
#21 /storage/emulated/0/Download/university-portal-backend  (2)/vendor/laravel/framework/src/Illuminate/Routing/Middleware/SubstituteBindings.php(51): Illuminate\\Pipeline\\Pipeline->{closure:Illuminate\\Pipeline\\Pipeline::prepareDestination():168}(Object(Illuminate\\Http\\Request))
#22 /storage/emulated/0/Download/university-portal-backend  (2)/vendor/laravel/framework/src/Illuminate/Pipeline/Pipeline.php(209): Illuminate\\Routing\\Middleware\\SubstituteBindings->handle(Object(Illuminate\\Http\\Request), Object(Closure))
#23 /storage/emulated/0/Download/university-portal-backend  (2)/vendor/laravel/framework/src/Illuminate/Pipeline/Pipeline.php(127): Illuminate\\Pipeline\\Pipeline->{closure:{closure:Illuminate\\Pipeline\\Pipeline::carry():184}:185}(Object(Illuminate\\Http\\Request))
#24 /storage/emulated/0/Download/university-portal-backend  (2)/vendor/laravel/framework/src/Illuminate/Routing/Router.php(807): Illuminate\\Pipeline\\Pipeline->then(Object(Closure))
#25 /storage/emulated/0/Download/university-portal-backend  (2)/vendor/laravel/framework/src/Illuminate/Routing/Router.php(786): Illuminate\\Routing\\Router->runRouteWithinStack(Object(Illuminate\\Routing\\Route), Object(Illuminate\\Http\\Request))
#26 /storage/emulated/0/Download/university-portal-backend  (2)/vendor/laravel/framework/src/Illuminate/Routing/Router.php(750): Illuminate\\Routing\\Router->runRoute(Object(Illuminate\\Http\\Request), Object(Illuminate\\Routing\\Route))
#27 /storage/emulated/0/Download/university-portal-backend  (2)/vendor/laravel/framework/src/Illuminate/Routing/Router.php(739): Illuminate\\Routing\\Router->dispatchToRoute(Object(Illuminate\\Http\\Request))
#28 /storage/emulated/0/Download/university-portal-backend  (2)/vendor/laravel/framework/src/Illuminate/Foundation/Http/Kernel.php(201): Illuminate\\Routing\\Router->dispatch(Object(Illuminate\\Http\\Request))
#29 /storage/emulated/0/Download/university-portal-backend  (2)/vendor/laravel/framework/src/Illuminate/Pipeline/Pipeline.php(170): Illuminate\\Foundation\\Http\\Kernel->{closure:Illuminate\\Foundation\\Http\\Kernel::dispatchToRouter():198}(Object(Illuminate\\Http\\Request))
#30 /storage/emulated/0/Download/university-portal-backend  (2)/vendor/laravel/framework/src/Illuminate/Foundation/Http/Middleware/TransformsRequest.php(21): Illuminate\\Pipeline\\Pipeline->{closure:Illuminate\\Pipeline\\Pipeline::prepareDestination():168}(Object(Illuminate\\Http\\Request))
#31 /storage/emulated/0/Download/university-portal-backend  (2)/vendor/laravel/framework/src/Illuminate/Foundation/Http/Middleware/ConvertEmptyStringsToNull.php(31): Illuminate\\Foundation\\Http\\Middleware\\TransformsRequest->handle(Object(Illuminate\\Http\\Request), Object(Closure))
#32 /storage/emulated/0/Download/university-portal-backend  (2)/vendor/laravel/framework/src/Illuminate/Pipeline/Pipeline.php(209): Illuminate\\Foundation\\Http\\Middleware\\ConvertEmptyStringsToNull->handle(Object(Illuminate\\Http\\Request), Object(Closure))
#33 /storage/emulated/0/Download/university-portal-backend  (2)/vendor/laravel/framework/src/Illuminate/Foundation/Http/Middleware/TransformsRequest.php(21): Illuminate\\Pipeline\\Pipeline->{closure:{closure:Illuminate\\Pipeline\\Pipeline::carry():184}:185}(Object(Illuminate\\Http\\Request))
#34 /storage/emulated/0/Download/university-portal-backend  (2)/vendor/laravel/framework/src/Illuminate/Foundation/Http/Middleware/TrimStrings.php(51): Illuminate\\Foundation\\Http\\Middleware\\TransformsRequest->handle(Object(Illuminate\\Http\\Request), Object(Closure))
#35 /storage/emulated/0/Download/university-portal-backend  (2)/vendor/laravel/framework/src/Illuminate/Pipeline/Pipeline.php(209): Illuminate\\Foundation\\Http\\Middleware\\TrimStrings->handle(Object(Illuminate\\Http\\Request), Object(Closure))
#36 /storage/emulated/0/Download/university-portal-backend  (2)/vendor/laravel/framework/src/Illuminate/Http/Middleware/ValidatePostSize.php(27): Illuminate\\Pipeline\\Pipeline->{closure:{closure:Illuminate\\Pipeline\\Pipeline::carry():184}:185}(Object(Illuminate\\Http\\Request))
#37 /storage/emulated/0/Download/university-portal-backend  (2)/vendor/laravel/framework/src/Illuminate/Pipeline/Pipeline.php(209): Illuminate\\Http\\Middleware\\ValidatePostSize->handle(Object(Illuminate\\Http\\Request), Object(Closure))
#38 /storage/emulated/0/Download/university-portal-backend  (2)/vendor/laravel/framework/src/Illuminate/Foundation/Http/Middleware/PreventRequestsDuringMaintenance.php(110): Illuminate\\Pipeline\\Pipeline->{closure:{closure:Illuminate\\Pipeline\\Pipeline::carry():184}:185}(Object(Illuminate\\Http\\Request))
#39 /storage/emulated/0/Download/university-portal-backend  (2)/vendor/laravel/framework/src/Illuminate/Pipeline/Pipeline.php(209): Illuminate\\Foundation\\Http\\Middleware\\PreventRequestsDuringMaintenance->handle(Object(Illuminate\\Http\\Request), Object(Closure))
#40 /storage/emulated/0/Download/university-portal-backend  (2)/vendor/laravel/framework/src/Illuminate/Http/Middleware/HandleCors.php(62): Illuminate\\Pipeline\\Pipeline->{closure:{closure:Illuminate\\Pipeline\\Pipeline::carry():184}:185}(Object(Illuminate\\Http\\Request))
#41 /storage/emulated/0/Download/university-portal-backend  (2)/vendor/laravel/framework/src/Illuminate/Pipeline/Pipeline.php(209): Illuminate\\Http\\Middleware\\HandleCors->handle(Object(Illuminate\\Http\\Request), Object(Closure))
#42 /storage/emulated/0/Download/university-portal-backend  (2)/vendor/laravel/framework/src/Illuminate/Http/Middleware/TrustProxies.php(58): Illuminate\\Pipeline\\Pipeline->{closure:{closure:Illuminate\\Pipeline\\Pipeline::carry():184}:185}(Object(Illuminate\\Http\\Request))
#43 /storage/emulated/0/Download/university-portal-backend  (2)/vendor/laravel/framework/src/Illuminate/Pipeline/Pipeline.php(209): Illuminate\\Http\\Middleware\\TrustProxies->handle(Object(Illuminate\\Http\\Request), Object(Closure))
#44 /storage/emulated/0/Download/university-portal-backend  (2)/vendor/laravel/framework/src/Illuminate/Foundation/Http/Middleware/InvokeDeferredCallbacks.php(22): Illuminate\\Pipeline\\Pipeline->{closure:{closure:Illuminate\\Pipeline\\Pipeline::carry():184}:185}(Object(Illuminate\\Http\\Request))
#45 /storage/emulated/0/Download/university-portal-backend  (2)/vendor/laravel/framework/src/Illuminate/Pipeline/Pipeline.php(209): Illuminate\\Foundation\\Http\\Middleware\\InvokeDeferredCallbacks->handle(Object(Illuminate\\Http\\Request), Object(Closure))
#46 /storage/emulated/0/Download/university-portal-backend  (2)/vendor/laravel/framework/src/Illuminate/Pipeline/Pipeline.php(127): Illuminate\\Pipeline\\Pipeline->{closure:{closure:Illuminate\\Pipeline\\Pipeline::carry():184}:185}(Object(Illuminate\\Http\\Request))
#47 /storage/emulated/0/Download/university-portal-backend  (2)/vendor/laravel/framework/src/Illuminate/Foundation/Http/Kernel.php(176): Illuminate\\Pipeline\\Pipeline->then(Object(Closure))
#48 /storage/emulated/0/Download/university-portal-backend  (2)/vendor/laravel/framework/src/Illuminate/Foundation/Http/Kernel.php(145): Illuminate\\Foundation\\Http\\Kernel->sendRequestThroughRouter(Object(Illuminate\\Http\\Request))
#49 /storage/emulated/0/Download/university-portal-backend  (2)/vendor/laravel/framework/src/Illuminate/Foundation/Application.php(1220): Illuminate\\Foundation\\Http\\Kernel->handle(Object(Illuminate\\Http\\Request))
#50 /storage/emulated/0/Download/university-portal-backend  (2)/public/index.php(15): Illuminate\\Foundation\\Application->handleRequest(Object(Illuminate\\Http\\Request))
#51 {main}
"} 
[2026-08-02 19:07:57] production.ERROR: SQLSTATE[HY000]: General error: 1 no such table: sessions (Connection: sqlite, SQL: delete from "sessions" where "id" = ZdWxcvkRcZ771jsjdMJrGYAU5TBq9yN2sBTpiBmQ) {"userId":1,"exception":"[object] (Illuminate\\Database\\QueryException(code: HY000): SQLSTATE[HY000]: General error: 1 no such table: sessions (Connection: sqlite, SQL: delete from \"sessions\" where \"id\" = ZdWxcvkRcZ771jsjdMJrGYAU5TBq9yN2sBTpiBmQ) at /storage/emulated/0/Download/university-portal-backend  (2)/vendor/laravel/framework/src/Illuminate/Database/Connection.php:825)
[stacktrace]
#0 /storage/emulated/0/Download/university-portal-backend  (2)/vendor/laravel/framework/src/Illuminate/Database/Connection.php(779): Illuminate\\Database\\Connection->runQueryCallback('delete from \"se...', Array, Object(Closure))
#1 /storage/emulated/0/Download/university-portal-backend  (2)/vendor/laravel/framework/src/Illuminate/Database/Connection.php(584): Illuminate\\Database\\Connection->run('delete from \"se...', Array, Object(Closure))
#2 /storage/emulated/0/Download/university-portal-backend  (2)/vendor/laravel/framework/src/Illuminate/Database/Connection.php(548): Illuminate\\Database\\Connection->affectingStatement('delete from \"se...', Array)
#3 /storage/emulated/0/Download/university-portal-backend  (2)/vendor/laravel/framework/src/Illuminate/Database/Query/Builder.php(4024): Illuminate\\Database\\Connection->delete('delete from \"se...', Array)
#4 /storage/emulated/0/Download/university-portal-backend  (2)/vendor/laravel/framework/src/Illuminate/Session/DatabaseSessionHandler.php(269): Illuminate\\Database\\Query\\Builder->delete()
#5 /storage/emulated/0/Download/university-portal-backend  (2)/vendor/laravel/framework/src/Illuminate/Session/Store.php(609): Illuminate\\Session\\DatabaseSessionHandler->destroy('ZdWxcvkRcZ771js...')
#6 /storage/emulated/0/Download/university-portal-backend  (2)/vendor/laravel/framework/src/Illuminate/Auth/SessionGuard.php(579): Illuminate\\Session\\Store->migrate(true)
#7 /storage/emulated/0/Download/university-portal-backend  (2)/vendor/laravel/framework/src/Illuminate/Auth/SessionGuard.php(550): Illuminate\\Auth\\SessionGuard->updateSession(1)
#8 /storage/emulated/0/Download/university-portal-backend  (2)/vendor/laravel/framework/src/Illuminate/Auth/SessionGuard.php(423): Illuminate\\Auth\\SessionGuard->login(Object(App\\Models\\User), false)
#9 /storage/emulated/0/Download/university-portal-backend  (2)/vendor/laravel/framework/src/Illuminate/Support/Timebox.php(34): Illuminate\\Auth\\SessionGuard->{closure:Illuminate\\Auth\\SessionGuard::attempt():412}(Object(Illuminate\\Support\\Timebox))
#10 /storage/emulated/0/Download/university-portal-backend  (2)/vendor/laravel/framework/src/Illuminate/Auth/SessionGuard.php(412): Illuminate\\Support\\Timebox->call(Object(Closure), 200000)
#11 /storage/emulated/0/Download/university-portal-backend  (2)/vendor/laravel/framework/src/Illuminate/Auth/AuthManager.php(340): Illuminate\\Auth\\SessionGuard->attempt(Array)
#12 /storage/emulated/0/Download/university-portal-backend  (2)/vendor/laravel/framework/src/Illuminate/Support/Facades/Facade.php(361): Illuminate\\Auth\\AuthManager->__call('attempt', Array)
#13 /storage/emulated/0/Download/university-portal-backend  (2)/app/Http/Controllers/Api/AuthController.php(21): Illuminate\\Support\\Facades\\Facade::__callStatic('attempt', Array)
#14 /storage/emulated/0/Download/university-portal-backend  (2)/vendor/laravel/framework/src/Illuminate/Routing/ControllerDispatcher.php(47): App\\Http\\Controllers\\Api\\AuthController->login(Object(Illuminate\\Http\\Request))
#15 /storage/emulated/0/Download/university-portal-backend  (2)/vendor/laravel/framework/src/Illuminate/Routing/Route.php(266): Illuminate\\Routing\\ControllerDispatcher->dispatch(Object(Illuminate\\Routing\\Route), Object(App\\Http\\Controllers\\Api\\AuthController), 'login')
#16 /storage/emulated/0/Download/university-portal-backend  (2)/vendor/laravel/framework/src/Illuminate/Routing/Route.php(212): Illuminate\\Routing\\Route->runController()
#17 /storage/emulated/0/Download/university-portal-backend  (2)/vendor/laravel/framework/src/Illuminate/Routing/Router.php(808): Illuminate\\Routing\\Route->run()
#18 /storage/emulated/0/Download/university-portal-backend  (2)/vendor/laravel/framework/src/Illuminate/Pipeline/Pipeline.php(170): Illuminate\\Routing\\Router->{closure:Illuminate\\Routing\\Router::runRouteWithinStack():807}(Object(Illuminate\\Http\\Request))
#19 /storage/emulated/0/Download/university-portal-backend  (2)/vendor/laravel/framework/src/Illuminate/Routing/Middleware/SubstituteBindings.php(51): Illuminate\\Pipeline\\Pipeline->{closure:Illuminate\\Pipeline\\Pipeline::prepareDestination():168}(Object(Illuminate\\Http\\Request))
#20 /storage/emulated/0/Download/university-portal-backend  (2)/vendor/laravel/framework/src/Illuminate/Pipeline/Pipeline.php(209): Illuminate\\Routing\\Middleware\\SubstituteBindings->handle(Object(Illuminate\\Http\\Request), Object(Closure))
#21 /storage/emulated/0/Download/university-portal-backend  (2)/vendor/laravel/framework/src/Illuminate/Pipeline/Pipeline.php(127): Illuminate\\Pipeline\\Pipeline->{closure:{closure:Illuminate\\Pipeline\\Pipeline::carry():184}:185}(Object(Illuminate\\Http\\Request))
#22 /storage/emulated/0/Download/university-portal-backend  (2)/vendor/laravel/framework/src/Illuminate/Routing/Router.php(807): Illuminate\\Pipeline\\Pipeline->then(Object(Closure))
#23 /storage/emulated/0/Download/university-portal-backend  (2)/vendor/laravel/framework/src/Illuminate/Routing/Router.php(786): Illuminate\\Routing\\Router->runRouteWithinStack(Object(Illuminate\\Routing\\Route), Object(Illuminate\\Http\\Request))
#24 /storage/emulated/0/Download/university-portal-backend  (2)/vendor/laravel/framework/src/Illuminate/Routing/Router.php(750): Illuminate\\Routing\\Router->runRoute(Object(Illuminate\\Http\\Request), Object(Illuminate\\Routing\\Route))
#25 /storage/emulated/0/Download/university-portal-backend  (2)/vendor/laravel/framework/src/Illuminate/Routing/Router.php(739): Illuminate\\Routing\\Router->dispatchToRoute(Object(Illuminate\\Http\\Request))
#26 /storage/emulated/0/Download/university-portal-backend  (2)/vendor/laravel/framework/src/Illuminate/Foundation/Http/Kernel.php(201): Illuminate\\Routing\\Router->dispatch(Object(Illuminate\\Http\\Request))
#27 /storage/emulated/0/Download/university-portal-backend  (2)/vendor/laravel/framework/src/Illuminate/Pipeline/Pipeline.php(170): Illuminate\\Foundation\\Http\\Kernel->{closure:Illuminate\\Foundation\\Http\\Kernel::dispatchToRouter():198}(Object(Illuminate\\Http\\Request))
#28 /storage/emulated/0/Download/university-portal-backend  (2)/vendor/laravel/framework/src/Illuminate/Foundation/Http/Middleware/TransformsRequest.php(21): Illuminate\\Pipeline\\Pipeline->{closure:Illuminate\\Pipeline\\Pipeline::prepareDestination():168}(Object(Illuminate\\Http\\Request))
#29 /storage/emulated/0/Download/university-portal-backend  (2)/vendor/laravel/framework/src/Illuminate/Foundation/Http/Middleware/ConvertEmptyStringsToNull.php(31): Illuminate\\Foundation\\Http\\Middleware\\TransformsRequest->handle(Object(Illuminate\\Http\\Request), Object(Closure))
#30 /storage/emulated/0/Download/university-portal-backend  (2)/vendor/laravel/framework/src/Illuminate/Pipeline/Pipeline.php(209): Illuminate\\Foundation\\Http\\Middleware\\ConvertEmptyStringsToNull->handle(Object(Illuminate\\Http\\Request), Object(Closure))
#31 /storage/emulated/0/Download/university-portal-backend  (2)/vendor/laravel/framework/src/Illuminate/Foundation/Http/Middleware/TransformsRequest.php(21): Illuminate\\Pipeline\\Pipeline->{closure:{closure:Illuminate\\Pipeline\\Pipeline::carry():184}:185}(Object(Illuminate\\Http\\Request))
#32 /storage/emulated/0/Download/university-portal-backend  (2)/vendor/laravel/framework/src/Illuminate/Foundation/Http/Middleware/TrimStrings.php(51): Illuminate\\Foundation\\Http\\Middleware\\TransformsRequest->handle(Object(Illuminate\\Http\\Request), Object(Closure))
#33 /storage/emulated/0/Download/university-portal-backend  (2)/vendor/laravel/framework/src/Illuminate/Pipeline/Pipeline.php(209): Illuminate\\Foundation\\Http\\Middleware\\TrimStrings->handle(Object(Illuminate\\Http\\Request), Object(Closure))
#34 /storage/emulated/0/Download/university-portal-backend  (2)/vendor/laravel/framework/src/Illuminate/Http/Middleware/ValidatePostSize.php(27): Illuminate\\Pipeline\\Pipeline->{closure:{closure:Illuminate\\Pipeline\\Pipeline::carry():184}:185}(Object(Illuminate\\Http\\Request))
#35 /storage/emulated/0/Download/university-portal-backend  (2)/vendor/laravel/framework/src/Illuminate/Pipeline/Pipeline.php(209): Illuminate\\Http\\Middleware\\ValidatePostSize->handle(Object(Illuminate\\Http\\Request), Object(Closure))
#36 /storage/emulated/0/Download/university-portal-backend  (2)/vendor/laravel/framework/src/Illuminate/Foundation/Http/Middleware/PreventRequestsDuringMaintenance.php(110): Illuminate\\Pipeline\\Pipeline->{closure:{closure:Illuminate\\Pipeline\\Pipeline::carry():184}:185}(Object(Illuminate\\Http\\Request))
#37 /storage/emulated/0/Download/university-portal-backend  (2)/vendor/laravel/framework/src/Illuminate/Pipeline/Pipeline.php(209): Illuminate\\Foundation\\Http\\Middleware\\PreventRequestsDuringMaintenance->handle(Object(Illuminate\\Http\\Request), Object(Closure))
#38 /storage/emulated/0/Download/university-portal-backend  (2)/vendor/laravel/framework/src/Illuminate/Http/Middleware/HandleCors.php(62): Illuminate\\Pipeline\\Pipeline->{closure:{closure:Illuminate\\Pipeline\\Pipeline::carry():184}:185}(Object(Illuminate\\Http\\Request))
#39 /storage/emulated/0/Download/university-portal-backend  (2)/vendor/laravel/framework/src/Illuminate/Pipeline/Pipeline.php(209): Illuminate\\Http\\Middleware\\HandleCors->handle(Object(Illuminate\\Http\\Request), Object(Closure))
#40 /storage/emulated/0/Download/university-portal-backend  (2)/vendor/laravel/framework/src/Illuminate/Http/Middleware/TrustProxies.php(58): Illuminate\\Pipeline\\Pipeline->{closure:{closure:Illuminate\\Pipeline\\Pipeline::carry():184}:185}(Object(Illuminate\\Http\\Request))
#41 /storage/emulated/0/Download/university-portal-backend  (2)/vendor/laravel/framework/src/Illuminate/Pipeline/Pipeline.php(209): Illuminate\\Http\\Middleware\\TrustProxies->handle(Object(Illuminate\\Http\\Request), Object(Closure))
#42 /storage/emulated/0/Download/university-portal-backend  (2)/vendor/laravel/framework/src/Illuminate/Foundation/Http/Middleware/InvokeDeferredCallbacks.php(22): Illuminate\\Pipeline\\Pipeline->{closure:{closure:Illuminate\\Pipeline\\Pipeline::carry():184}:185}(Object(Illuminate\\Http\\Request))
#43 /storage/emulated/0/Download/university-portal-backend  (2)/vendor/laravel/framework/src/Illuminate/Pipeline/Pipeline.php(209): Illuminate\\Foundation\\Http\\Middleware\\InvokeDeferredCallbacks->handle(Object(Illuminate\\Http\\Request), Object(Closure))
#44 /storage/emulated/0/Download/university-portal-backend  (2)/vendor/laravel/framework/src/Illuminate/Pipeline/Pipeline.php(127): Illuminate\\Pipeline\\Pipeline->{closure:{closure:Illuminate\\Pipeline\\Pipeline::carry():184}:185}(Object(Illuminate\\Http\\Request))
#45 /storage/emulated/0/Download/university-portal-backend  (2)/vendor/laravel/framework/src/Illuminate/Foundation/Http/Kernel.php(176): Illuminate\\Pipeline\\Pipeline->then(Object(Closure))
#46 /storage/emulated/0/Download/university-portal-backend  (2)/vendor/laravel/framework/src/Illuminate/Foundation/Http/Kernel.php(145): Illuminate\\Foundation\\Http\\Kernel->sendRequestThroughRouter(Object(Illuminate\\Http\\Request))
#47 /storage/emulated/0/Download/university-portal-backend  (2)/vendor/laravel/framework/src/Illuminate/Foundation/Application.php(1220): Illuminate\\Foundation\\Http\\Kernel->handle(Object(Illuminate\\Http\\Request))
#48 /storage/emulated/0/Download/university-portal-backend  (2)/public/index.php(15): Illuminate\\Foundation\\Application->handleRequest(Object(Illuminate\\Http\\Request))
#49 {main}

[previous exception] [object] (PDOException(code: HY000): SQLSTATE[HY000]: General error: 1 no such table: sessions at /storage/emulated/0/Download/university-portal-backend  (2)/vendor/laravel/framework/src/Illuminate/Database/Connection.php:592)
[stacktrace]
#0 /storage/emulated/0/Download/university-portal-backend  (2)/vendor/laravel/framework/src/Illuminate/Database/Connection.php(592): PDO->prepare('delete from \"se...')
#1 /storage/emulated/0/Download/university-portal-backend  (2)/vendor/laravel/framework/src/Illuminate/Database/Connection.php(812): Illuminate\\Database\\Connection->{closure:Illuminate\\Database\\Connection::affectingStatement():584}('delete from \"se...', Array)
#2 /storage/emulated/0/Download/university-portal-backend  (2)/vendor/laravel/framework/src/Illuminate/Database/Connection.php(779): Illuminate\\Database\\Connection->runQueryCallback('delete from \"se...', Array, Object(Closure))
#3 /storage/emulated/0/Download/university-portal-backend  (2)/vendor/laravel/framework/src/Illuminate/Database/Connection.php(584): Illuminate\\Database\\Connection->run('delete from \"se...', Array, Object(Closure))
#4 /storage/emulated/0/Download/university-portal-backend  (2)/vendor/laravel/framework/src/Illuminate/Database/Connection.php(548): Illuminate\\Database\\Connection->affectingStatement('delete from \"se...', Array)
#5 /storage/emulated/0/Download/university-portal-backend  (2)/vendor/laravel/framework/src/Illuminate/Database/Query/Builder.php(4024): Illuminate\\Database\\Connection->delete('delete from \"se...', Array)
#6 /storage/emulated/0/Download/university-portal-backend  (2)/vendor/laravel/framework/src/Illuminate/Session/DatabaseSessionHandler.php(269): Illuminate\\Database\\Query\\Builder->delete()
#7 /storage/emulated/0/Download/university-portal-backend  (2)/vendor/laravel/framework/src/Illuminate/Session/Store.php(609): Illuminate\\Session\\DatabaseSessionHandler->destroy('ZdWxcvkRcZ771js...')
#8 /storage/emulated/0/Download/university-portal-backend  (2)/vendor/laravel/framework/src/Illuminate/Auth/SessionGuard.php(579): Illuminate\\Session\\Store->migrate(true)
#9 /storage/emulated/0/Download/university-portal-backend  (2)/vendor/laravel/framework/src/Illuminate/Auth/SessionGuard.php(550): Illuminate\\Auth\\SessionGuard->updateSession(1)
#10 /storage/emulated/0/Download/university-portal-backend  (2)/vendor/laravel/framework/src/Illuminate/Auth/SessionGuard.php(423): Illuminate\\Auth\\SessionGuard->login(Object(App\\Models\\User), false)
#11 /storage/emulated/0/Download/university-portal-backend  (2)/vendor/laravel/framework/src/Illuminate/Support/Timebox.php(34): Illuminate\\Auth\\SessionGuard->{closure:Illuminate\\Auth\\SessionGuard::attempt():412}(Object(Illuminate\\Support\\Timebox))
#12 /storage/emulated/0/Download/university-portal-backend  (2)/vendor/laravel/framework/src/Illuminate/Auth/SessionGuard.php(412): Illuminate\\Support\\Timebox->call(Object(Closure), 200000)
#13 /storage/emulated/0/Download/university-portal-backend  (2)/vendor/laravel/framework/src/Illuminate/Auth/AuthManager.php(340): Illuminate\\Auth\\SessionGuard->attempt(Array)
#14 /storage/emulated/0/Download/university-portal-backend  (2)/vendor/laravel/framework/src/Illuminate/Support/Facades/Facade.php(361): Illuminate\\Auth\\AuthManager->__call('attempt', Array)
#15 /storage/emulated/0/Download/university-portal-backend  (2)/app/Http/Controllers/Api/AuthController.php(21): Illuminate\\Support\\Facades\\Facade::__callStatic('attempt', Array)
#16 /storage/emulated/0/Download/university-portal-backend  (2)/vendor/laravel/framework/src/Illuminate/Routing/ControllerDispatcher.php(47): App\\Http\\Controllers\\Api\\AuthController->login(Object(Illuminate\\Http\\Request))
#17 /storage/emulated/0/Download/university-portal-backend  (2)/vendor/laravel/framework/src/Illuminate/Routing/Route.php(266): Illuminate\\Routing\\ControllerDispatcher->dispatch(Object(Illuminate\\Routing\\Route), Object(App\\Http\\Controllers\\Api\\AuthController), 'login')
#18 /storage/emulated/0/Download/university-portal-backend  (2)/vendor/laravel/framework/src/Illuminate/Routing/Route.php(212): Illuminate\\Routing\\Route->runController()
#19 /storage/emulated/0/Download/university-portal-backend  (2)/vendor/laravel/framework/src/Illuminate/Routing/Router.php(808): Illuminate\\Routing\\Route->run()
#20 /storage/emulated/0/Download/university-portal-backend  (2)/vendor/laravel/framework/src/Illuminate/Pipeline/Pipeline.php(170): Illuminate\\Routing\\Router->{closure:Illuminate\\Routing\\Router::runRouteWithinStack():807}(Object(Illuminate\\Http\\Request))
#21 /storage/emulated/0/Download/university-portal-backend  (2)/vendor/laravel/framework/src/Illuminate/Routing/Middleware/SubstituteBindings.php(51): Illuminate\\Pipeline\\Pipeline->{closure:Illuminate\\Pipeline\\Pipeline::prepareDestination():168}(Object(Illuminate\\Http\\Request))
#22 /storage/emulated/0/Download/university-portal-backend  (2)/vendor/laravel/framework/src/Illuminate/Pipeline/Pipeline.php(209): Illuminate\\Routing\\Middleware\\SubstituteBindings->handle(Object(Illuminate\\Http\\Request), Object(Closure))
#23 /storage/emulated/0/Download/university-portal-backend  (2)/vendor/laravel/framework/src/Illuminate/Pipeline/Pipeline.php(127): Illuminate\\Pipeline\\Pipeline->{closure:{closure:Illuminate\\Pipeline\\Pipeline::carry():184}:185}(Object(Illuminate\\Http\\Request))
#24 /storage/emulated/0/Download/university-portal-backend  (2)/vendor/laravel/framework/src/Illuminate/Routing/Router.php(807): Illuminate\\Pipeline\\Pipeline->then(Object(Closure))
#25 /storage/emulated/0/Download/university-portal-backend  (2)/vendor/laravel/framework/src/Illuminate/Routing/Router.php(786): Illuminate\\Routing\\Router->runRouteWithinStack(Object(Illuminate\\Routing\\Route), Object(Illuminate\\Http\\Request))
#26 /storage/emulated/0/Download/university-portal-backend  (2)/vendor/laravel/framework/src/Illuminate/Routing/Router.php(750): Illuminate\\Routing\\Router->runRoute(Object(Illuminate\\Http\\Request), Object(Illuminate\\Routing\\Route))
#27 /storage/emulated/0/Download/university-portal-backend  (2)/vendor/laravel/framework/src/Illuminate/Routing/Router.php(739): Illuminate\\Routing\\Router->dispatchToRoute(Object(Illuminate\\Http\\Request))
#28 /storage/emulated/0/Download/university-portal-backend  (2)/vendor/laravel/framework/src/Illuminate/Foundation/Http/Kernel.php(201): Illuminate\\Routing\\Router->dispatch(Object(Illuminate\\Http\\Request))
#29 /storage/emulated/0/Download/university-portal-backend  (2)/vendor/laravel/framework/src/Illuminate/Pipeline/Pipeline.php(170): Illuminate\\Foundation\\Http\\Kernel->{closure:Illuminate\\Foundation\\Http\\Kernel::dispatchToRouter():198}(Object(Illuminate\\Http\\Request))
#30 /storage/emulated/0/Download/university-portal-backend  (2)/vendor/laravel/framework/src/Illuminate/Foundation/Http/Middleware/TransformsRequest.php(21): Illuminate\\Pipeline\\Pipeline->{closure:Illuminate\\Pipeline\\Pipeline::prepareDestination():168}(Object(Illuminate\\Http\\Request))
#31 /storage/emulated/0/Download/university-portal-backend  (2)/vendor/laravel/framework/src/Illuminate/Foundation/Http/Middleware/ConvertEmptyStringsToNull.php(31): Illuminate\\Foundation\\Http\\Middleware\\TransformsRequest->handle(Object(Illuminate\\Http\\Request), Object(Closure))
#32 /storage/emulated/0/Download/university-portal-backend  (2)/vendor/laravel/framework/src/Illuminate/Pipeline/Pipeline.php(209): Illuminate\\Foundation\\Http\\Middleware\\ConvertEmptyStringsToNull->handle(Object(Illuminate\\Http\\Request), Object(Closure))
#33 /storage/emulated/0/Download/university-portal-backend  (2)/vendor/laravel/framework/src/Illuminate/Foundation/Http/Middleware/TransformsRequest.php(21): Illuminate\\Pipeline\\Pipeline->{closure:{closure:Illuminate\\Pipeline\\Pipeline::carry():184}:185}(Object(Illuminate\\Http\\Request))
#34 /storage/emulated/0/Download/university-portal-backend  (2)/vendor/laravel/framework/src/Illuminate/Foundation/Http/Middleware/TrimStrings.php(51): Illuminate\\Foundation\\Http\\Middleware\\TransformsRequest->handle(Object(Illuminate\\Http\\Request), Object(Closure))
#35 /storage/emulated/0/Download/university-portal-backend  (2)/vendor/laravel/framework/src/Illuminate/Pipeline/Pipeline.php(209): Illuminate\\Foundation\\Http\\Middleware\\TrimStrings->handle(Object(Illuminate\\Http\\Request), Object(Closure))
#36 /storage/emulated/0/Download/university-portal-backend  (2)/vendor/laravel/framework/src/Illuminate/Http/Middleware/ValidatePostSize.php(27): Illuminate\\Pipeline\\Pipeline->{closure:{closure:Illuminate\\Pipeline\\Pipeline::carry():184}:185}(Object(Illuminate\\Http\\Request))
#37 /storage/emulated/0/Download/university-portal-backend  (2)/vendor/laravel/framework/src/Illuminate/Pipeline/Pipeline.php(209): Illuminate\\Http\\Middleware\\ValidatePostSize->handle(Object(Illuminate\\Http\\Request), Object(Closure))
#38 /storage/emulated/0/Download/university-portal-backend  (2)/vendor/laravel/framework/src/Illuminate/Foundation/Http/Middleware/PreventRequestsDuringMaintenance.php(110): Illuminate\\Pipeline\\Pipeline->{closure:{closure:Illuminate\\Pipeline\\Pipeline::carry():184}:185}(Object(Illuminate\\Http\\Request))
#39 /storage/emulated/0/Download/university-portal-backend  (2)/vendor/laravel/framework/src/Illuminate/Pipeline/Pipeline.php(209): Illuminate\\Foundation\\Http\\Middleware\\PreventRequestsDuringMaintenance->handle(Object(Illuminate\\Http\\Request), Object(Closure))
#40 /storage/emulated/0/Download/university-portal-backend  (2)/vendor/laravel/framework/src/Illuminate/Http/Middleware/HandleCors.php(62): Illuminate\\Pipeline\\Pipeline->{closure:{closure:Illuminate\\Pipeline\\Pipeline::carry():184}:185}(Object(Illuminate\\Http\\Request))
#41 /storage/emulated/0/Download/university-portal-backend  (2)/vendor/laravel/framework/src/Illuminate/Pipeline/Pipeline.php(209): Illuminate\\Http\\Middleware\\HandleCors->handle(Object(Illuminate\\Http\\Request), Object(Closure))
#42 /storage/emulated/0/Download/university-portal-backend  (2)/vendor/laravel/framework/src/Illuminate/Http/Middleware/TrustProxies.php(58): Illuminate\\Pipeline\\Pipeline->{closure:{closure:Illuminate\\Pipeline\\Pipeline::carry():184}:185}(Object(Illuminate\\Http\\Request))
#43 /storage/emulated/0/Download/university-portal-backend  (2)/vendor/laravel/framework/src/Illuminate/Pipeline/Pipeline.php(209): Illuminate\\Http\\Middleware\\TrustProxies->handle(Object(Illuminate\\Http\\Request), Object(Closure))
#44 /storage/emulated/0/Download/university-portal-backend  (2)/vendor/laravel/framework/src/Illuminate/Foundation/Http/Middleware/InvokeDeferredCallbacks.php(22): Illuminate\\Pipeline\\Pipeline->{closure:{closure:Illuminate\\Pipeline\\Pipeline::carry():184}:185}(Object(Illuminate\\Http\\Request))
#45 /storage/emulated/0/Download/university-portal-backend  (2)/vendor/laravel/framework/src/Illuminate/Pipeline/Pipeline.php(209): Illuminate\\Foundation\\Http\\Middleware\\InvokeDeferredCallbacks->handle(Object(Illuminate\\Http\\Request), Object(Closure))
#46 /storage/emulated/0/Download/university-portal-backend  (2)/vendor/laravel/framework/src/Illuminate/Pipeline/Pipeline.php(127): Illuminate\\Pipeline\\Pipeline->{closure:{closure:Illuminate\\Pipeline\\Pipeline::carry():184}:185}(Object(Illuminate\\Http\\Request))
#47 /storage/emulated/0/Download/university-portal-backend  (2)/vendor/laravel/framework/src/Illuminate/Foundation/Http/Kernel.php(176): Illuminate\\Pipeline\\Pipeline->then(Object(Closure))
#48 /storage/emulated/0/Download/university-portal-backend  (2)/vendor/laravel/framework/src/Illuminate/Foundation/Http/Kernel.php(145): Illuminate\\Foundation\\Http\\Kernel->sendRequestThroughRouter(Object(Illuminate\\Http\\Request))
#49 /storage/emulated/0/Download/university-portal-backend  (2)/vendor/laravel/framework/src/Illuminate/Foundation/Application.php(1220): Illuminate\\Foundation\\Http\\Kernel->handle(Object(Illuminate\\Http\\Request))
#50 /storage/emulated/0/Download/university-portal-backend  (2)/public/index.php(15): Illuminate\\Foundation\\Application->handleRequest(Object(Illuminate\\Http\\Request))
#51 {main}
"} 
[2026-08-02 19:09:03] production.ERROR: SQLSTATE[HY000]: General error: 1 no such table: sessions (Connection: sqlite, SQL: delete from "sessions" where "id" = MsyW395daTPrvinoDPg7JE6NDIfX5oHRP19YcZjW) {"userId":1,"exception":"[object] (Illuminate\\Database\\QueryException(code: HY000): SQLSTATE[HY000]: General error: 1 no such table: sessions (Connection: sqlite, SQL: delete from \"sessions\" where \"id\" = MsyW395daTPrvinoDPg7JE6NDIfX5oHRP19YcZjW) at /storage/emulated/0/Download/university-portal-backend  (2)/vendor/laravel/framework/src/Illuminate/Database/Connection.php:825)
[stacktrace]
#0 /storage/emulated/0/Download/university-portal-backend  (2)/vendor/laravel/framework/src/Illuminate/Database/Connection.php(779): Illuminate\\Database\\Connection->runQueryCallback('delete from \"se...', Array, Object(Closure))
#1 /storage/emulated/0/Download/university-portal-backend  (2)/vendor/laravel/framework/src/Illuminate/Database/Connection.php(584): Illuminate\\Database\\Connection->run('delete from \"se...', Array, Object(Closure))
#2 /storage/emulated/0/Download/university-portal-backend  (2)/vendor/laravel/framework/src/Illuminate/Database/Connection.php(548): Illuminate\\Database\\Connection->affectingStatement('delete from \"se...', Array)
#3 /storage/emulated/0/Download/university-portal-backend  (2)/vendor/laravel/framework/src/Illuminate/Database/Query/Builder.php(4024): Illuminate\\Database\\Connection->delete('delete from \"se...', Array)
#4 /storage/emulated/0/Download/university-portal-backend  (2)/vendor/laravel/framework/src/Illuminate/Session/DatabaseSessionHandler.php(269): Illuminate\\Database\\Query\\Builder->delete()
#5 /storage/emulated/0/Download/university-portal-backend  (2)/vendor/laravel/framework/src/Illuminate/Session/Store.php(609): Illuminate\\Session\\DatabaseSessionHandler->destroy('MsyW395daTPrvin...')
#6 /storage/emulated/0/Download/university-portal-backend  (2)/vendor/laravel/framework/src/Illuminate/Auth/SessionGuard.php(579): Illuminate\\Session\\Store->migrate(true)
#7 /storage/emulated/0/Download/university-portal-backend  (2)/vendor/laravel/framework/src/Illuminate/Auth/SessionGuard.php(550): Illuminate\\Auth\\SessionGuard->updateSession(1)
#8 /storage/emulated/0/Download/university-portal-backend  (2)/vendor/laravel/framework/src/Illuminate/Auth/SessionGuard.php(423): Illuminate\\Auth\\SessionGuard->login(Object(App\\Models\\User), false)
#9 /storage/emulated/0/Download/university-portal-backend  (2)/vendor/laravel/framework/src/Illuminate/Support/Timebox.php(34): Illuminate\\Auth\\SessionGuard->{closure:Illuminate\\Auth\\SessionGuard::attempt():412}(Object(Illuminate\\Support\\Timebox))
#10 /storage/emulated/0/Download/university-portal-backend  (2)/vendor/laravel/framework/src/Illuminate/Auth/SessionGuard.php(412): Illuminate\\Support\\Timebox->call(Object(Closure), 200000)
#11 /storage/emulated/0/Download/university-portal-backend  (2)/vendor/laravel/framework/src/Illuminate/Auth/AuthManager.php(340): Illuminate\\Auth\\SessionGuard->attempt(Array)
#12 /storage/emulated/0/Download/university-portal-backend  (2)/vendor/laravel/framework/src/Illuminate/Support/Facades/Facade.php(361): Illuminate\\Auth\\AuthManager->__call('attempt', Array)
#13 /storage/emulated/0/Download/university-portal-backend  (2)/app/Http/Controllers/Api/AuthController.php(21): Illuminate\\Support\\Facades\\Facade::__callStatic('attempt', Array)
#14 /storage/emulated/0/Download/university-portal-backend  (2)/vendor/laravel/framework/src/Illuminate/Routing/ControllerDispatcher.php(47): App\\Http\\Controllers\\Api\\AuthController->login(Object(Illuminate\\Http\\Request))
#15 /storage/emulated/0/Download/university-portal-backend  (2)/vendor/laravel/framework/src/Illuminate/Routing/Route.php(266): Illuminate\\Routing\\ControllerDispatcher->dispatch(Object(Illuminate\\Routing\\Route), Object(App\\Http\\Controllers\\Api\\AuthController), 'login')
#16 /storage/emulated/0/Download/university-portal-backend  (2)/vendor/laravel/framework/src/Illuminate/Routing/Route.php(212): Illuminate\\Routing\\Route->runController()
#17 /storage/emulated/0/Download/university-portal-backend  (2)/vendor/laravel/framework/src/Illuminate/Routing/Router.php(808): Illuminate\\Routing\\Route->run()
#18 /storage/emulated/0/Download/university-portal-backend  (2)/vendor/laravel/framework/src/Illuminate/Pipeline/Pipeline.php(170): Illuminate\\Routing\\Router->{closure:Illuminate\\Routing\\Router::runRouteWithinStack():807}(Object(Illuminate\\Http\\Request))
#19 /storage/emulated/0/Download/university-portal-backend  (2)/vendor/laravel/framework/src/Illuminate/Routing/Middleware/SubstituteBindings.php(51): Illuminate\\Pipeline\\Pipeline->{closure:Illuminate\\Pipeline\\Pipeline::prepareDestination():168}(Object(Illuminate\\Http\\Request))
#20 /storage/emulated/0/Download/university-portal-backend  (2)/vendor/laravel/framework/src/Illuminate/Pipeline/Pipeline.php(209): Illuminate\\Routing\\Middleware\\SubstituteBindings->handle(Object(Illuminate\\Http\\Request), Object(Closure))
#21 /storage/emulated/0/Download/university-portal-backend  (2)/vendor/laravel/framework/src/Illuminate/Pipeline/Pipeline.php(127): Illuminate\\Pipeline\\Pipeline->{closure:{closure:Illuminate\\Pipeline\\Pipeline::carry():184}:185}(Object(Illuminate\\Http\\Request))
#22 /storage/emulated/0/Download/university-portal-backend  (2)/vendor/laravel/framework/src/Illuminate/Routing/Router.php(807): Illuminate\\Pipeline\\Pipeline->then(Object(Closure))
#23 /storage/emulated/0/Download/university-portal-backend  (2)/vendor/laravel/framework/src/Illuminate/Routing/Router.php(786): Illuminate\\Routing\\Router->runRouteWithinStack(Object(Illuminate\\Routing\\Route), Object(Illuminate\\Http\\Request))
#24 /storage/emulated/0/Download/university-portal-backend  (2)/vendor/laravel/framework/src/Illuminate/Routing/Router.php(750): Illuminate\\Routing\\Router->runRoute(Object(Illuminate\\Http\\Request), Object(Illuminate\\Routing\\Route))
#25 /storage/emulated/0/Download/university-portal-backend  (2)/vendor/laravel/framework/src/Illuminate/Routing/Router.php(739): Illuminate\\Routing\\Router->dispatchToRoute(Object(Illuminate\\Http\\Request))
#26 /storage/emulated/0/Download/university-portal-backend  (2)/vendor/laravel/framework/src/Illuminate/Foundation/Http/Kernel.php(201): Illuminate\\Routing\\Router->dispatch(Object(Illuminate\\Http\\Request))
#27 /storage/emulated/0/Download/university-portal-backend  (2)/vendor/laravel/framework/src/Illuminate/Pipeline/Pipeline.php(170): Illuminate\\Foundation\\Http\\Kernel->{closure:Illuminate\\Foundation\\Http\\Kernel::dispatchToRouter():198}(Object(Illuminate\\Http\\Request))
#28 /storage/emulated/0/Download/university-portal-backend  (2)/vendor/laravel/framework/src/Illuminate/Foundation/Http/Middleware/TransformsRequest.php(21): Illuminate\\Pipeline\\Pipeline->{closure:Illuminate\\Pipeline\\Pipeline::prepareDestination():168}(Object(Illuminate\\Http\\Request))
#29 /storage/emulated/0/Download/university-portal-backend  (2)/vendor/laravel/framework/src/Illuminate/Foundation/Http/Middleware/ConvertEmptyStringsToNull.php(31): Illuminate\\Foundation\\Http\\Middleware\\TransformsRequest->handle(Object(Illuminate\\Http\\Request), Object(Closure))
#30 /storage/emulated/0/Download/university-portal-backend  (2)/vendor/laravel/framework/src/Illuminate/Pipeline/Pipeline.php(209): Illuminate\\Foundation\\Http\\Middleware\\ConvertEmptyStringsToNull->handle(Object(Illuminate\\Http\\Request), Object(Closure))
#31 /storage/emulated/0/Download/university-portal-backend  (2)/vendor/laravel/framework/src/Illuminate/Foundation/Http/Middleware/TransformsRequest.php(21): Illuminate\\Pipeline\\Pipeline->{closure:{closure:Illuminate\\Pipeline\\Pipeline::carry():184}:185}(Object(Illuminate\\Http\\Request))
#32 /storage/emulated/0/Download/university-portal-backend  (2)/vendor/laravel/framework/src/Illuminate/Foundation/Http/Middleware/TrimStrings.php(51): Illuminate\\Foundation\\Http\\Middleware\\TransformsRequest->handle(Object(Illuminate\\Http\\Request), Object(Closure))
#33 /storage/emulated/0/Download/university-portal-backend  (2)/vendor/laravel/framework/src/Illuminate/Pipeline/Pipeline.php(209): Illuminate\\Foundation\\Http\\Middleware\\TrimStrings->handle(Object(Illuminate\\Http\\Request), Object(Closure))
#34 /storage/emulated/0/Download/university-portal-backend  (2)/vendor/laravel/framework/src/Illuminate/Http/Middleware/ValidatePostSize.php(27): Illuminate\\Pipeline\\Pipeline->{closure:{closure:Illuminate\\Pipeline\\Pipeline::carry():184}:185}(Object(Illuminate\\Http\\Request))
#35 /storage/emulated/0/Download/university-portal-backend  (2)/vendor/laravel/framework/src/Illuminate/Pipeline/Pipeline.php(209): Illuminate\\Http\\Middleware\\ValidatePostSize->handle(Object(Illuminate\\Http\\Request), Object(Closure))
#36 /storage/emulated/0/Download/university-portal-backend  (2)/vendor/laravel/framework/src/Illuminate/Foundation/Http/Middleware/PreventRequestsDuringMaintenance.php(110): Illuminate\\Pipeline\\Pipeline->{closure:{closure:Illuminate\\Pipeline\\Pipeline::carry():184}:185}(Object(Illuminate\\Http\\Request))
#37 /storage/emulated/0/Download/university-portal-backend  (2)/vendor/laravel/framework/src/Illuminate/Pipeline/Pipeline.php(209): Illuminate\\Foundation\\Http\\Middleware\\PreventRequestsDuringMaintenance->handle(Object(Illuminate\\Http\\Request), Object(Closure))
#38 /storage/emulated/0/Download/university-portal-backend  (2)/vendor/laravel/framework/src/Illuminate/Http/Middleware/HandleCors.php(62): Illuminate\\Pipeline\\Pipeline->{closure:{closure:Illuminate\\Pipeline\\Pipeline::carry():184}:185}(Object(Illuminate\\Http\\Request))
#39 /storage/emulated/0/Download/university-portal-backend  (2)/vendor/laravel/framework/src/Illuminate/Pipeline/Pipeline.php(209): Illuminate\\Http\\Middleware\\HandleCors->handle(Object(Illuminate\\Http\\Request), Object(Closure))
#40 /storage/emulated/0/Download/university-portal-backend  (2)/vendor/laravel/framework/src/Illuminate/Http/Middleware/TrustProxies.php(58): Illuminate\\Pipeline\\Pipeline->{closure:{closure:Illuminate\\Pipeline\\Pipeline::carry():184}:185}(Object(Illuminate\\Http\\Request))
#41 /storage/emulated/0/Download/university-portal-backend  (2)/vendor/laravel/framework/src/Illuminate/Pipeline/Pipeline.php(209): Illuminate\\Http\\Middleware\\TrustProxies->handle(Object(Illuminate\\Http\\Request), Object(Closure))
#42 /storage/emulated/0/Download/university-portal-backend  (2)/vendor/laravel/framework/src/Illuminate/Foundation/Http/Middleware/InvokeDeferredCallbacks.php(22): Illuminate\\Pipeline\\Pipeline->{closure:{closure:Illuminate\\Pipeline\\Pipeline::carry():184}:185}(Object(Illuminate\\Http\\Request))
#43 /storage/emulated/0/Download/university-portal-backend  (2)/vendor/laravel/framework/src/Illuminate/Pipeline/Pipeline.php(209): Illuminate\\Foundation\\Http\\Middleware\\InvokeDeferredCallbacks->handle(Object(Illuminate\\Http\\Request), Object(Closure))
#44 /storage/emulated/0/Download/university-portal-backend  (2)/vendor/laravel/framework/src/Illuminate/Pipeline/Pipeline.php(127): Illuminate\\Pipeline\\Pipeline->{closure:{closure:Illuminate\\Pipeline\\Pipeline::carry():184}:185}(Object(Illuminate\\Http\\Request))
#45 /storage/emulated/0/Download/university-portal-backend  (2)/vendor/laravel/framework/src/Illuminate/Foundation/Http/Kernel.php(176): Illuminate\\Pipeline\\Pipeline->then(Object(Closure))
#46 /storage/emulated/0/Download/university-portal-backend  (2)/vendor/laravel/framework/src/Illuminate/Foundation/Http/Kernel.php(145): Illuminate\\Foundation\\Http\\Kernel->sendRequestThroughRouter(Object(Illuminate\\Http\\Request))
#47 /storage/emulated/0/Download/university-portal-backend  (2)/vendor/laravel/framework/src/Illuminate/Foundation/Application.php(1220): Illuminate\\Foundation\\Http\\Kernel->handle(Object(Illuminate\\Http\\Request))
#48 /storage/emulated/0/Download/university-portal-backend  (2)/public/index.php(15): Illuminate\\Foundation\\Application->handleRequest(Object(Illuminate\\Http\\Request))
#49 {main}

[previous exception] [object] (PDOException(code: HY000): SQLSTATE[HY000]: General error: 1 no such table: sessions at /storage/emulated/0/Download/university-portal-backend  (2)/vendor/laravel/framework/src/Illuminate/Database/Connection.php:592)
[stacktrace]
#0 /storage/emulated/0/Download/university-portal-backend  (2)/vendor/laravel/framework/src/Illuminate/Database/Connection.php(592): PDO->prepare('delete from \"se...')
#1 /storage/emulated/0/Download/university-portal-backend  (2)/vendor/laravel/framework/src/Illuminate/Database/Connection.php(812): Illuminate\\Database\\Connection->{closure:Illuminate\\Database\\Connection::affectingStatement():584}('delete from \"se...', Array)
#2 /storage/emulated/0/Download/university-portal-backend  (2)/vendor/laravel/framework/src/Illuminate/Database/Connection.php(779): Illuminate\\Database\\Connection->runQueryCallback('delete from \"se...', Array, Object(Closure))
#3 /storage/emulated/0/Download/university-portal-backend  (2)/vendor/laravel/framework/src/Illuminate/Database/Connection.php(584): Illuminate\\Database\\Connection->run('delete from \"se...', Array, Object(Closure))
#4 /storage/emulated/0/Download/university-portal-backend  (2)/vendor/laravel/framework/src/Illuminate/Database/Connection.php(548): Illuminate\\Database\\Connection->affectingStatement('delete from \"se...', Array)
#5 /storage/emulated/0/Download/university-portal-backend  (2)/vendor/laravel/framework/src/Illuminate/Database/Query/Builder.php(4024): Illuminate\\Database\\Connection->delete('delete from \"se...', Array)
#6 /storage/emulated/0/Download/university-portal-backend  (2)/vendor/laravel/framework/src/Illuminate/Session/DatabaseSessionHandler.php(269): Illuminate\\Database\\Query\\Builder->delete()
#7 /storage/emulated/0/Download/university-portal-backend  (2)/vendor/laravel/framework/src/Illuminate/Session/Store.php(609): Illuminate\\Session\\DatabaseSessionHandler->destroy('MsyW395daTPrvin...')
#8 /storage/emulated/0/Download/university-portal-backend  (2)/vendor/laravel/framework/src/Illuminate/Auth/SessionGuard.php(579): Illuminate\\Session\\Store->migrate(true)
#9 /storage/emulated/0/Download/university-portal-backend  (2)/vendor/laravel/framework/src/Illuminate/Auth/SessionGuard.php(550): Illuminate\\Auth\\SessionGuard->updateSession(1)
#10 /storage/emulated/0/Download/university-portal-backend  (2)/vendor/laravel/framework/src/Illuminate/Auth/SessionGuard.php(423): Illuminate\\Auth\\SessionGuard->login(Object(App\\Models\\User), false)
#11 /storage/emulated/0/Download/university-portal-backend  (2)/vendor/laravel/framework/src/Illuminate/Support/Timebox.php(34): Illuminate\\Auth\\SessionGuard->{closure:Illuminate\\Auth\\SessionGuard::attempt():412}(Object(Illuminate\\Support\\Timebox))
#12 /storage/emulated/0/Download/university-portal-backend  (2)/vendor/laravel/framework/src/Illuminate/Auth/SessionGuard.php(412): Illuminate\\Support\\Timebox->call(Object(Closure), 200000)
#13 /storage/emulated/0/Download/university-portal-backend  (2)/vendor/laravel/framework/src/Illuminate/Auth/AuthManager.php(340): Illuminate\\Auth\\SessionGuard->attempt(Array)
#14 /storage/emulated/0/Download/university-portal-backend  (2)/vendor/laravel/framework/src/Illuminate/Support/Facades/Facade.php(361): Illuminate\\Auth\\AuthManager->__call('attempt', Array)
#15 /storage/emulated/0/Download/university-portal-backend  (2)/app/Http/Controllers/Api/AuthController.php(21): Illuminate\\Support\\Facades\\Facade::__callStatic('attempt', Array)
#16 /storage/emulated/0/Download/university-portal-backend  (2)/vendor/laravel/framework/src/Illuminate/Routing/ControllerDispatcher.php(47): App\\Http\\Controllers\\Api\\AuthController->login(Object(Illuminate\\Http\\Request))
#17 /storage/emulated/0/Download/university-portal-backend  (2)/vendor/laravel/framework/src/Illuminate/Routing/Route.php(266): Illuminate\\Routing\\ControllerDispatcher->dispatch(Object(Illuminate\\Routing\\Route), Object(App\\Http\\Controllers\\Api\\AuthController), 'login')
#18 /storage/emulated/0/Download/university-portal-backend  (2)/vendor/laravel/framework/src/Illuminate/Routing/Route.php(212): Illuminate\\Routing\\Route->runController()
#19 /storage/emulated/0/Download/university-portal-backend  (2)/vendor/laravel/framework/src/Illuminate/Routing/Router.php(808): Illuminate\\Routing\\Route->run()
#20 /storage/emulated/0/Download/university-portal-backend  (2)/vendor/laravel/framework/src/Illuminate/Pipeline/Pipeline.php(170): Illuminate\\Routing\\Router->{closure:Illuminate\\Routing\\Router::runRouteWithinStack():807}(Object(Illuminate\\Http\\Request))
#21 /storage/emulated/0/Download/university-portal-backend  (2)/vendor/laravel/framework/src/Illuminate/Routing/Middleware/SubstituteBindings.php(51): Illuminate\\Pipeline\\Pipeline->{closure:Illuminate\\Pipeline\\Pipeline::prepareDestination():168}(Object(Illuminate\\Http\\Request))
#22 /storage/emulated/0/Download/university-portal-backend  (2)/vendor/laravel/framework/src/Illuminate/Pipeline/Pipeline.php(209): Illuminate\\Routing\\Middleware\\SubstituteBindings->handle(Object(Illuminate\\Http\\Request), Object(Closure))
#23 /storage/emulated/0/Download/university-portal-backend  (2)/vendor/laravel/framework/src/Illuminate/Pipeline/Pipeline.php(127): Illuminate\\Pipeline\\Pipeline->{closure:{closure:Illuminate\\Pipeline\\Pipeline::carry():184}:185}(Object(Illuminate\\Http\\Request))
#24 /storage/emulated/0/Download/university-portal-backend  (2)/vendor/laravel/framework/src/Illuminate/Routing/Router.php(807): Illuminate\\Pipeline\\Pipeline->then(Object(Closure))
#25 /storage/emulated/0/Download/university-portal-backend  (2)/vendor/laravel/framework/src/Illuminate/Routing/Router.php(786): Illuminate\\Routing\\Router->runRouteWithinStack(Object(Illuminate\\Routing\\Route), Object(Illuminate\\Http\\Request))
#26 /storage/emulated/0/Download/university-portal-backend  (2)/vendor/laravel/framework/src/Illuminate/Routing/Router.php(750): Illuminate\\Routing\\Router->runRoute(Object(Illuminate\\Http\\Request), Object(Illuminate\\Routing\\Route))
#27 /storage/emulated/0/Download/university-portal-backend  (2)/vendor/laravel/framework/src/Illuminate/Routing/Router.php(739): Illuminate\\Routing\\Router->dispatchToRoute(Object(Illuminate\\Http\\Request))
#28 /storage/emulated/0/Download/university-portal-backend  (2)/vendor/laravel/framework/src/Illuminate/Foundation/Http/Kernel.php(201): Illuminate\\Routing\\Router->dispatch(Object(Illuminate\\Http\\Request))
#29 /storage/emulated/0/Download/university-portal-backend  (2)/vendor/laravel/framework/src/Illuminate/Pipeline/Pipeline.php(170): Illuminate\\Foundation\\Http\\Kernel->{closure:Illuminate\\Foundation\\Http\\Kernel::dispatchToRouter():198}(Object(Illuminate\\Http\\Request))
#30 /storage/emulated/0/Download/university-portal-backend  (2)/vendor/laravel/framework/src/Illuminate/Foundation/Http/Middleware/TransformsRequest.php(21): Illuminate\\Pipeline\\Pipeline->{closure:Illuminate\\Pipeline\\Pipeline::prepareDestination():168}(Object(Illuminate\\Http\\Request))
#31 /storage/emulated/0/Download/university-portal-backend  (2)/vendor/laravel/framework/src/Illuminate/Foundation/Http/Middleware/ConvertEmptyStringsToNull.php(31): Illuminate\\Foundation\\Http\\Middleware\\TransformsRequest->handle(Object(Illuminate\\Http\\Request), Object(Closure))
#32 /storage/emulated/0/Download/university-portal-backend  (2)/vendor/laravel/framework/src/Illuminate/Pipeline/Pipeline.php(209): Illuminate\\Foundation\\Http\\Middleware\\ConvertEmptyStringsToNull->handle(Object(Illuminate\\Http\\Request), Object(Closure))
#33 /storage/emulated/0/Download/university-portal-backend  (2)/vendor/laravel/framework/src/Illuminate/Foundation/Http/Middleware/TransformsRequest.php(21): Illuminate\\Pipeline\\Pipeline->{closure:{closure:Illuminate\\Pipeline\\Pipeline::carry():184}:185}(Object(Illuminate\\Http\\Request))
#34 /storage/emulated/0/Download/university-portal-backend  (2)/vendor/laravel/framework/src/Illuminate/Foundation/Http/Middleware/TrimStrings.php(51): Illuminate\\Foundation\\Http\\Middleware\\TransformsRequest->handle(Object(Illuminate\\Http\\Request), Object(Closure))
#35 /storage/emulated/0/Download/university-portal-backend  (2)/vendor/laravel/framework/src/Illuminate/Pipeline/Pipeline.php(209): Illuminate\\Foundation\\Http\\Middleware\\TrimStrings->handle(Object(Illuminate\\Http\\Request), Object(Closure))
#36 /storage/emulated/0/Download/university-portal-backend  (2)/vendor/laravel/framework/src/Illuminate/Http/Middleware/ValidatePostSize.php(27): Illuminate\\Pipeline\\Pipeline->{closure:{closure:Illuminate\\Pipeline\\Pipeline::carry():184}:185}(Object(Illuminate\\Http\\Request))
#37 /storage/emulated/0/Download/university-portal-backend  (2)/vendor/laravel/framework/src/Illuminate/Pipeline/Pipeline.php(209): Illuminate\\Http\\Middleware\\ValidatePostSize->handle(Object(Illuminate\\Http\\Request), Object(Closure))
#38 /storage/emulated/0/Download/university-portal-backend  (2)/vendor/laravel/framework/src/Illuminate/Foundation/Http/Middleware/PreventRequestsDuringMaintenance.php(110): Illuminate\\Pipeline\\Pipeline->{closure:{closure:Illuminate\\Pipeline\\Pipeline::carry():184}:185}(Object(Illuminate\\Http\\Request))
#39 /storage/emulated/0/Download/university-portal-backend  (2)/vendor/laravel/framework/src/Illuminate/Pipeline/Pipeline.php(209): Illuminate\\Foundation\\Http\\Middleware\\PreventRequestsDuringMaintenance->handle(Object(Illuminate\\Http\\Request), Object(Closure))
#40 /storage/emulated/0/Download/university-portal-backend  (2)/vendor/laravel/framework/src/Illuminate/Http/Middleware/HandleCors.php(62): Illuminate\\Pipeline\\Pipeline->{closure:{closure:Illuminate\\Pipeline\\Pipeline::carry():184}:185}(Object(Illuminate\\Http\\Request))
#41 /storage/emulated/0/Download/university-portal-backend  (2)/vendor/laravel/framework/src/Illuminate/Pipeline/Pipeline.php(209): Illuminate\\Http\\Middleware\\HandleCors->handle(Object(Illuminate\\Http\\Request), Object(Closure))
#42 /storage/emulated/0/Download/university-portal-backend  (2)/vendor/laravel/framework/src/Illuminate/Http/Middleware/TrustProxies.php(58): Illuminate\\Pipeline\\Pipeline->{closure:{closure:Illuminate\\Pipeline\\Pipeline::carry():184}:185}(Object(Illuminate\\Http\\Request))
#43 /storage/emulated/0/Download/university-portal-backend  (2)/vendor/laravel/framework/src/Illuminate/Pipeline/Pipeline.php(209): Illuminate\\Http\\Middleware\\TrustProxies->handle(Object(Illuminate\\Http\\Request), Object(Closure))
#44 /storage/emulated/0/Download/university-portal-backend  (2)/vendor/laravel/framework/src/Illuminate/Foundation/Http/Middleware/InvokeDeferredCallbacks.php(22): Illuminate\\Pipeline\\Pipeline->{closure:{closure:Illuminate\\Pipeline\\Pipeline::carry():184}:185}(Object(Illuminate\\Http\\Request))
#45 /storage/emulated/0/Download/university-portal-backend  (2)/vendor/laravel/framework/src/Illuminate/Pipeline/Pipeline.php(209): Illuminate\\Foundation\\Http\\Middleware\\InvokeDeferredCallbacks->handle(Object(Illuminate\\Http\\Request), Object(Closure))
#46 /storage/emulated/0/Download/university-portal-backend  (2)/vendor/laravel/framework/src/Illuminate/Pipeline/Pipeline.php(127): Illuminate\\Pipeline\\Pipeline->{closure:{closure:Illuminate\\Pipeline\\Pipeline::carry():184}:185}(Object(Illuminate\\Http\\Request))
#47 /storage/emulated/0/Download/university-portal-backend  (2)/vendor/laravel/framework/src/Illuminate/Foundation/Http/Kernel.php(176): Illuminate\\Pipeline\\Pipeline->then(Object(Closure))
#48 /storage/emulated/0/Download/university-portal-backend  (2)/vendor/laravel/framework/src/Illuminate/Foundation/Http/Kernel.php(145): Illuminate\\Foundation\\Http\\Kernel->sendRequestThroughRouter(Object(Illuminate\\Http\\Request))
#49 /storage/emulated/0/Download/university-portal-backend  (2)/vendor/laravel/framework/src/Illuminate/Foundation/Application.php(1220): Illuminate\\Foundation\\Http\\Kernel->handle(Object(Illuminate\\Http\\Request))
#50 /storage/emulated/0/Download/university-portal-backend  (2)/public/index.php(15): Illuminate\\Foundation\\Application->handleRequest(Object(Illuminate\\Http\\Request))
#51 {main}
"} 
[2026-08-02 19:10:09] production.ERROR: SQLSTATE[HY000]: General error: 1 no such table: sessions (Connection: sqlite, SQL: delete from "sessions" where "id" = 2O83Jl25mFsRyNZKsVdV30UjQgkKuZWsNuNEtv6Q) {"userId":1,"exception":"[object] (Illuminate\\Database\\QueryException(code: HY000): SQLSTATE[HY000]: General error: 1 no such table: sessions (Connection: sqlite, SQL: delete from \"sessions\" where \"id\" = 2O83Jl25mFsRyNZKsVdV30UjQgkKuZWsNuNEtv6Q) at /storage/emulated/0/Download/university-portal-backend  (2)/vendor/laravel/framework/src/Illuminate/Database/Connection.php:825)
[stacktrace]
#0 /storage/emulated/0/Download/university-portal-backend  (2)/vendor/laravel/framework/src/Illuminate/Database/Connection.php(779): Illuminate\\Database\\Connection->runQueryCallback('delete from \"se...', Array, Object(Closure))
#1 /storage/emulated/0/Download/university-portal-backend  (2)/vendor/laravel/framework/src/Illuminate/Database/Connection.php(584): Illuminate\\Database\\Connection->run('delete from \"se...', Array, Object(Closure))
#2 /storage/emulated/0/Download/university-portal-backend  (2)/vendor/laravel/framework/src/Illuminate/Database/Connection.php(548): Illuminate\\Database\\Connection->affectingStatement('delete from \"se...', Array)
#3 /storage/emulated/0/Download/university-portal-backend  (2)/vendor/laravel/framework/src/Illuminate/Database/Query/Builder.php(4024): Illuminate\\Database\\Connection->delete('delete from \"se...', Array)
#4 /storage/emulated/0/Download/university-portal-backend  (2)/vendor/laravel/framework/src/Illuminate/Session/DatabaseSessionHandler.php(269): Illuminate\\Database\\Query\\Builder->delete()
#5 /storage/emulated/0/Download/university-portal-backend  (2)/vendor/laravel/framework/src/Illuminate/Session/Store.php(609): Illuminate\\Session\\DatabaseSessionHandler->destroy('2O83Jl25mFsRyNZ...')
#6 /storage/emulated/0/Download/university-portal-backend  (2)/vendor/laravel/framework/src/Illuminate/Auth/SessionGuard.php(579): Illuminate\\Session\\Store->migrate(true)
#7 /storage/emulated/0/Download/university-portal-backend  (2)/vendor/laravel/framework/src/Illuminate/Auth/SessionGuard.php(550): Illuminate\\Auth\\SessionGuard->updateSession(1)
#8 /storage/emulated/0/Download/university-portal-backend  (2)/vendor/laravel/framework/src/Illuminate/Auth/SessionGuard.php(423): Illuminate\\Auth\\SessionGuard->login(Object(App\\Models\\User), false)
#9 /storage/emulated/0/Download/university-portal-backend  (2)/vendor/laravel/framework/src/Illuminate/Support/Timebox.php(34): Illuminate\\Auth\\SessionGuard->{closure:Illuminate\\Auth\\SessionGuard::attempt():412}(Object(Illuminate\\Support\\Timebox))
#10 /storage/emulated/0/Download/university-portal-backend  (2)/vendor/laravel/framework/src/Illuminate/Auth/SessionGuard.php(412): Illuminate\\Support\\Timebox->call(Object(Closure), 200000)
#11 /storage/emulated/0/Download/university-portal-backend  (2)/vendor/laravel/framework/src/Illuminate/Auth/AuthManager.php(340): Illuminate\\Auth\\SessionGuard->attempt(Array)
#12 /storage/emulated/0/Download/university-portal-backend  (2)/vendor/laravel/framework/src/Illuminate/Support/Facades/Facade.php(361): Illuminate\\Auth\\AuthManager->__call('attempt', Array)
#13 /storage/emulated/0/Download/university-portal-backend  (2)/app/Http/Controllers/Api/AuthController.php(21): Illuminate\\Support\\Facades\\Facade::__callStatic('attempt', Array)
#14 /storage/emulated/0/Download/university-portal-backend  (2)/vendor/laravel/framework/src/Illuminate/Routing/ControllerDispatcher.php(47): App\\Http\\Controllers\\Api\\AuthController->login(Object(Illuminate\\Http\\Request))
#15 /storage/emulated/0/Download/university-portal-backend  (2)/vendor/laravel/framework/src/Illuminate/Routing/Route.php(266): Illuminate\\Routing\\ControllerDispatcher->dispatch(Object(Illuminate\\Routing\\Route), Object(App\\Http\\Controllers\\Api\\AuthController), 'login')
#16 /storage/emulated/0/Download/university-portal-backend  (2)/vendor/laravel/framework/src/Illuminate/Routing/Route.php(212): Illuminate\\Routing\\Route->runController()
#17 /storage/emulated/0/Download/university-portal-backend  (2)/vendor/laravel/framework/src/Illuminate/Routing/Router.php(808): Illuminate\\Routing\\Route->run()
#18 /storage/emulated/0/Download/university-portal-backend  (2)/vendor/laravel/framework/src/Illuminate/Pipeline/Pipeline.php(170): Illuminate\\Routing\\Router->{closure:Illuminate\\Routing\\Router::runRouteWithinStack():807}(Object(Illuminate\\Http\\Request))
#19 /storage/emulated/0/Download/university-portal-backend  (2)/vendor/laravel/framework/src/Illuminate/Routing/Middleware/SubstituteBindings.php(51): Illuminate\\Pipeline\\Pipeline->{closure:Illuminate\\Pipeline\\Pipeline::prepareDestination():168}(Object(Illuminate\\Http\\Request))
#20 /storage/emulated/0/Download/university-portal-backend  (2)/vendor/laravel/framework/src/Illuminate/Pipeline/Pipeline.php(209): Illuminate\\Routing\\Middleware\\SubstituteBindings->handle(Object(Illuminate\\Http\\Request), Object(Closure))
#21 /storage/emulated/0/Download/university-portal-backend  (2)/vendor/laravel/framework/src/Illuminate/Pipeline/Pipeline.php(127): Illuminate\\Pipeline\\Pipeline->{closure:{closure:Illuminate\\Pipeline\\Pipeline::carry():184}:185}(Object(Illuminate\\Http\\Request))
#22 /storage/emulated/0/Download/university-portal-backend  (2)/vendor/laravel/framework/src/Illuminate/Routing/Router.php(807): Illuminate\\Pipeline\\Pipeline->then(Object(Closure))
#23 /storage/emulated/0/Download/university-portal-backend  (2)/vendor/laravel/framework/src/Illuminate/Routing/Router.php(786): Illuminate\\Routing\\Router->runRouteWithinStack(Object(Illuminate\\Routing\\Route), Object(Illuminate\\Http\\Request))
#24 /storage/emulated/0/Download/university-portal-backend  (2)/vendor/laravel/framework/src/Illuminate/Routing/Router.php(750): Illuminate\\Routing\\Router->runRoute(Object(Illuminate\\Http\\Request), Object(Illuminate\\Routing\\Route))
#25 /storage/emulated/0/Download/university-portal-backend  (2)/vendor/laravel/framework/src/Illuminate/Routing/Router.php(739): Illuminate\\Routing\\Router->dispatchToRoute(Object(Illuminate\\Http\\Request))
#26 /storage/emulated/0/Download/university-portal-backend  (2)/vendor/laravel/framework/src/Illuminate/Foundation/Http/Kernel.php(201): Illuminate\\Routing\\Router->dispatch(Object(Illuminate\\Http\\Request))
#27 /storage/emulated/0/Download/university-portal-backend  (2)/vendor/laravel/framework/src/Illuminate/Pipeline/Pipeline.php(170): Illuminate\\Foundation\\Http\\Kernel->{closure:Illuminate\\Foundation\\Http\\Kernel::dispatchToRouter():198}(Object(Illuminate\\Http\\Request))
#28 /storage/emulated/0/Download/university-portal-backend  (2)/vendor/laravel/framework/src/Illuminate/Foundation/Http/Middleware/TransformsRequest.php(21): Illuminate\\Pipeline\\Pipeline->{closure:Illuminate\\Pipeline\\Pipeline::prepareDestination():168}(Object(Illuminate\\Http\\Request))
#29 /storage/emulated/0/Download/university-portal-backend  (2)/vendor/laravel/framework/src/Illuminate/Foundation/Http/Middleware/ConvertEmptyStringsToNull.php(31): Illuminate\\Foundation\\Http\\Middleware\\TransformsRequest->handle(Object(Illuminate\\Http\\Request), Object(Closure))
#30 /storage/emulated/0/Download/university-portal-backend  (2)/vendor/laravel/framework/src/Illuminate/Pipeline/Pipeline.php(209): Illuminate\\Foundation\\Http\\Middleware\\ConvertEmptyStringsToNull->handle(Object(Illuminate\\Http\\Request), Object(Closure))
#31 /storage/emulated/0/Download/university-portal-backend  (2)/vendor/laravel/framework/src/Illuminate/Foundation/Http/Middleware/TransformsRequest.php(21): Illuminate\\Pipeline\\Pipeline->{closure:{closure:Illuminate\\Pipeline\\Pipeline::carry():184}:185}(Object(Illuminate\\Http\\Request))
#32 /storage/emulated/0/Download/university-portal-backend  (2)/vendor/laravel/framework/src/Illuminate/Foundation/Http/Middleware/TrimStrings.php(51): Illuminate\\Foundation\\Http\\Middleware\\TransformsRequest->handle(Object(Illuminate\\Http\\Request), Object(Closure))
#33 /storage/emulated/0/Download/university-portal-backend  (2)/vendor/laravel/framework/src/Illuminate/Pipeline/Pipeline.php(209): Illuminate\\Foundation\\Http\\Middleware\\TrimStrings->handle(Object(Illuminate\\Http\\Request), Object(Closure))
#34 /storage/emulated/0/Download/university-portal-backend  (2)/vendor/laravel/framework/src/Illuminate/Http/Middleware/ValidatePostSize.php(27): Illuminate\\Pipeline\\Pipeline->{closure:{closure:Illuminate\\Pipeline\\Pipeline::carry():184}:185}(Object(Illuminate\\Http\\Request))
#35 /storage/emulated/0/Download/university-portal-backend  (2)/vendor/laravel/framework/src/Illuminate/Pipeline/Pipeline.php(209): Illuminate\\Http\\Middleware\\ValidatePostSize->handle(Object(Illuminate\\Http\\Request), Object(Closure))
#36 /storage/emulated/0/Download/university-portal-backend  (2)/vendor/laravel/framework/src/Illuminate/Foundation/Http/Middleware/PreventRequestsDuringMaintenance.php(110): Illuminate\\Pipeline\\Pipeline->{closure:{closure:Illuminate\\Pipeline\\Pipeline::carry():184}:185}(Object(Illuminate\\Http\\Request))
#37 /storage/emulated/0/Download/university-portal-backend  (2)/vendor/laravel/framework/src/Illuminate/Pipeline/Pipeline.php(209): Illuminate\\Foundation\\Http\\Middleware\\PreventRequestsDuringMaintenance->handle(Object(Illuminate\\Http\\Request), Object(Closure))
#38 /storage/emulated/0/Download/university-portal-backend  (2)/vendor/laravel/framework/src/Illuminate/Http/Middleware/HandleCors.php(62): Illuminate\\Pipeline\\Pipeline->{closure:{closure:Illuminate\\Pipeline\\Pipeline::carry():184}:185}(Object(Illuminate\\Http\\Request))
#39 /storage/emulated/0/Download/university-portal-backend  (2)/vendor/laravel/framework/src/Illuminate/Pipeline/Pipeline.php(209): Illuminate\\Http\\Middleware\\HandleCors->handle(Object(Illuminate\\Http\\Request), Object(Closure))
#40 /storage/emulated/0/Download/university-portal-backend  (2)/vendor/laravel/framework/src/Illuminate/Http/Middleware/TrustProxies.php(58): Illuminate\\Pipeline\\Pipeline->{closure:{closure:Illuminate\\Pipeline\\Pipeline::carry():184}:185}(Object(Illuminate\\Http\\Request))
#41 /storage/emulated/0/Download/university-portal-backend  (2)/vendor/laravel/framework/src/Illuminate/Pipeline/Pipeline.php(209): Illuminate\\Http\\Middleware\\TrustProxies->handle(Object(Illuminate\\Http\\Request), Object(Closure))
#42 /storage/emulated/0/Download/university-portal-backend  (2)/vendor/laravel/framework/src/Illuminate/Foundation/Http/Middleware/InvokeDeferredCallbacks.php(22): Illuminate\\Pipeline\\Pipeline->{closure:{closure:Illuminate\\Pipeline\\Pipeline::carry():184}:185}(Object(Illuminate\\Http\\Request))
#43 /storage/emulated/0/Download/university-portal-backend  (2)/vendor/laravel/framework/src/Illuminate/Pipeline/Pipeline.php(209): Illuminate\\Foundation\\Http\\Middleware\\InvokeDeferredCallbacks->handle(Object(Illuminate\\Http\\Request), Object(Closure))
#44 /storage/emulated/0/Download/university-portal-backend  (2)/vendor/laravel/framework/src/Illuminate/Pipeline/Pipeline.php(127): Illuminate\\Pipeline\\Pipeline->{closure:{closure:Illuminate\\Pipeline\\Pipeline::carry():184}:185}(Object(Illuminate\\Http\\Request))
#45 /storage/emulated/0/Download/university-portal-backend  (2)/vendor/laravel/framework/src/Illuminate/Foundation/Http/Kernel.php(176): Illuminate\\Pipeline\\Pipeline->then(Object(Closure))
#46 /storage/emulated/0/Download/university-portal-backend  (2)/vendor/laravel/framework/src/Illuminate/Foundation/Http/Kernel.php(145): Illuminate\\Foundation\\Http\\Kernel->sendRequestThroughRouter(Object(Illuminate\\Http\\Request))
#47 /storage/emulated/0/Download/university-portal-backend  (2)/vendor/laravel/framework/src/Illuminate/Foundation/Application.php(1220): Illuminate\\Foundation\\Http\\Kernel->handle(Object(Illuminate\\Http\\Request))
#48 /storage/emulated/0/Download/university-portal-backend  (2)/public/index.php(15): Illuminate\\Foundation\\Application->handleRequest(Object(Illuminate\\Http\\Request))
#49 {main}

[previous exception] [object] (PDOException(code: HY000): SQLSTATE[HY000]: General error: 1 no such table: sessions at /storage/emulated/0/Download/university-portal-backend  (2)/vendor/laravel/framework/src/Illuminate/Database/Connection.php:592)
[stacktrace]
#0 /storage/emulated/0/Download/university-portal-backend  (2)/vendor/laravel/framework/src/Illuminate/Database/Connection.php(592): PDO->prepare('delete from \"se...')
#1 /storage/emulated/0/Download/university-portal-backend  (2)/vendor/laravel/framework/src/Illuminate/Database/Connection.php(812): Illuminate\\Database\\Connection->{closure:Illuminate\\Database\\Connection::affectingStatement():584}('delete from \"se...', Array)
#2 /storage/emulated/0/Download/university-portal-backend  (2)/vendor/laravel/framework/src/Illuminate/Database/Connection.php(779): Illuminate\\Database\\Connection->runQueryCallback('delete from \"se...', Array, Object(Closure))
#3 /storage/emulated/0/Download/university-portal-backend  (2)/vendor/laravel/framework/src/Illuminate/Database/Connection.php(584): Illuminate\\Database\\Connection->run('delete from \"se...', Array, Object(Closure))
#4 /storage/emulated/0/Download/university-portal-backend  (2)/vendor/laravel/framework/src/Illuminate/Database/Connection.php(548): Illuminate\\Database\\Connection->affectingStatement('delete from \"se...', Array)
#5 /storage/emulated/0/Download/university-portal-backend  (2)/vendor/laravel/framework/src/Illuminate/Database/Query/Builder.php(4024): Illuminate\\Database\\Connection->delete('delete from \"se...', Array)
#6 /storage/emulated/0/Download/university-portal-backend  (2)/vendor/laravel/framework/src/Illuminate/Session/DatabaseSessionHandler.php(269): Illuminate\\Database\\Query\\Builder->delete()
#7 /storage/emulated/0/Download/university-portal-backend  (2)/vendor/laravel/framework/src/Illuminate/Session/Store.php(609): Illuminate\\Session\\DatabaseSessionHandler->destroy('2O83Jl25mFsRyNZ...')
#8 /storage/emulated/0/Download/university-portal-backend  (2)/vendor/laravel/framework/src/Illuminate/Auth/SessionGuard.php(579): Illuminate\\Session\\Store->migrate(true)
#9 /storage/emulated/0/Download/university-portal-backend  (2)/vendor/laravel/framework/src/Illuminate/Auth/SessionGuard.php(550): Illuminate\\Auth\\SessionGuard->updateSession(1)
#10 /storage/emulated/0/Download/university-portal-backend  (2)/vendor/laravel/framework/src/Illuminate/Auth/SessionGuard.php(423): Illuminate\\Auth\\SessionGuard->login(Object(App\\Models\\User), false)
#11 /storage/emulated/0/Download/university-portal-backend  (2)/vendor/laravel/framework/src/Illuminate/Support/Timebox.php(34): Illuminate\\Auth\\SessionGuard->{closure:Illuminate\\Auth\\SessionGuard::attempt():412}(Object(Illuminate\\Support\\Timebox))
#12 /storage/emulated/0/Download/university-portal-backend  (2)/vendor/laravel/framework/src/Illuminate/Auth/SessionGuard.php(412): Illuminate\\Support\\Timebox->call(Object(Closure), 200000)
#13 /storage/emulated/0/Download/university-portal-backend  (2)/vendor/laravel/framework/src/Illuminate/Auth/AuthManager.php(340): Illuminate\\Auth\\SessionGuard->attempt(Array)
#14 /storage/emulated/0/Download/university-portal-backend  (2)/vendor/laravel/framework/src/Illuminate/Support/Facades/Facade.php(361): Illuminate\\Auth\\AuthManager->__call('attempt', Array)
#15 /storage/emulated/0/Download/university-portal-backend  (2)/app/Http/Controllers/Api/AuthController.php(21): Illuminate\\Support\\Facades\\Facade::__callStatic('attempt', Array)
#16 /storage/emulated/0/Download/university-portal-backend  (2)/vendor/laravel/framework/src/Illuminate/Routing/ControllerDispatcher.php(47): App\\Http\\Controllers\\Api\\AuthController->login(Object(Illuminate\\Http\\Request))
#17 /storage/emulated/0/Download/university-portal-backend  (2)/vendor/laravel/framework/src/Illuminate/Routing/Route.php(266): Illuminate\\Routing\\ControllerDispatcher->dispatch(Object(Illuminate\\Routing\\Route), Object(App\\Http\\Controllers\\Api\\AuthController), 'login')
#18 /storage/emulated/0/Download/university-portal-backend  (2)/vendor/laravel/framework/src/Illuminate/Routing/Route.php(212): Illuminate\\Routing\\Route->runController()
#19 /storage/emulated/0/Download/university-portal-backend  (2)/vendor/laravel/framework/src/Illuminate/Routing/Router.php(808): Illuminate\\Routing\\Route->run()
#20 /storage/emulated/0/Download/university-portal-backend  (2)/vendor/laravel/framework/src/Illuminate/Pipeline/Pipeline.php(170): Illuminate\\Routing\\Router->{closure:Illuminate\\Routing\\Router::runRouteWithinStack():807}(Object(Illuminate\\Http\\Request))
#21 /storage/emulated/0/Download/university-portal-backend  (2)/vendor/laravel/framework/src/Illuminate/Routing/Middleware/SubstituteBindings.php(51): Illuminate\\Pipeline\\Pipeline->{closure:Illuminate\\Pipeline\\Pipeline::prepareDestination():168}(Object(Illuminate\\Http\\Request))
#22 /storage/emulated/0/Download/university-portal-backend  (2)/vendor/laravel/framework/src/Illuminate/Pipeline/Pipeline.php(209): Illuminate\\Routing\\Middleware\\SubstituteBindings->handle(Object(Illuminate\\Http\\Request), Object(Closure))
#23 /storage/emulated/0/Download/university-portal-backend  (2)/vendor/laravel/framework/src/Illuminate/Pipeline/Pipeline.php(127): Illuminate\\Pipeline\\Pipeline->{closure:{closure:Illuminate\\Pipeline\\Pipeline::carry():184}:185}(Object(Illuminate\\Http\\Request))
#24 /storage/emulated/0/Download/university-portal-backend  (2)/vendor/laravel/framework/src/Illuminate/Routing/Router.php(807): Illuminate\\Pipeline\\Pipeline->then(Object(Closure))
#25 /storage/emulated/0/Download/university-portal-backend  (2)/vendor/laravel/framework/src/Illuminate/Routing/Router.php(786): Illuminate\\Routing\\Router->runRouteWithinStack(Object(Illuminate\\Routing\\Route), Object(Illuminate\\Http\\Request))
#26 /storage/emulated/0/Download/university-portal-backend  (2)/vendor/laravel/framework/src/Illuminate/Routing/Router.php(750): Illuminate\\Routing\\Router->runRoute(Object(Illuminate\\Http\\Request), Object(Illuminate\\Routing\\Route))
#27 /storage/emulated/0/Download/university-portal-backend  (2)/vendor/laravel/framework/src/Illuminate/Routing/Router.php(739): Illuminate\\Routing\\Router->dispatchToRoute(Object(Illuminate\\Http\\Request))
#28 /storage/emulated/0/Download/university-portal-backend  (2)/vendor/laravel/framework/src/Illuminate/Foundation/Http/Kernel.php(201): Illuminate\\Routing\\Router->dispatch(Object(Illuminate\\Http\\Request))
#29 /storage/emulated/0/Download/university-portal-backend  (2)/vendor/laravel/framework/src/Illuminate/Pipeline/Pipeline.php(170): Illuminate\\Foundation\\Http\\Kernel->{closure:Illuminate\\Foundation\\Http\\Kernel::dispatchToRouter():198}(Object(Illuminate\\Http\\Request))
#30 /storage/emulated/0/Download/university-portal-backend  (2)/vendor/laravel/framework/src/Illuminate/Foundation/Http/Middleware/TransformsRequest.php(21): Illuminate\\Pipeline\\Pipeline->{closure:Illuminate\\Pipeline\\Pipeline::prepareDestination():168}(Object(Illuminate\\Http\\Request))
#31 /storage/emulated/0/Download/university-portal-backend  (2)/vendor/laravel/framework/src/Illuminate/Foundation/Http/Middleware/ConvertEmptyStringsToNull.php(31): Illuminate\\Foundation\\Http\\Middleware\\TransformsRequest->handle(Object(Illuminate\\Http\\Request), Object(Closure))
#32 /storage/emulated/0/Download/university-portal-backend  (2)/vendor/laravel/framework/src/Illuminate/Pipeline/Pipeline.php(209): Illuminate\\Foundation\\Http\\Middleware\\ConvertEmptyStringsToNull->handle(Object(Illuminate\\Http\\Request), Object(Closure))
#33 /storage/emulated/0/Download/university-portal-backend  (2)/vendor/laravel/framework/src/Illuminate/Foundation/Http/Middleware/TransformsRequest.php(21): Illuminate\\Pipeline\\Pipeline->{closure:{closure:Illuminate\\Pipeline\\Pipeline::carry():184}:185}(Object(Illuminate\\Http\\Request))
#34 /storage/emulated/0/Download/university-portal-backend  (2)/vendor/laravel/framework/src/Illuminate/Foundation/Http/Middleware/TrimStrings.php(51): Illuminate\\Foundation\\Http\\Middleware\\TransformsRequest->handle(Object(Illuminate\\Http\\Request), Object(Closure))
#35 /storage/emulated/0/Download/university-portal-backend  (2)/vendor/laravel/framework/src/Illuminate/Pipeline/Pipeline.php(209): Illuminate\\Foundation\\Http\\Middleware\\TrimStrings->handle(Object(Illuminate\\Http\\Request), Object(Closure))
#36 /storage/emulated/0/Download/university-portal-backend  (2)/vendor/laravel/framework/src/Illuminate/Http/Middleware/ValidatePostSize.php(27): Illuminate\\Pipeline\\Pipeline->{closure:{closure:Illuminate\\Pipeline\\Pipeline::carry():184}:185}(Object(Illuminate\\Http\\Request))
#37 /storage/emulated/0/Download/university-portal-backend  (2)/vendor/laravel/framework/src/Illuminate/Pipeline/Pipeline.php(209): Illuminate\\Http\\Middleware\\ValidatePostSize->handle(Object(Illuminate\\Http\\Request), Object(Closure))
#38 /storage/emulated/0/Download/university-portal-backend  (2)/vendor/laravel/framework/src/Illuminate/Foundation/Http/Middleware/PreventRequestsDuringMaintenance.php(110): Illuminate\\Pipeline\\Pipeline->{closure:{closure:Illuminate\\Pipeline\\Pipeline::carry():184}:185}(Object(Illuminate\\Http\\Request))
#39 /storage/emulated/0/Download/university-portal-backend  (2)/vendor/laravel/framework/src/Illuminate/Pipeline/Pipeline.php(209): Illuminate\\Foundation\\Http\\Middleware\\PreventRequestsDuringMaintenance->handle(Object(Illuminate\\Http\\Request), Object(Closure))
#40 /storage/emulated/0/Download/university-portal-backend  (2)/vendor/laravel/framework/src/Illuminate/Http/Middleware/HandleCors.php(62): Illuminate\\Pipeline\\Pipeline->{closure:{closure:Illuminate\\Pipeline\\Pipeline::carry():184}:185}(Object(Illuminate\\Http\\Request))
#41 /storage/emulated/0/Download/university-portal-backend  (2)/vendor/laravel/framework/src/Illuminate/Pipeline/Pipeline.php(209): Illuminate\\Http\\Middleware\\HandleCors->handle(Object(Illuminate\\Http\\Request), Object(Closure))
#42 /storage/emulated/0/Download/university-portal-backend  (2)/vendor/laravel/framework/src/Illuminate/Http/Middleware/TrustProxies.php(58): Illuminate\\Pipeline\\Pipeline->{closure:{closure:Illuminate\\Pipeline\\Pipeline::carry():184}:185}(Object(Illuminate\\Http\\Request))
#43 /storage/emulated/0/Download/university-portal-backend  (2)/vendor/laravel/framework/src/Illuminate/Pipeline/Pipeline.php(209): Illuminate\\Http\\Middleware\\TrustProxies->handle(Object(Illuminate\\Http\\Request), Object(Closure))
#44 /storage/emulated/0/Download/university-portal-backend  (2)/vendor/laravel/framework/src/Illuminate/Foundation/Http/Middleware/InvokeDeferredCallbacks.php(22): Illuminate\\Pipeline\\Pipeline->{closure:{closure:Illuminate\\Pipeline\\Pipeline::carry():184}:185}(Object(Illuminate\\Http\\Request))
#45 /storage/emulated/0/Download/university-portal-backend  (2)/vendor/laravel/framework/src/Illuminate/Pipeline/Pipeline.php(209): Illuminate\\Foundation\\Http\\Middleware\\InvokeDeferredCallbacks->handle(Object(Illuminate\\Http\\Request), Object(Closure))
#46 /storage/emulated/0/Download/university-portal-backend  (2)/vendor/laravel/framework/src/Illuminate/Pipeline/Pipeline.php(127): Illuminate\\Pipeline\\Pipeline->{closure:{closure:Illuminate\\Pipeline\\Pipeline::carry():184}:185}(Object(Illuminate\\Http\\Request))
#47 /storage/emulated/0/Download/university-portal-backend  (2)/vendor/laravel/framework/src/Illuminate/Foundation/Http/Kernel.php(176): Illuminate\\Pipeline\\Pipeline->then(Object(Closure))
#48 /storage/emulated/0/Download/university-portal-backend  (2)/vendor/laravel/framework/src/Illuminate/Foundation/Http/Kernel.php(145): Illuminate\\Foundation\\Http\\Kernel->sendRequestThroughRouter(Object(Illuminate\\Http\\Request))
#49 /storage/emulated/0/Download/university-portal-backend  (2)/vendor/laravel/framework/src/Illuminate/Foundation/Application.php(1220): Illuminate\\Foundation\\Http\\Kernel->handle(Object(Illuminate\\Http\\Request))
#50 /storage/emulated/0/Download/university-portal-backend  (2)/public/index.php(15): Illuminate\\Foundation\\Application->handleRequest(Object(Illuminate\\Http\\Request))
#51 {main}
"} 
[2026-08-02 19:12:37] production.ERROR: SQLSTATE[HY000]: General error: 1 no such table: sessions (Connection: sqlite, SQL: delete from "sessions" where "id" = XStwZNppWCFlhokYgCUzjJIvXBSPRoJ8kB94tdq7) {"userId":1,"exception":"[object] (Illuminate\\Database\\QueryException(code: HY000): SQLSTATE[HY000]: General error: 1 no such table: sessions (Connection: sqlite, SQL: delete from \"sessions\" where \"id\" = XStwZNppWCFlhokYgCUzjJIvXBSPRoJ8kB94tdq7) at /storage/emulated/0/Download/university-portal-backend  (2)/vendor/laravel/framework/src/Illuminate/Database/Connection.php:825)
[stacktrace]
#0 /storage/emulated/0/Download/university-portal-backend  (2)/vendor/laravel/framework/src/Illuminate/Database/Connection.php(779): Illuminate\\Database\\Connection->runQueryCallback('delete from \"se...', Array, Object(Closure))
#1 /storage/emulated/0/Download/university-portal-backend  (2)/vendor/laravel/framework/src/Illuminate/Database/Connection.php(584): Illuminate\\Database\\Connection->run('delete from \"se...', Array, Object(Closure))
#2 /storage/emulated/0/Download/university-portal-backend  (2)/vendor/laravel/framework/src/Illuminate/Database/Connection.php(548): Illuminate\\Database\\Connection->affectingStatement('delete from \"se...', Array)
#3 /storage/emulated/0/Download/university-portal-backend  (2)/vendor/laravel/framework/src/Illuminate/Database/Query/Builder.php(4024): Illuminate\\Database\\Connection->delete('delete from \"se...', Array)
#4 /storage/emulated/0/Download/university-portal-backend  (2)/vendor/laravel/framework/src/Illuminate/Session/DatabaseSessionHandler.php(269): Illuminate\\Database\\Query\\Builder->delete()
#5 /storage/emulated/0/Download/university-portal-backend  (2)/vendor/laravel/framework/src/Illuminate/Session/Store.php(609): Illuminate\\Session\\DatabaseSessionHandler->destroy('XStwZNppWCFlhok...')
#6 /storage/emulated/0/Download/university-portal-backend  (2)/vendor/laravel/framework/src/Illuminate/Auth/SessionGuard.php(579): Illuminate\\Session\\Store->migrate(true)
#7 /storage/emulated/0/Download/university-portal-backend  (2)/vendor/laravel/framework/src/Illuminate/Auth/SessionGuard.php(550): Illuminate\\Auth\\SessionGuard->updateSession(1)
#8 /storage/emulated/0/Download/university-portal-backend  (2)/vendor/laravel/framework/src/Illuminate/Auth/SessionGuard.php(423): Illuminate\\Auth\\SessionGuard->login(Object(App\\Models\\User), false)
#9 /storage/emulated/0/Download/university-portal-backend  (2)/vendor/laravel/framework/src/Illuminate/Support/Timebox.php(34): Illuminate\\Auth\\SessionGuard->{closure:Illuminate\\Auth\\SessionGuard::attempt():412}(Object(Illuminate\\Support\\Timebox))
#10 /storage/emulated/0/Download/university-portal-backend  (2)/vendor/laravel/framework/src/Illuminate/Auth/SessionGuard.php(412): Illuminate\\Support\\Timebox->call(Object(Closure), 200000)
#11 /storage/emulated/0/Download/university-portal-backend  (2)/vendor/laravel/framework/src/Illuminate/Auth/AuthManager.php(340): Illuminate\\Auth\\SessionGuard->attempt(Array)
#12 /storage/emulated/0/Download/university-portal-backend  (2)/vendor/laravel/framework/src/Illuminate/Support/Facades/Facade.php(361): Illuminate\\Auth\\AuthManager->__call('attempt', Array)
#13 /storage/emulated/0/Download/university-portal-backend  (2)/app/Http/Controllers/Api/AuthController.php(21): Illuminate\\Support\\Facades\\Facade::__callStatic('attempt', Array)
#14 /storage/emulated/0/Download/university-portal-backend  (2)/vendor/laravel/framework/src/Illuminate/Routing/ControllerDispatcher.php(47): App\\Http\\Controllers\\Api\\AuthController->login(Object(Illuminate\\Http\\Request))
#15 /storage/emulated/0/Download/university-portal-backend  (2)/vendor/laravel/framework/src/Illuminate/Routing/Route.php(266): Illuminate\\Routing\\ControllerDispatcher->dispatch(Object(Illuminate\\Routing\\Route), Object(App\\Http\\Controllers\\Api\\AuthController), 'login')
#16 /storage/emulated/0/Download/university-portal-backend  (2)/vendor/laravel/framework/src/Illuminate/Routing/Route.php(212): Illuminate\\Routing\\Route->runController()
#17 /storage/emulated/0/Download/university-portal-backend  (2)/vendor/laravel/framework/src/Illuminate/Routing/Router.php(808): Illuminate\\Routing\\Route->run()
#18 /storage/emulated/0/Download/university-portal-backend  (2)/vendor/laravel/framework/src/Illuminate/Pipeline/Pipeline.php(170): Illuminate\\Routing\\Router->{closure:Illuminate\\Routing\\Router::runRouteWithinStack():807}(Object(Illuminate\\Http\\Request))
#19 /storage/emulated/0/Download/university-portal-backend  (2)/vendor/laravel/framework/src/Illuminate/Routing/Middleware/SubstituteBindings.php(51): Illuminate\\Pipeline\\Pipeline->{closure:Illuminate\\Pipeline\\Pipeline::prepareDestination():168}(Object(Illuminate\\Http\\Request))
#20 /storage/emulated/0/Download/university-portal-backend  (2)/vendor/laravel/framework/src/Illuminate/Pipeline/Pipeline.php(209): Illuminate\\Routing\\Middleware\\SubstituteBindings->handle(Object(Illuminate\\Http\\Request), Object(Closure))
#21 /storage/emulated/0/Download/university-portal-backend  (2)/vendor/laravel/framework/src/Illuminate/Pipeline/Pipeline.php(127): Illuminate\\Pipeline\\Pipeline->{closure:{closure:Illuminate\\Pipeline\\Pipeline::carry():184}:185}(Object(Illuminate\\Http\\Request))
#22 /storage/emulated/0/Download/university-portal-backend  (2)/vendor/laravel/framework/src/Illuminate/Routing/Router.php(807): Illuminate\\Pipeline\\Pipeline->then(Object(Closure))
#23 /storage/emulated/0/Download/university-portal-backend  (2)/vendor/laravel/framework/src/Illuminate/Routing/Router.php(786): Illuminate\\Routing\\Router->runRouteWithinStack(Object(Illuminate\\Routing\\Route), Object(Illuminate\\Http\\Request))
#24 /storage/emulated/0/Download/university-portal-backend  (2)/vendor/laravel/framework/src/Illuminate/Routing/Router.php(750): Illuminate\\Routing\\Router->runRoute(Object(Illuminate\\Http\\Request), Object(Illuminate\\Routing\\Route))
#25 /storage/emulated/0/Download/university-portal-backend  (2)/vendor/laravel/framework/src/Illuminate/Routing/Router.php(739): Illuminate\\Routing\\Router->dispatchToRoute(Object(Illuminate\\Http\\Request))
#26 /storage/emulated/0/Download/university-portal-backend  (2)/vendor/laravel/framework/src/Illuminate/Foundation/Http/Kernel.php(201): Illuminate\\Routing\\Router->dispatch(Object(Illuminate\\Http\\Request))
#27 /storage/emulated/0/Download/university-portal-backend  (2)/vendor/laravel/framework/src/Illuminate/Pipeline/Pipeline.php(170): Illuminate\\Foundation\\Http\\Kernel->{closure:Illuminate\\Foundation\\Http\\Kernel::dispatchToRouter():198}(Object(Illuminate\\Http\\Request))
#28 /storage/emulated/0/Download/university-portal-backend  (2)/vendor/laravel/framework/src/Illuminate/Foundation/Http/Middleware/TransformsRequest.php(21): Illuminate\\Pipeline\\Pipeline->{closure:Illuminate\\Pipeline\\Pipeline::prepareDestination():168}(Object(Illuminate\\Http\\Request))
#29 /storage/emulated/0/Download/university-portal-backend  (2)/vendor/laravel/framework/src/Illuminate/Foundation/Http/Middleware/ConvertEmptyStringsToNull.php(31): Illuminate\\Foundation\\Http\\Middleware\\TransformsRequest->handle(Object(Illuminate\\Http\\Request), Object(Closure))
#30 /storage/emulated/0/Download/university-portal-backend  (2)/vendor/laravel/framework/src/Illuminate/Pipeline/Pipeline.php(209): Illuminate\\Foundation\\Http\\Middleware\\ConvertEmptyStringsToNull->handle(Object(Illuminate\\Http\\Request), Object(Closure))
#31 /storage/emulated/0/Download/university-portal-backend  (2)/vendor/laravel/framework/src/Illuminate/Foundation/Http/Middleware/TransformsRequest.php(21): Illuminate\\Pipeline\\Pipeline->{closure:{closure:Illuminate\\Pipeline\\Pipeline::carry():184}:185}(Object(Illuminate\\Http\\Request))
#32 /storage/emulated/0/Download/university-portal-backend  (2)/vendor/laravel/framework/src/Illuminate/Foundation/Http/Middleware/TrimStrings.php(51): Illuminate\\Foundation\\Http\\Middleware\\TransformsRequest->handle(Object(Illuminate\\Http\\Request), Object(Closure))
#33 /storage/emulated/0/Download/university-portal-backend  (2)/vendor/laravel/framework/src/Illuminate/Pipeline/Pipeline.php(209): Illuminate\\Foundation\\Http\\Middleware\\TrimStrings->handle(Object(Illuminate\\Http\\Request), Object(Closure))
#34 /storage/emulated/0/Download/university-portal-backend  (2)/vendor/laravel/framework/src/Illuminate/Http/Middleware/ValidatePostSize.php(27): Illuminate\\Pipeline\\Pipeline->{closure:{closure:Illuminate\\Pipeline\\Pipeline::carry():184}:185}(Object(Illuminate\\Http\\Request))
#35 /storage/emulated/0/Download/university-portal-backend  (2)/vendor/laravel/framework/src/Illuminate/Pipeline/Pipeline.php(209): Illuminate\\Http\\Middleware\\ValidatePostSize->handle(Object(Illuminate\\Http\\Request), Object(Closure))
#36 /storage/emulated/0/Download/university-portal-backend  (2)/vendor/laravel/framework/src/Illuminate/Foundation/Http/Middleware/PreventRequestsDuringMaintenance.php(110): Illuminate\\Pipeline\\Pipeline->{closure:{closure:Illuminate\\Pipeline\\Pipeline::carry():184}:185}(Object(Illuminate\\Http\\Request))
#37 /storage/emulated/0/Download/university-portal-backend  (2)/vendor/laravel/framework/src/Illuminate/Pipeline/Pipeline.php(209): Illuminate\\Foundation\\Http\\Middleware\\PreventRequestsDuringMaintenance->handle(Object(Illuminate\\Http\\Request), Object(Closure))
#38 /storage/emulated/0/Download/university-portal-backend  (2)/vendor/laravel/framework/src/Illuminate/Http/Middleware/HandleCors.php(62): Illuminate\\Pipeline\\Pipeline->{closure:{closure:Illuminate\\Pipeline\\Pipeline::carry():184}:185}(Object(Illuminate\\Http\\Request))
#39 /storage/emulated/0/Download/university-portal-backend  (2)/vendor/laravel/framework/src/Illuminate/Pipeline/Pipeline.php(209): Illuminate\\Http\\Middleware\\HandleCors->handle(Object(Illuminate\\Http\\Request), Object(Closure))
#40 /storage/emulated/0/Download/university-portal-backend  (2)/vendor/laravel/framework/src/Illuminate/Http/Middleware/TrustProxies.php(58): Illuminate\\Pipeline\\Pipeline->{closure:{closure:Illuminate\\Pipeline\\Pipeline::carry():184}:185}(Object(Illuminate\\Http\\Request))
#41 /storage/emulated/0/Download/university-portal-backend  (2)/vendor/laravel/framework/src/Illuminate/Pipeline/Pipeline.php(209): Illuminate\\Http\\Middleware\\TrustProxies->handle(Object(Illuminate\\Http\\Request), Object(Closure))
#42 /storage/emulated/0/Download/university-portal-backend  (2)/vendor/laravel/framework/src/Illuminate/Foundation/Http/Middleware/InvokeDeferredCallbacks.php(22): Illuminate\\Pipeline\\Pipeline->{closure:{closure:Illuminate\\Pipeline\\Pipeline::carry():184}:185}(Object(Illuminate\\Http\\Request))
#43 /storage/emulated/0/Download/university-portal-backend  (2)/vendor/laravel/framework/src/Illuminate/Pipeline/Pipeline.php(209): Illuminate\\Foundation\\Http\\Middleware\\InvokeDeferredCallbacks->handle(Object(Illuminate\\Http\\Request), Object(Closure))
#44 /storage/emulated/0/Download/university-portal-backend  (2)/vendor/laravel/framework/src/Illuminate/Pipeline/Pipeline.php(127): Illuminate\\Pipeline\\Pipeline->{closure:{closure:Illuminate\\Pipeline\\Pipeline::carry():184}:185}(Object(Illuminate\\Http\\Request))
#45 /storage/emulated/0/Download/university-portal-backend  (2)/vendor/laravel/framework/src/Illuminate/Foundation/Http/Kernel.php(176): Illuminate\\Pipeline\\Pipeline->then(Object(Closure))
#46 /storage/emulated/0/Download/university-portal-backend  (2)/vendor/laravel/framework/src/Illuminate/Foundation/Http/Kernel.php(145): Illuminate\\Foundation\\Http\\Kernel->sendRequestThroughRouter(Object(Illuminate\\Http\\Request))
#47 /storage/emulated/0/Download/university-portal-backend  (2)/vendor/laravel/framework/src/Illuminate/Foundation/Application.php(1220): Illuminate\\Foundation\\Http\\Kernel->handle(Object(Illuminate\\Http\\Request))
#48 /storage/emulated/0/Download/university-portal-backend  (2)/public/index.php(15): Illuminate\\Foundation\\Application->handleRequest(Object(Illuminate\\Http\\Request))
#49 {main}

[previous exception] [object] (PDOException(code: HY000): SQLSTATE[HY000]: General error: 1 no such table: sessions at /storage/emulated/0/Download/university-portal-backend  (2)/vendor/laravel/framework/src/Illuminate/Database/Connection.php:592)
[stacktrace]
#0 /storage/emulated/0/Download/university-portal-backend  (2)/vendor/laravel/framework/src/Illuminate/Database/Connection.php(592): PDO->prepare('delete from \"se...')
#1 /storage/emulated/0/Download/university-portal-backend  (2)/vendor/laravel/framework/src/Illuminate/Database/Connection.php(812): Illuminate\\Database\\Connection->{closure:Illuminate\\Database\\Connection::affectingStatement():584}('delete from \"se...', Array)
#2 /storage/emulated/0/Download/university-portal-backend  (2)/vendor/laravel/framework/src/Illuminate/Database/Connection.php(779): Illuminate\\Database\\Connection->runQueryCallback('delete from \"se...', Array, Object(Closure))
#3 /storage/emulated/0/Download/university-portal-backend  (2)/vendor/laravel/framework/src/Illuminate/Database/Connection.php(584): Illuminate\\Database\\Connection->run('delete from \"se...', Array, Object(Closure))
#4 /storage/emulated/0/Download/university-portal-backend  (2)/vendor/laravel/framework/src/Illuminate/Database/Connection.php(548): Illuminate\\Database\\Connection->affectingStatement('delete from \"se...', Array)
#5 /storage/emulated/0/Download/university-portal-backend  (2)/vendor/laravel/framework/src/Illuminate/Database/Query/Builder.php(4024): Illuminate\\Database\\Connection->delete('delete from \"se...', Array)
#6 /storage/emulated/0/Download/university-portal-backend  (2)/vendor/laravel/framework/src/Illuminate/Session/DatabaseSessionHandler.php(269): Illuminate\\Database\\Query\\Builder->delete()
#7 /storage/emulated/0/Download/university-portal-backend  (2)/vendor/laravel/framework/src/Illuminate/Session/Store.php(609): Illuminate\\Session\\DatabaseSessionHandler->destroy('XStwZNppWCFlhok...')
#8 /storage/emulated/0/Download/university-portal-backend  (2)/vendor/laravel/framework/src/Illuminate/Auth/SessionGuard.php(579): Illuminate\\Session\\Store->migrate(true)
#9 /storage/emulated/0/Download/university-portal-backend  (2)/vendor/laravel/framework/src/Illuminate/Auth/SessionGuard.php(550): Illuminate\\Auth\\SessionGuard->updateSession(1)
#10 /storage/emulated/0/Download/university-portal-backend  (2)/vendor/laravel/framework/src/Illuminate/Auth/SessionGuard.php(423): Illuminate\\Auth\\SessionGuard->login(Object(App\\Models\\User), false)
#11 /storage/emulated/0/Download/university-portal-backend  (2)/vendor/laravel/framework/src/Illuminate/Support/Timebox.php(34): Illuminate\\Auth\\SessionGuard->{closure:Illuminate\\Auth\\SessionGuard::attempt():412}(Object(Illuminate\\Support\\Timebox))
#12 /storage/emulated/0/Download/university-portal-backend  (2)/vendor/laravel/framework/src/Illuminate/Auth/SessionGuard.php(412): Illuminate\\Support\\Timebox->call(Object(Closure), 200000)
#13 /storage/emulated/0/Download/university-portal-backend  (2)/vendor/laravel/framework/src/Illuminate/Auth/AuthManager.php(340): Illuminate\\Auth\\SessionGuard->attempt(Array)
#14 /storage/emulated/0/Download/university-portal-backend  (2)/vendor/laravel/framework/src/Illuminate/Support/Facades/Facade.php(361): Illuminate\\Auth\\AuthManager->__call('attempt', Array)
#15 /storage/emulated/0/Download/university-portal-backend  (2)/app/Http/Controllers/Api/AuthController.php(21): Illuminate\\Support\\Facades\\Facade::__callStatic('attempt', Array)
#16 /storage/emulated/0/Download/university-portal-backend  (2)/vendor/laravel/framework/src/Illuminate/Routing/ControllerDispatcher.php(47): App\\Http\\Controllers\\Api\\AuthController->login(Object(Illuminate\\Http\\Request))
#17 /storage/emulated/0/Download/university-portal-backend  (2)/vendor/laravel/framework/src/Illuminate/Routing/Route.php(266): Illuminate\\Routing\\ControllerDispatcher->dispatch(Object(Illuminate\\Routing\\Route), Object(App\\Http\\Controllers\\Api\\AuthController), 'login')
#18 /storage/emulated/0/Download/university-portal-backend  (2)/vendor/laravel/framework/src/Illuminate/Routing/Route.php(212): Illuminate\\Routing\\Route->runController()
#19 /storage/emulated/0/Download/university-portal-backend  (2)/vendor/laravel/framework/src/Illuminate/Routing/Router.php(808): Illuminate\\Routing\\Route->run()
#20 /storage/emulated/0/Download/university-portal-backend  (2)/vendor/laravel/framework/src/Illuminate/Pipeline/Pipeline.php(170): Illuminate\\Routing\\Router->{closure:Illuminate\\Routing\\Router::runRouteWithinStack():807}(Object(Illuminate\\Http\\Request))
#21 /storage/emulated/0/Download/university-portal-backend  (2)/vendor/laravel/framework/src/Illuminate/Routing/Middleware/SubstituteBindings.php(51): Illuminate\\Pipeline\\Pipeline->{closure:Illuminate\\Pipeline\\Pipeline::prepareDestination():168}(Object(Illuminate\\Http\\Request))
#22 /storage/emulated/0/Download/university-portal-backend  (2)/vendor/laravel/framework/src/Illuminate/Pipeline/Pipeline.php(209): Illuminate\\Routing\\Middleware\\SubstituteBindings->handle(Object(Illuminate\\Http\\Request), Object(Closure))
#23 /storage/emulated/0/Download/university-portal-backend  (2)/vendor/laravel/framework/src/Illuminate/Pipeline/Pipeline.php(127): Illuminate\\Pipeline\\Pipeline->{closure:{closure:Illuminate\\Pipeline\\Pipeline::carry():184}:185}(Object(Illuminate\\Http\\Request))
#24 /storage/emulated/0/Download/university-portal-backend  (2)/vendor/laravel/framework/src/Illuminate/Routing/Router.php(807): Illuminate\\Pipeline\\Pipeline->then(Object(Closure))
#25 /storage/emulated/0/Download/university-portal-backend  (2)/vendor/laravel/framework/src/Illuminate/Routing/Router.php(786): Illuminate\\Routing\\Router->runRouteWithinStack(Object(Illuminate\\Routing\\Route), Object(Illuminate\\Http\\Request))
#26 /storage/emulated/0/Download/university-portal-backend  (2)/vendor/laravel/framework/src/Illuminate/Routing/Router.php(750): Illuminate\\Routing\\Router->runRoute(Object(Illuminate\\Http\\Request), Object(Illuminate\\Routing\\Route))
#27 /storage/emulated/0/Download/university-portal-backend  (2)/vendor/laravel/framework/src/Illuminate/Routing/Router.php(739): Illuminate\\Routing\\Router->dispatchToRoute(Object(Illuminate\\Http\\Request))
#28 /storage/emulated/0/Download/university-portal-backend  (2)/vendor/laravel/framework/src/Illuminate/Foundation/Http/Kernel.php(201): Illuminate\\Routing\\Router->dispatch(Object(Illuminate\\Http\\Request))
#29 /storage/emulated/0/Download/university-portal-backend  (2)/vendor/laravel/framework/src/Illuminate/Pipeline/Pipeline.php(170): Illuminate\\Foundation\\Http\\Kernel->{closure:Illuminate\\Foundation\\Http\\Kernel::dispatchToRouter():198}(Object(Illuminate\\Http\\Request))
#30 /storage/emulated/0/Download/university-portal-backend  (2)/vendor/laravel/framework/src/Illuminate/Foundation/Http/Middleware/TransformsRequest.php(21): Illuminate\\Pipeline\\Pipeline->{closure:Illuminate\\Pipeline\\Pipeline::prepareDestination():168}(Object(Illuminate\\Http\\Request))
#31 /storage/emulated/0/Download/university-portal-backend  (2)/vendor/laravel/framework/src/Illuminate/Foundation/Http/Middleware/ConvertEmptyStringsToNull.php(31): Illuminate\\Foundation\\Http\\Middleware\\TransformsRequest->handle(Object(Illuminate\\Http\\Request), Object(Closure))
#32 /storage/emulated/0/Download/university-portal-backend  (2)/vendor/laravel/framework/src/Illuminate/Pipeline/Pipeline.php(209): Illuminate\\Foundation\\Http\\Middleware\\ConvertEmptyStringsToNull->handle(Object(Illuminate\\Http\\Request), Object(Closure))
#33 /storage/emulated/0/Download/university-portal-backend  (2)/vendor/laravel/framework/src/Illuminate/Foundation/Http/Middleware/TransformsRequest.php(21): Illuminate\\Pipeline\\Pipeline->{closure:{closure:Illuminate\\Pipeline\\Pipeline::carry():184}:185}(Object(Illuminate\\Http\\Request))
#34 /storage/emulated/0/Download/university-portal-backend  (2)/vendor/laravel/framework/src/Illuminate/Foundation/Http/Middleware/TrimStrings.php(51): Illuminate\\Foundation\\Http\\Middleware\\TransformsRequest->handle(Object(Illuminate\\Http\\Request), Object(Closure))
#35 /storage/emulated/0/Download/university-portal-backend  (2)/vendor/laravel/framework/src/Illuminate/Pipeline/Pipeline.php(209): Illuminate\\Foundation\\Http\\Middleware\\TrimStrings->handle(Object(Illuminate\\Http\\Request), Object(Closure))
#36 /storage/emulated/0/Download/university-portal-backend  (2)/vendor/laravel/framework/src/Illuminate/Http/Middleware/ValidatePostSize.php(27): Illuminate\\Pipeline\\Pipeline->{closure:{closure:Illuminate\\Pipeline\\Pipeline::carry():184}:185}(Object(Illuminate\\Http\\Request))
#37 /storage/emulated/0/Download/university-portal-backend  (2)/vendor/laravel/framework/src/Illuminate/Pipeline/Pipeline.php(209): Illuminate\\Http\\Middleware\\ValidatePostSize->handle(Object(Illuminate\\Http\\Request), Object(Closure))
#38 /storage/emulated/0/Download/university-portal-backend  (2)/vendor/laravel/framework/src/Illuminate/Foundation/Http/Middleware/PreventRequestsDuringMaintenance.php(110): Illuminate\\Pipeline\\Pipeline->{closure:{closure:Illuminate\\Pipeline\\Pipeline::carry():184}:185}(Object(Illuminate\\Http\\Request))
#39 /storage/emulated/0/Download/university-portal-backend  (2)/vendor/laravel/framework/src/Illuminate/Pipeline/Pipeline.php(209): Illuminate\\Foundation\\Http\\Middleware\\PreventRequestsDuringMaintenance->handle(Object(Illuminate\\Http\\Request), Object(Closure))
#40 /storage/emulated/0/Download/university-portal-backend  (2)/vendor/laravel/framework/src/Illuminate/Http/Middleware/HandleCors.php(62): Illuminate\\Pipeline\\Pipeline->{closure:{closure:Illuminate\\Pipeline\\Pipeline::carry():184}:185}(Object(Illuminate\\Http\\Request))
#41 /storage/emulated/0/Download/university-portal-backend  (2)/vendor/laravel/framework/src/Illuminate/Pipeline/Pipeline.php(209): Illuminate\\Http\\Middleware\\HandleCors->handle(Object(Illuminate\\Http\\Request), Object(Closure))
#42 /storage/emulated/0/Download/university-portal-backend  (2)/vendor/laravel/framework/src/Illuminate/Http/Middleware/TrustProxies.php(58): Illuminate\\Pipeline\\Pipeline->{closure:{closure:Illuminate\\Pipeline\\Pipeline::carry():184}:185}(Object(Illuminate\\Http\\Request))
#43 /storage/emulated/0/Download/university-portal-backend  (2)/vendor/laravel/framework/src/Illuminate/Pipeline/Pipeline.php(209): Illuminate\\Http\\Middleware\\TrustProxies->handle(Object(Illuminate\\Http\\Request), Object(Closure))
#44 /storage/emulated/0/Download/university-portal-backend  (2)/vendor/laravel/framework/src/Illuminate/Foundation/Http/Middleware/InvokeDeferredCallbacks.php(22): Illuminate\\Pipeline\\Pipeline->{closure:{closure:Illuminate\\Pipeline\\Pipeline::carry():184}:185}(Object(Illuminate\\Http\\Request))
#45 /storage/emulated/0/Download/university-portal-backend  (2)/vendor/laravel/framework/src/Illuminate/Pipeline/Pipeline.php(209): Illuminate\\Foundation\\Http\\Middleware\\InvokeDeferredCallbacks->handle(Object(Illuminate\\Http\\Request), Object(Closure))
#46 /storage/emulated/0/Download/university-portal-backend  (2)/vendor/laravel/framework/src/Illuminate/Pipeline/Pipeline.php(127): Illuminate\\Pipeline\\Pipeline->{closure:{closure:Illuminate\\Pipeline\\Pipeline::carry():184}:185}(Object(Illuminate\\Http\\Request))
#47 /storage/emulated/0/Download/university-portal-backend  (2)/vendor/laravel/framework/src/Illuminate/Foundation/Http/Kernel.php(176): Illuminate\\Pipeline\\Pipeline->then(Object(Closure))
#48 /storage/emulated/0/Download/university-portal-backend  (2)/vendor/laravel/framework/src/Illuminate/Foundation/Http/Kernel.php(145): Illuminate\\Foundation\\Http\\Kernel->sendRequestThroughRouter(Object(Illuminate\\Http\\Request))
#49 /storage/emulated/0/Download/university-portal-backend  (2)/vendor/laravel/framework/src/Illuminate/Foundation/Application.php(1220): Illuminate\\Foundation\\Http\\Kernel->handle(Object(Illuminate\\Http\\Request))
#50 /storage/emulated/0/Download/university-portal-backend  (2)/public/index.php(15): Illuminate\\Foundation\\Application->handleRequest(Object(Illuminate\\Http\\Request))
#51 {main}
"} 
[2026-08-02 19:14:56] production.ERROR: SQLSTATE[HY000]: General error: 1 no such table: sessions (Connection: sqlite, SQL: delete from "sessions" where "id" = us7bxYTk16vpkI6AKS1KCcUVbm2sdzgTbpoAmWVz) {"userId":1,"exception":"[object] (Illuminate\\Database\\QueryException(code: HY000): SQLSTATE[HY000]: General error: 1 no such table: sessions (Connection: sqlite, SQL: delete from \"sessions\" where \"id\" = us7bxYTk16vpkI6AKS1KCcUVbm2sdzgTbpoAmWVz) at /storage/emulated/0/Download/university-portal-backend  (2)/vendor/laravel/framework/src/Illuminate/Database/Connection.php:825)
[stacktrace]
#0 /storage/emulated/0/Download/university-portal-backend  (2)/vendor/laravel/framework/src/Illuminate/Database/Connection.php(779): Illuminate\\Database\\Connection->runQueryCallback('delete from \"se...', Array, Object(Closure))
#1 /storage/emulated/0/Download/university-portal-backend  (2)/vendor/laravel/framework/src/Illuminate/Database/Connection.php(584): Illuminate\\Database\\Connection->run('delete from \"se...', Array, Object(Closure))
#2 /storage/emulated/0/Download/university-portal-backend  (2)/vendor/laravel/framework/src/Illuminate/Database/Connection.php(548): Illuminate\\Database\\Connection->affectingStatement('delete from \"se...', Array)
#3 /storage/emulated/0/Download/university-portal-backend  (2)/vendor/laravel/framework/src/Illuminate/Database/Query/Builder.php(4024): Illuminate\\Database\\Connection->delete('delete from \"se...', Array)
#4 /storage/emulated/0/Download/university-portal-backend  (2)/vendor/laravel/framework/src/Illuminate/Session/DatabaseSessionHandler.php(269): Illuminate\\Database\\Query\\Builder->delete()
#5 /storage/emulated/0/Download/university-portal-backend  (2)/vendor/laravel/framework/src/Illuminate/Session/Store.php(609): Illuminate\\Session\\DatabaseSessionHandler->destroy('us7bxYTk16vpkI6...')
#6 /storage/emulated/0/Download/university-portal-backend  (2)/vendor/laravel/framework/src/Illuminate/Auth/SessionGuard.php(579): Illuminate\\Session\\Store->migrate(true)
#7 /storage/emulated/0/Download/university-portal-backend  (2)/vendor/laravel/framework/src/Illuminate/Auth/SessionGuard.php(550): Illuminate\\Auth\\SessionGuard->updateSession(1)
#8 /storage/emulated/0/Download/university-portal-backend  (2)/vendor/laravel/framework/src/Illuminate/Auth/SessionGuard.php(423): Illuminate\\Auth\\SessionGuard->login(Object(App\\Models\\User), false)
#9 /storage/emulated/0/Download/university-portal-backend  (2)/vendor/laravel/framework/src/Illuminate/Support/Timebox.php(34): Illuminate\\Auth\\SessionGuard->{closure:Illuminate\\Auth\\SessionGuard::attempt():412}(Object(Illuminate\\Support\\Timebox))
#10 /storage/emulated/0/Download/university-portal-backend  (2)/vendor/laravel/framework/src/Illuminate/Auth/SessionGuard.php(412): Illuminate\\Support\\Timebox->call(Object(Closure), 200000)
#11 /storage/emulated/0/Download/university-portal-backend  (2)/vendor/laravel/framework/src/Illuminate/Auth/AuthManager.php(340): Illuminate\\Auth\\SessionGuard->attempt(Array)
#12 /storage/emulated/0/Download/university-portal-backend  (2)/vendor/laravel/framework/src/Illuminate/Support/Facades/Facade.php(361): Illuminate\\Auth\\AuthManager->__call('attempt', Array)
#13 /storage/emulated/0/Download/university-portal-backend  (2)/app/Http/Controllers/Api/AuthController.php(21): Illuminate\\Support\\Facades\\Facade::__callStatic('attempt', Array)
#14 /storage/emulated/0/Download/university-portal-backend  (2)/vendor/laravel/framework/src/Illuminate/Routing/ControllerDispatcher.php(47): App\\Http\\Controllers\\Api\\AuthController->login(Object(Illuminate\\Http\\Request))
#15 /storage/emulated/0/Download/university-portal-backend  (2)/vendor/laravel/framework/src/Illuminate/Routing/Route.php(266): Illuminate\\Routing\\ControllerDispatcher->dispatch(Object(Illuminate\\Routing\\Route), Object(App\\Http\\Controllers\\Api\\AuthController), 'login')
#16 /storage/emulated/0/Download/university-portal-backend  (2)/vendor/laravel/framework/src/Illuminate/Routing/Route.php(212): Illuminate\\Routing\\Route->runController()
#17 /storage/emulated/0/Download/university-portal-backend  (2)/vendor/laravel/framework/src/Illuminate/Routing/Router.php(808): Illuminate\\Routing\\Route->run()
#18 /storage/emulated/0/Download/university-portal-backend  (2)/vendor/laravel/framework/src/Illuminate/Pipeline/Pipeline.php(170): Illuminate\\Routing\\Router->{closure:Illuminate\\Routing\\Router::runRouteWithinStack():807}(Object(Illuminate\\Http\\Request))
#19 /storage/emulated/0/Download/university-portal-backend  (2)/vendor/laravel/framework/src/Illuminate/Routing/Middleware/SubstituteBindings.php(51): Illuminate\\Pipeline\\Pipeline->{closure:Illuminate\\Pipeline\\Pipeline::prepareDestination():168}(Object(Illuminate\\Http\\Request))
#20 /storage/emulated/0/Download/university-portal-backend  (2)/vendor/laravel/framework/src/Illuminate/Pipeline/Pipeline.php(209): Illuminate\\Routing\\Middleware\\SubstituteBindings->handle(Object(Illuminate\\Http\\Request), Object(Closure))
#21 /storage/emulated/0/Download/university-portal-backend  (2)/vendor/laravel/framework/src/Illuminate/Pipeline/Pipeline.php(127): Illuminate\\Pipeline\\Pipeline->{closure:{closure:Illuminate\\Pipeline\\Pipeline::carry():184}:185}(Object(Illuminate\\Http\\Request))
#22 /storage/emulated/0/Download/university-portal-backend  (2)/vendor/laravel/framework/src/Illuminate/Routing/Router.php(807): Illuminate\\Pipeline\\Pipeline->then(Object(Closure))
#23 /storage/emulated/0/Download/university-portal-backend  (2)/vendor/laravel/framework/src/Illuminate/Routing/Router.php(786): Illuminate\\Routing\\Router->runRouteWithinStack(Object(Illuminate\\Routing\\Route), Object(Illuminate\\Http\\Request))
#24 /storage/emulated/0/Download/university-portal-backend  (2)/vendor/laravel/framework/src/Illuminate/Routing/Router.php(750): Illuminate\\Routing\\Router->runRoute(Object(Illuminate\\Http\\Request), Object(Illuminate\\Routing\\Route))
#25 /storage/emulated/0/Download/university-portal-backend  (2)/vendor/laravel/framework/src/Illuminate/Routing/Router.php(739): Illuminate\\Routing\\Router->dispatchToRoute(Object(Illuminate\\Http\\Request))
#26 /storage/emulated/0/Download/university-portal-backend  (2)/vendor/laravel/framework/src/Illuminate/Foundation/Http/Kernel.php(201): Illuminate\\Routing\\Router->dispatch(Object(Illuminate\\Http\\Request))
#27 /storage/emulated/0/Download/university-portal-backend  (2)/vendor/laravel/framework/src/Illuminate/Pipeline/Pipeline.php(170): Illuminate\\Foundation\\Http\\Kernel->{closure:Illuminate\\Foundation\\Http\\Kernel::dispatchToRouter():198}(Object(Illuminate\\Http\\Request))
#28 /storage/emulated/0/Download/university-portal-backend  (2)/vendor/laravel/framework/src/Illuminate/Foundation/Http/Middleware/TransformsRequest.php(21): Illuminate\\Pipeline\\Pipeline->{closure:Illuminate\\Pipeline\\Pipeline::prepareDestination():168}(Object(Illuminate\\Http\\Request))
#29 /storage/emulated/0/Download/university-portal-backend  (2)/vendor/laravel/framework/src/Illuminate/Foundation/Http/Middleware/ConvertEmptyStringsToNull.php(31): Illuminate\\Foundation\\Http\\Middleware\\TransformsRequest->handle(Object(Illuminate\\Http\\Request), Object(Closure))
#30 /storage/emulated/0/Download/university-portal-backend  (2)/vendor/laravel/framework/src/Illuminate/Pipeline/Pipeline.php(209): Illuminate\\Foundation\\Http\\Middleware\\ConvertEmptyStringsToNull->handle(Object(Illuminate\\Http\\Request), Object(Closure))
#31 /storage/emulated/0/Download/university-portal-backend  (2)/vendor/laravel/framework/src/Illuminate/Foundation/Http/Middleware/TransformsRequest.php(21): Illuminate\\Pipeline\\Pipeline->{closure:{closure:Illuminate\\Pipeline\\Pipeline::carry():184}:185}(Object(Illuminate\\Http\\Request))
#32 /storage/emulated/0/Download/university-portal-backend  (2)/vendor/laravel/framework/src/Illuminate/Foundation/Http/Middleware/TrimStrings.php(51): Illuminate\\Foundation\\Http\\Middleware\\TransformsRequest->handle(Object(Illuminate\\Http\\Request), Object(Closure))
#33 /storage/emulated/0/Download/university-portal-backend  (2)/vendor/laravel/framework/src/Illuminate/Pipeline/Pipeline.php(209): Illuminate\\Foundation\\Http\\Middleware\\TrimStrings->handle(Object(Illuminate\\Http\\Request), Object(Closure))
#34 /storage/emulated/0/Download/university-portal-backend  (2)/vendor/laravel/framework/src/Illuminate/Http/Middleware/ValidatePostSize.php(27): Illuminate\\Pipeline\\Pipeline->{closure:{closure:Illuminate\\Pipeline\\Pipeline::carry():184}:185}(Object(Illuminate\\Http\\Request))
#35 /storage/emulated/0/Download/university-portal-backend  (2)/vendor/laravel/framework/src/Illuminate/Pipeline/Pipeline.php(209): Illuminate\\Http\\Middleware\\ValidatePostSize->handle(Object(Illuminate\\Http\\Request), Object(Closure))
#36 /storage/emulated/0/Download/university-portal-backend  (2)/vendor/laravel/framework/src/Illuminate/Foundation/Http/Middleware/PreventRequestsDuringMaintenance.php(110): Illuminate\\Pipeline\\Pipeline->{closure:{closure:Illuminate\\Pipeline\\Pipeline::carry():184}:185}(Object(Illuminate\\Http\\Request))
#37 /storage/emulated/0/Download/university-portal-backend  (2)/vendor/laravel/framework/src/Illuminate/Pipeline/Pipeline.php(209): Illuminate\\Foundation\\Http\\Middleware\\PreventRequestsDuringMaintenance->handle(Object(Illuminate\\Http\\Request), Object(Closure))
#38 /storage/emulated/0/Download/university-portal-backend  (2)/vendor/laravel/framework/src/Illuminate/Http/Middleware/HandleCors.php(62): Illuminate\\Pipeline\\Pipeline->{closure:{closure:Illuminate\\Pipeline\\Pipeline::carry():184}:185}(Object(Illuminate\\Http\\Request))
#39 /storage/emulated/0/Download/university-portal-backend  (2)/vendor/laravel/framework/src/Illuminate/Pipeline/Pipeline.php(209): Illuminate\\Http\\Middleware\\HandleCors->handle(Object(Illuminate\\Http\\Request), Object(Closure))
#40 /storage/emulated/0/Download/university-portal-backend  (2)/vendor/laravel/framework/src/Illuminate/Http/Middleware/TrustProxies.php(58): Illuminate\\Pipeline\\Pipeline->{closure:{closure:Illuminate\\Pipeline\\Pipeline::carry():184}:185}(Object(Illuminate\\Http\\Request))
#41 /storage/emulated/0/Download/university-portal-backend  (2)/vendor/laravel/framework/src/Illuminate/Pipeline/Pipeline.php(209): Illuminate\\Http\\Middleware\\TrustProxies->handle(Object(Illuminate\\Http\\Request), Object(Closure))
#42 /storage/emulated/0/Download/university-portal-backend  (2)/vendor/laravel/framework/src/Illuminate/Foundation/Http/Middleware/InvokeDeferredCallbacks.php(22): Illuminate\\Pipeline\\Pipeline->{closure:{closure:Illuminate\\Pipeline\\Pipeline::carry():184}:185}(Object(Illuminate\\Http\\Request))
#43 /storage/emulated/0/Download/university-portal-backend  (2)/vendor/laravel/framework/src/Illuminate/Pipeline/Pipeline.php(209): Illuminate\\Foundation\\Http\\Middleware\\InvokeDeferredCallbacks->handle(Object(Illuminate\\Http\\Request), Object(Closure))
#44 /storage/emulated/0/Download/university-portal-backend  (2)/vendor/laravel/framework/src/Illuminate/Pipeline/Pipeline.php(127): Illuminate\\Pipeline\\Pipeline->{closure:{closure:Illuminate\\Pipeline\\Pipeline::carry():184}:185}(Object(Illuminate\\Http\\Request))
#45 /storage/emulated/0/Download/university-portal-backend  (2)/vendor/laravel/framework/src/Illuminate/Foundation/Http/Kernel.php(176): Illuminate\\Pipeline\\Pipeline->then(Object(Closure))
#46 /storage/emulated/0/Download/university-portal-backend  (2)/vendor/laravel/framework/src/Illuminate/Foundation/Http/Kernel.php(145): Illuminate\\Foundation\\Http\\Kernel->sendRequestThroughRouter(Object(Illuminate\\Http\\Request))
#47 /storage/emulated/0/Download/university-portal-backend  (2)/vendor/laravel/framework/src/Illuminate/Foundation/Application.php(1220): Illuminate\\Foundation\\Http\\Kernel->handle(Object(Illuminate\\Http\\Request))
#48 /storage/emulated/0/Download/university-portal-backend  (2)/public/index.php(15): Illuminate\\Foundation\\Application->handleRequest(Object(Illuminate\\Http\\Request))
#49 {main}

[previous exception] [object] (PDOException(code: HY000): SQLSTATE[HY000]: General error: 1 no such table: sessions at /storage/emulated/0/Download/university-portal-backend  (2)/vendor/laravel/framework/src/Illuminate/Database/Connection.php:592)
[stacktrace]
#0 /storage/emulated/0/Download/university-portal-backend  (2)/vendor/laravel/framework/src/Illuminate/Database/Connection.php(592): PDO->prepare('delete from \"se...')
#1 /storage/emulated/0/Download/university-portal-backend  (2)/vendor/laravel/framework/src/Illuminate/Database/Connection.php(812): Illuminate\\Database\\Connection->{closure:Illuminate\\Database\\Connection::affectingStatement():584}('delete from \"se...', Array)
#2 /storage/emulated/0/Download/university-portal-backend  (2)/vendor/laravel/framework/src/Illuminate/Database/Connection.php(779): Illuminate\\Database\\Connection->runQueryCallback('delete from \"se...', Array, Object(Closure))
#3 /storage/emulated/0/Download/university-portal-backend  (2)/vendor/laravel/framework/src/Illuminate/Database/Connection.php(584): Illuminate\\Database\\Connection->run('delete from \"se...', Array, Object(Closure))
#4 /storage/emulated/0/Download/university-portal-backend  (2)/vendor/laravel/framework/src/Illuminate/Database/Connection.php(548): Illuminate\\Database\\Connection->affectingStatement('delete from \"se...', Array)
#5 /storage/emulated/0/Download/university-portal-backend  (2)/vendor/laravel/framework/src/Illuminate/Database/Query/Builder.php(4024): Illuminate\\Database\\Connection->delete('delete from \"se...', Array)
#6 /storage/emulated/0/Download/university-portal-backend  (2)/vendor/laravel/framework/src/Illuminate/Session/DatabaseSessionHandler.php(269): Illuminate\\Database\\Query\\Builder->delete()
#7 /storage/emulated/0/Download/university-portal-backend  (2)/vendor/laravel/framework/src/Illuminate/Session/Store.php(609): Illuminate\\Session\\DatabaseSessionHandler->destroy('us7bxYTk16vpkI6...')
#8 /storage/emulated/0/Download/university-portal-backend  (2)/vendor/laravel/framework/src/Illuminate/Auth/SessionGuard.php(579): Illuminate\\Session\\Store->migrate(true)
#9 /storage/emulated/0/Download/university-portal-backend  (2)/vendor/laravel/framework/src/Illuminate/Auth/SessionGuard.php(550): Illuminate\\Auth\\SessionGuard->updateSession(1)
#10 /storage/emulated/0/Download/university-portal-backend  (2)/vendor/laravel/framework/src/Illuminate/Auth/SessionGuard.php(423): Illuminate\\Auth\\SessionGuard->login(Object(App\\Models\\User), false)
#11 /storage/emulated/0/Download/university-portal-backend  (2)/vendor/laravel/framework/src/Illuminate/Support/Timebox.php(34): Illuminate\\Auth\\SessionGuard->{closure:Illuminate\\Auth\\SessionGuard::attempt():412}(Object(Illuminate\\Support\\Timebox))
#12 /storage/emulated/0/Download/university-portal-backend  (2)/vendor/laravel/framework/src/Illuminate/Auth/SessionGuard.php(412): Illuminate\\Support\\Timebox->call(Object(Closure), 200000)
#13 /storage/emulated/0/Download/university-portal-backend  (2)/vendor/laravel/framework/src/Illuminate/Auth/AuthManager.php(340): Illuminate\\Auth\\SessionGuard->attempt(Array)
#14 /storage/emulated/0/Download/university-portal-backend  (2)/vendor/laravel/framework/src/Illuminate/Support/Facades/Facade.php(361): Illuminate\\Auth\\AuthManager->__call('attempt', Array)
#15 /storage/emulated/0/Download/university-portal-backend  (2)/app/Http/Controllers/Api/AuthController.php(21): Illuminate\\Support\\Facades\\Facade::__callStatic('attempt', Array)
#16 /storage/emulated/0/Download/university-portal-backend  (2)/vendor/laravel/framework/src/Illuminate/Routing/ControllerDispatcher.php(47): App\\Http\\Controllers\\Api\\AuthController->login(Object(Illuminate\\Http\\Request))
#17 /storage/emulated/0/Download/university-portal-backend  (2)/vendor/laravel/framework/src/Illuminate/Routing/Route.php(266): Illuminate\\Routing\\ControllerDispatcher->dispatch(Object(Illuminate\\Routing\\Route), Object(App\\Http\\Controllers\\Api\\AuthController), 'login')
#18 /storage/emulated/0/Download/university-portal-backend  (2)/vendor/laravel/framework/src/Illuminate/Routing/Route.php(212): Illuminate\\Routing\\Route->runController()
#19 /storage/emulated/0/Download/university-portal-backend  (2)/vendor/laravel/framework/src/Illuminate/Routing/Router.php(808): Illuminate\\Routing\\Route->run()
#20 /storage/emulated/0/Download/university-portal-backend  (2)/vendor/laravel/framework/src/Illuminate/Pipeline/Pipeline.php(170): Illuminate\\Routing\\Router->{closure:Illuminate\\Routing\\Router::runRouteWithinStack():807}(Object(Illuminate\\Http\\Request))
#21 /storage/emulated/0/Download/university-portal-backend  (2)/vendor/laravel/framework/src/Illuminate/Routing/Middleware/SubstituteBindings.php(51): Illuminate\\Pipeline\\Pipeline->{closure:Illuminate\\Pipeline\\Pipeline::prepareDestination():168}(Object(Illuminate\\Http\\Request))
#22 /storage/emulated/0/Download/university-portal-backend  (2)/vendor/laravel/framework/src/Illuminate/Pipeline/Pipeline.php(209): Illuminate\\Routing\\Middleware\\SubstituteBindings->handle(Object(Illuminate\\Http\\Request), Object(Closure))
#23 /storage/emulated/0/Download/university-portal-backend  (2)/vendor/laravel/framework/src/Illuminate/Pipeline/Pipeline.php(127): Illuminate\\Pipeline\\Pipeline->{closure:{closure:Illuminate\\Pipeline\\Pipeline::carry():184}:185}(Object(Illuminate\\Http\\Request))
#24 /storage/emulated/0/Download/university-portal-backend  (2)/vendor/laravel/framework/src/Illuminate/Routing/Router.php(807): Illuminate\\Pipeline\\Pipeline->then(Object(Closure))
#25 /storage/emulated/0/Download/university-portal-backend  (2)/vendor/laravel/framework/src/Illuminate/Routing/Router.php(786): Illuminate\\Routing\\Router->runRouteWithinStack(Object(Illuminate\\Routing\\Route), Object(Illuminate\\Http\\Request))
#26 /storage/emulated/0/Download/university-portal-backend  (2)/vendor/laravel/framework/src/Illuminate/Routing/Router.php(750): Illuminate\\Routing\\Router->runRoute(Object(Illuminate\\Http\\Request), Object(Illuminate\\Routing\\Route))
#27 /storage/emulated/0/Download/university-portal-backend  (2)/vendor/laravel/framework/src/Illuminate/Routing/Router.php(739): Illuminate\\Routing\\Router->dispatchToRoute(Object(Illuminate\\Http\\Request))
#28 /storage/emulated/0/Download/university-portal-backend  (2)/vendor/laravel/framework/src/Illuminate/Foundation/Http/Kernel.php(201): Illuminate\\Routing\\Router->dispatch(Object(Illuminate\\Http\\Request))
#29 /storage/emulated/0/Download/university-portal-backend  (2)/vendor/laravel/framework/src/Illuminate/Pipeline/Pipeline.php(170): Illuminate\\Foundation\\Http\\Kernel->{closure:Illuminate\\Foundation\\Http\\Kernel::dispatchToRouter():198}(Object(Illuminate\\Http\\Request))
#30 /storage/emulated/0/Download/university-portal-backend  (2)/vendor/laravel/framework/src/Illuminate/Foundation/Http/Middleware/TransformsRequest.php(21): Illuminate\\Pipeline\\Pipeline->{closure:Illuminate\\Pipeline\\Pipeline::prepareDestination():168}(Object(Illuminate\\Http\\Request))
#31 /storage/emulated/0/Download/university-portal-backend  (2)/vendor/laravel/framework/src/Illuminate/Foundation/Http/Middleware/ConvertEmptyStringsToNull.php(31): Illuminate\\Foundation\\Http\\Middleware\\TransformsRequest->handle(Object(Illuminate\\Http\\Request), Object(Closure))
#32 /storage/emulated/0/Download/university-portal-backend  (2)/vendor/laravel/framework/src/Illuminate/Pipeline/Pipeline.php(209): Illuminate\\Foundation\\Http\\Middleware\\ConvertEmptyStringsToNull->handle(Object(Illuminate\\Http\\Request), Object(Closure))
#33 /storage/emulated/0/Download/university-portal-backend  (2)/vendor/laravel/framework/src/Illuminate/Foundation/Http/Middleware/TransformsRequest.php(21): Illuminate\\Pipeline\\Pipeline->{closure:{closure:Illuminate\\Pipeline\\Pipeline::carry():184}:185}(Object(Illuminate\\Http\\Request))
#34 /storage/emulated/0/Download/university-portal-backend  (2)/vendor/laravel/framework/src/Illuminate/Foundation/Http/Middleware/TrimStrings.php(51): Illuminate\\Foundation\\Http\\Middleware\\TransformsRequest->handle(Object(Illuminate\\Http\\Request), Object(Closure))
#35 /storage/emulated/0/Download/university-portal-backend  (2)/vendor/laravel/framework/src/Illuminate/Pipeline/Pipeline.php(209): Illuminate\\Foundation\\Http\\Middleware\\TrimStrings->handle(Object(Illuminate\\Http\\Request), Object(Closure))
#36 /storage/emulated/0/Download/university-portal-backend  (2)/vendor/laravel/framework/src/Illuminate/Http/Middleware/ValidatePostSize.php(27): Illuminate\\Pipeline\\Pipeline->{closure:{closure:Illuminate\\Pipeline\\Pipeline::carry():184}:185}(Object(Illuminate\\Http\\Request))
#37 /storage/emulated/0/Download/university-portal-backend  (2)/vendor/laravel/framework/src/Illuminate/Pipeline/Pipeline.php(209): Illuminate\\Http\\Middleware\\ValidatePostSize->handle(Object(Illuminate\\Http\\Request), Object(Closure))
#38 /storage/emulated/0/Download/university-portal-backend  (2)/vendor/laravel/framework/src/Illuminate/Foundation/Http/Middleware/PreventRequestsDuringMaintenance.php(110): Illuminate\\Pipeline\\Pipeline->{closure:{closure:Illuminate\\Pipeline\\Pipeline::carry():184}:185}(Object(Illuminate\\Http\\Request))
#39 /storage/emulated/0/Download/university-portal-backend  (2)/vendor/laravel/framework/src/Illuminate/Pipeline/Pipeline.php(209): Illuminate\\Foundation\\Http\\Middleware\\PreventRequestsDuringMaintenance->handle(Object(Illuminate\\Http\\Request), Object(Closure))
#40 /storage/emulated/0/Download/university-portal-backend  (2)/vendor/laravel/framework/src/Illuminate/Http/Middleware/HandleCors.php(62): Illuminate\\Pipeline\\Pipeline->{closure:{closure:Illuminate\\Pipeline\\Pipeline::carry():184}:185}(Object(Illuminate\\Http\\Request))
#41 /storage/emulated/0/Download/university-portal-backend  (2)/vendor/laravel/framework/src/Illuminate/Pipeline/Pipeline.php(209): Illuminate\\Http\\Middleware\\HandleCors->handle(Object(Illuminate\\Http\\Request), Object(Closure))
#42 /storage/emulated/0/Download/university-portal-backend  (2)/vendor/laravel/framework/src/Illuminate/Http/Middleware/TrustProxies.php(58): Illuminate\\Pipeline\\Pipeline->{closure:{closure:Illuminate\\Pipeline\\Pipeline::carry():184}:185}(Object(Illuminate\\Http\\Request))
#43 /storage/emulated/0/Download/university-portal-backend  (2)/vendor/laravel/framework/src/Illuminate/Pipeline/Pipeline.php(209): Illuminate\\Http\\Middleware\\TrustProxies->handle(Object(Illuminate\\Http\\Request), Object(Closure))
#44 /storage/emulated/0/Download/university-portal-backend  (2)/vendor/laravel/framework/src/Illuminate/Foundation/Http/Middleware/InvokeDeferredCallbacks.php(22): Illuminate\\Pipeline\\Pipeline->{closure:{closure:Illuminate\\Pipeline\\Pipeline::carry():184}:185}(Object(Illuminate\\Http\\Request))
#45 /storage/emulated/0/Download/university-portal-backend  (2)/vendor/laravel/framework/src/Illuminate/Pipeline/Pipeline.php(209): Illuminate\\Foundation\\Http\\Middleware\\InvokeDeferredCallbacks->handle(Object(Illuminate\\Http\\Request), Object(Closure))
#46 /storage/emulated/0/Download/university-portal-backend  (2)/vendor/laravel/framework/src/Illuminate/Pipeline/Pipeline.php(127): Illuminate\\Pipeline\\Pipeline->{closure:{closure:Illuminate\\Pipeline\\Pipeline::carry():184}:185}(Object(Illuminate\\Http\\Request))
#47 /storage/emulated/0/Download/university-portal-backend  (2)/vendor/laravel/framework/src/Illuminate/Foundation/Http/Kernel.php(176): Illuminate\\Pipeline\\Pipeline->then(Object(Closure))
#48 /storage/emulated/0/Download/university-portal-backend  (2)/vendor/laravel/framework/src/Illuminate/Foundation/Http/Kernel.php(145): Illuminate\\Foundation\\Http\\Kernel->sendRequestThroughRouter(Object(Illuminate\\Http\\Request))
#49 /storage/emulated/0/Download/university-portal-backend  (2)/vendor/laravel/framework/src/Illuminate/Foundation/Application.php(1220): Illuminate\\Foundation\\Http\\Kernel->handle(Object(Illuminate\\Http\\Request))
#50 /storage/emulated/0/Download/university-portal-backend  (2)/public/index.php(15): Illuminate\\Foundation\\Application->handleRequest(Object(Illuminate\\Http\\Request))
#51 {main}
"} 
[2026-08-02 19:16:23] production.ERROR: SQLSTATE[HY000]: General error: 1 no such table: sessions (Connection: sqlite, SQL: delete from "sessions" where "id" = L7eaBQR7Pfdv2lGCfyCtxmFQqICU1KNAWj8L6nrM) {"userId":1,"exception":"[object] (Illuminate\\Database\\QueryException(code: HY000): SQLSTATE[HY000]: General error: 1 no such table: sessions (Connection: sqlite, SQL: delete from \"sessions\" where \"id\" = L7eaBQR7Pfdv2lGCfyCtxmFQqICU1KNAWj8L6nrM) at /storage/emulated/0/Download/university-portal-backend  (2)/vendor/laravel/framework/src/Illuminate/Database/Connection.php:825)
[stacktrace]
#0 /storage/emulated/0/Download/university-portal-backend  (2)/vendor/laravel/framework/src/Illuminate/Database/Connection.php(779): Illuminate\\Database\\Connection->runQueryCallback('delete from \"se...', Array, Object(Closure))
#1 /storage/emulated/0/Download/university-portal-backend  (2)/vendor/laravel/framework/src/Illuminate/Database/Connection.php(584): Illuminate\\Database\\Connection->run('delete from \"se...', Array, Object(Closure))
#2 /storage/emulated/0/Download/university-portal-backend  (2)/vendor/laravel/framework/src/Illuminate/Database/Connection.php(548): Illuminate\\Database\\Connection->affectingStatement('delete from \"se...', Array)
#3 /storage/emulated/0/Download/university-portal-backend  (2)/vendor/laravel/framework/src/Illuminate/Database/Query/Builder.php(4024): Illuminate\\Database\\Connection->delete('delete from \"se...', Array)
#4 /storage/emulated/0/Download/university-portal-backend  (2)/vendor/laravel/framework/src/Illuminate/Session/DatabaseSessionHandler.php(269): Illuminate\\Database\\Query\\Builder->delete()
#5 /storage/emulated/0/Download/university-portal-backend  (2)/vendor/laravel/framework/src/Illuminate/Session/Store.php(609): Illuminate\\Session\\DatabaseSessionHandler->destroy('L7eaBQR7Pfdv2lG...')
#6 /storage/emulated/0/Download/university-portal-backend  (2)/vendor/laravel/framework/src/Illuminate/Auth/SessionGuard.php(579): Illuminate\\Session\\Store->migrate(true)
#7 /storage/emulated/0/Download/university-portal-backend  (2)/vendor/laravel/framework/src/Illuminate/Auth/SessionGuard.php(550): Illuminate\\Auth\\SessionGuard->updateSession(1)
#8 /storage/emulated/0/Download/university-portal-backend  (2)/vendor/laravel/framework/src/Illuminate/Auth/SessionGuard.php(423): Illuminate\\Auth\\SessionGuard->login(Object(App\\Models\\User), false)
#9 /storage/emulated/0/Download/university-portal-backend  (2)/vendor/laravel/framework/src/Illuminate/Support/Timebox.php(34): Illuminate\\Auth\\SessionGuard->{closure:Illuminate\\Auth\\SessionGuard::attempt():412}(Object(Illuminate\\Support\\Timebox))
#10 /storage/emulated/0/Download/university-portal-backend  (2)/vendor/laravel/framework/src/Illuminate/Auth/SessionGuard.php(412): Illuminate\\Support\\Timebox->call(Object(Closure), 200000)
#11 /storage/emulated/0/Download/university-portal-backend  (2)/vendor/laravel/framework/src/Illuminate/Auth/AuthManager.php(340): Illuminate\\Auth\\SessionGuard->attempt(Array)
#12 /storage/emulated/0/Download/university-portal-backend  (2)/vendor/laravel/framework/src/Illuminate/Support/Facades/Facade.php(361): Illuminate\\Auth\\AuthManager->__call('attempt', Array)
#13 /storage/emulated/0/Download/university-portal-backend  (2)/app/Http/Controllers/Api/AuthController.php(21): Illuminate\\Support\\Facades\\Facade::__callStatic('attempt', Array)
#14 /storage/emulated/0/Download/university-portal-backend  (2)/vendor/laravel/framework/src/Illuminate/Routing/ControllerDispatcher.php(47): App\\Http\\Controllers\\Api\\AuthController->login(Object(Illuminate\\Http\\Request))
#15 /storage/emulated/0/Download/university-portal-backend  (2)/vendor/laravel/framework/src/Illuminate/Routing/Route.php(266): Illuminate\\Routing\\ControllerDispatcher->dispatch(Object(Illuminate\\Routing\\Route), Object(App\\Http\\Controllers\\Api\\AuthController), 'login')
#16 /storage/emulated/0/Download/university-portal-backend  (2)/vendor/laravel/framework/src/Illuminate/Routing/Route.php(212): Illuminate\\Routing\\Route->runController()
#17 /storage/emulated/0/Download/university-portal-backend  (2)/vendor/laravel/framework/src/Illuminate/Routing/Router.php(808): Illuminate\\Routing\\Route->run()
#18 /storage/emulated/0/Download/university-portal-backend  (2)/vendor/laravel/framework/src/Illuminate/Pipeline/Pipeline.php(170): Illuminate\\Routing\\Router->{closure:Illuminate\\Routing\\Router::runRouteWithinStack():807}(Object(Illuminate\\Http\\Request))
#19 /storage/emulated/0/Download/university-portal-backend  (2)/vendor/laravel/framework/src/Illuminate/Routing/Middleware/SubstituteBindings.php(51): Illuminate\\Pipeline\\Pipeline->{closure:Illuminate\\Pipeline\\Pipeline::prepareDestination():168}(Object(Illuminate\\Http\\Request))
#20 /storage/emulated/0/Download/university-portal-backend  (2)/vendor/laravel/framework/src/Illuminate/Pipeline/Pipeline.php(209): Illuminate\\Routing\\Middleware\\SubstituteBindings->handle(Object(Illuminate\\Http\\Request), Object(Closure))
#21 /storage/emulated/0/Download/university-portal-backend  (2)/vendor/laravel/framework/src/Illuminate/Pipeline/Pipeline.php(127): Illuminate\\Pipeline\\Pipeline->{closure:{closure:Illuminate\\Pipeline\\Pipeline::carry():184}:185}(Object(Illuminate\\Http\\Request))
#22 /storage/emulated/0/Download/university-portal-backend  (2)/vendor/laravel/framework/src/Illuminate/Routing/Router.php(807): Illuminate\\Pipeline\\Pipeline->then(Object(Closure))
#23 /storage/emulated/0/Download/university-portal-backend  (2)/vendor/laravel/framework/src/Illuminate/Routing/Router.php(786): Illuminate\\Routing\\Router->runRouteWithinStack(Object(Illuminate\\Routing\\Route), Object(Illuminate\\Http\\Request))
#24 /storage/emulated/0/Download/university-portal-backend  (2)/vendor/laravel/framework/src/Illuminate/Routing/Router.php(750): Illuminate\\Routing\\Router->runRoute(Object(Illuminate\\Http\\Request), Object(Illuminate\\Routing\\Route))
#25 /storage/emulated/0/Download/university-portal-backend  (2)/vendor/laravel/framework/src/Illuminate/Routing/Router.php(739): Illuminate\\Routing\\Router->dispatchToRoute(Object(Illuminate\\Http\\Request))
#26 /storage/emulated/0/Download/university-portal-backend  (2)/vendor/laravel/framework/src/Illuminate/Foundation/Http/Kernel.php(201): Illuminate\\Routing\\Router->dispatch(Object(Illuminate\\Http\\Request))
#27 /storage/emulated/0/Download/university-portal-backend  (2)/vendor/laravel/framework/src/Illuminate/Pipeline/Pipeline.php(170): Illuminate\\Foundation\\Http\\Kernel->{closure:Illuminate\\Foundation\\Http\\Kernel::dispatchToRouter():198}(Object(Illuminate\\Http\\Request))
#28 /storage/emulated/0/Download/university-portal-backend  (2)/vendor/laravel/framework/src/Illuminate/Foundation/Http/Middleware/TransformsRequest.php(21): Illuminate\\Pipeline\\Pipeline->{closure:Illuminate\\Pipeline\\Pipeline::prepareDestination():168}(Object(Illuminate\\Http\\Request))
#29 /storage/emulated/0/Download/university-portal-backend  (2)/vendor/laravel/framework/src/Illuminate/Foundation/Http/Middleware/ConvertEmptyStringsToNull.php(31): Illuminate\\Foundation\\Http\\Middleware\\TransformsRequest->handle(Object(Illuminate\\Http\\Request), Object(Closure))
#30 /storage/emulated/0/Download/university-portal-backend  (2)/vendor/laravel/framework/src/Illuminate/Pipeline/Pipeline.php(209): Illuminate\\Foundation\\Http\\Middleware\\ConvertEmptyStringsToNull->handle(Object(Illuminate\\Http\\Request), Object(Closure))
#31 /storage/emulated/0/Download/university-portal-backend  (2)/vendor/laravel/framework/src/Illuminate/Foundation/Http/Middleware/TransformsRequest.php(21): Illuminate\\Pipeline\\Pipeline->{closure:{closure:Illuminate\\Pipeline\\Pipeline::carry():184}:185}(Object(Illuminate\\Http\\Request))
#32 /storage/emulated/0/Download/university-portal-backend  (2)/vendor/laravel/framework/src/Illuminate/Foundation/Http/Middleware/TrimStrings.php(51): Illuminate\\Foundation\\Http\\Middleware\\TransformsRequest->handle(Object(Illuminate\\Http\\Request), Object(Closure))
#33 /storage/emulated/0/Download/university-portal-backend  (2)/vendor/laravel/framework/src/Illuminate/Pipeline/Pipeline.php(209): Illuminate\\Foundation\\Http\\Middleware\\TrimStrings->handle(Object(Illuminate\\Http\\Request), Object(Closure))
#34 /storage/emulated/0/Download/university-portal-backend  (2)/vendor/laravel/framework/src/Illuminate/Http/Middleware/ValidatePostSize.php(27): Illuminate\\Pipeline\\Pipeline->{closure:{closure:Illuminate\\Pipeline\\Pipeline::carry():184}:185}(Object(Illuminate\\Http\\Request))
#35 /storage/emulated/0/Download/university-portal-backend  (2)/vendor/laravel/framework/src/Illuminate/Pipeline/Pipeline.php(209): Illuminate\\Http\\Middleware\\ValidatePostSize->handle(Object(Illuminate\\Http\\Request), Object(Closure))
#36 /storage/emulated/0/Download/university-portal-backend  (2)/vendor/laravel/framework/src/Illuminate/Foundation/Http/Middleware/PreventRequestsDuringMaintenance.php(110): Illuminate\\Pipeline\\Pipeline->{closure:{closure:Illuminate\\Pipeline\\Pipeline::carry():184}:185}(Object(Illuminate\\Http\\Request))
#37 /storage/emulated/0/Download/university-portal-backend  (2)/vendor/laravel/framework/src/Illuminate/Pipeline/Pipeline.php(209): Illuminate\\Foundation\\Http\\Middleware\\PreventRequestsDuringMaintenance->handle(Object(Illuminate\\Http\\Request), Object(Closure))
#38 /storage/emulated/0/Download/university-portal-backend  (2)/vendor/laravel/framework/src/Illuminate/Http/Middleware/HandleCors.php(62): Illuminate\\Pipeline\\Pipeline->{closure:{closure:Illuminate\\Pipeline\\Pipeline::carry():184}:185}(Object(Illuminate\\Http\\Request))
#39 /storage/emulated/0/Download/university-portal-backend  (2)/vendor/laravel/framework/src/Illuminate/Pipeline/Pipeline.php(209): Illuminate\\Http\\Middleware\\HandleCors->handle(Object(Illuminate\\Http\\Request), Object(Closure))
#40 /storage/emulated/0/Download/university-portal-backend  (2)/vendor/laravel/framework/src/Illuminate/Http/Middleware/TrustProxies.php(58): Illuminate\\Pipeline\\Pipeline->{closure:{closure:Illuminate\\Pipeline\\Pipeline::carry():184}:185}(Object(Illuminate\\Http\\Request))
#41 /storage/emulated/0/Download/university-portal-backend  (2)/vendor/laravel/framework/src/Illuminate/Pipeline/Pipeline.php(209): Illuminate\\Http\\Middleware\\TrustProxies->handle(Object(Illuminate\\Http\\Request), Object(Closure))
#42 /storage/emulated/0/Download/university-portal-backend  (2)/vendor/laravel/framework/src/Illuminate/Foundation/Http/Middleware/InvokeDeferredCallbacks.php(22): Illuminate\\Pipeline\\Pipeline->{closure:{closure:Illuminate\\Pipeline\\Pipeline::carry():184}:185}(Object(Illuminate\\Http\\Request))
#43 /storage/emulated/0/Download/university-portal-backend  (2)/vendor/laravel/framework/src/Illuminate/Pipeline/Pipeline.php(209): Illuminate\\Foundation\\Http\\Middleware\\InvokeDeferredCallbacks->handle(Object(Illuminate\\Http\\Request), Object(Closure))
#44 /storage/emulated/0/Download/university-portal-backend  (2)/vendor/laravel/framework/src/Illuminate/Pipeline/Pipeline.php(127): Illuminate\\Pipeline\\Pipeline->{closure:{closure:Illuminate\\Pipeline\\Pipeline::carry():184}:185}(Object(Illuminate\\Http\\Request))
#45 /storage/emulated/0/Download/university-portal-backend  (2)/vendor/laravel/framework/src/Illuminate/Foundation/Http/Kernel.php(176): Illuminate\\Pipeline\\Pipeline->then(Object(Closure))
#46 /storage/emulated/0/Download/university-portal-backend  (2)/vendor/laravel/framework/src/Illuminate/Foundation/Http/Kernel.php(145): Illuminate\\Foundation\\Http\\Kernel->sendRequestThroughRouter(Object(Illuminate\\Http\\Request))
#47 /storage/emulated/0/Download/university-portal-backend  (2)/vendor/laravel/framework/src/Illuminate/Foundation/Application.php(1220): Illuminate\\Foundation\\Http\\Kernel->handle(Object(Illuminate\\Http\\Request))
#48 /storage/emulated/0/Download/university-portal-backend  (2)/public/index.php(15): Illuminate\\Foundation\\Application->handleRequest(Object(Illuminate\\Http\\Request))
#49 {main}

[previous exception] [object] (PDOException(code: HY000): SQLSTATE[HY000]: General error: 1 no such table: sessions at /storage/emulated/0/Download/university-portal-backend  (2)/vendor/laravel/framework/src/Illuminate/Database/Connection.php:592)
[stacktrace]
#0 /storage/emulated/0/Download/university-portal-backend  (2)/vendor/laravel/framework/src/Illuminate/Database/Connection.php(592): PDO->prepare('delete from \"se...')
#1 /storage/emulated/0/Download/university-portal-backend  (2)/vendor/laravel/framework/src/Illuminate/Database/Connection.php(812): Illuminate\\Database\\Connection->{closure:Illuminate\\Database\\Connection::affectingStatement():584}('delete from \"se...', Array)
#2 /storage/emulated/0/Download/university-portal-backend  (2)/vendor/laravel/framework/src/Illuminate/Database/Connection.php(779): Illuminate\\Database\\Connection->runQueryCallback('delete from \"se...', Array, Object(Closure))
#3 /storage/emulated/0/Download/university-portal-backend  (2)/vendor/laravel/framework/src/Illuminate/Database/Connection.php(584): Illuminate\\Database\\Connection->run('delete from \"se...', Array, Object(Closure))
#4 /storage/emulated/0/Download/university-portal-backend  (2)/vendor/laravel/framework/src/Illuminate/Database/Connection.php(548): Illuminate\\Database\\Connection->affectingStatement('delete from \"se...', Array)
#5 /storage/emulated/0/Download/university-portal-backend  (2)/vendor/laravel/framework/src/Illuminate/Database/Query/Builder.php(4024): Illuminate\\Database\\Connection->delete('delete from \"se...', Array)
#6 /storage/emulated/0/Download/university-portal-backend  (2)/vendor/laravel/framework/src/Illuminate/Session/DatabaseSessionHandler.php(269): Illuminate\\Database\\Query\\Builder->delete()
#7 /storage/emulated/0/Download/university-portal-backend  (2)/vendor/laravel/framework/src/Illuminate/Session/Store.php(609): Illuminate\\Session\\DatabaseSessionHandler->destroy('L7eaBQR7Pfdv2lG...')
#8 /storage/emulated/0/Download/university-portal-backend  (2)/vendor/laravel/framework/src/Illuminate/Auth/SessionGuard.php(579): Illuminate\\Session\\Store->migrate(true)
#9 /storage/emulated/0/Download/university-portal-backend  (2)/vendor/laravel/framework/src/Illuminate/Auth/SessionGuard.php(550): Illuminate\\Auth\\SessionGuard->updateSession(1)
#10 /storage/emulated/0/Download/university-portal-backend  (2)/vendor/laravel/framework/src/Illuminate/Auth/SessionGuard.php(423): Illuminate\\Auth\\SessionGuard->login(Object(App\\Models\\User), false)
#11 /storage/emulated/0/Download/university-portal-backend  (2)/vendor/laravel/framework/src/Illuminate/Support/Timebox.php(34): Illuminate\\Auth\\SessionGuard->{closure:Illuminate\\Auth\\SessionGuard::attempt():412}(Object(Illuminate\\Support\\Timebox))
#12 /storage/emulated/0/Download/university-portal-backend  (2)/vendor/laravel/framework/src/Illuminate/Auth/SessionGuard.php(412): Illuminate\\Support\\Timebox->call(Object(Closure), 200000)
#13 /storage/emulated/0/Download/university-portal-backend  (2)/vendor/laravel/framework/src/Illuminate/Auth/AuthManager.php(340): Illuminate\\Auth\\SessionGuard->attempt(Array)
#14 /storage/emulated/0/Download/university-portal-backend  (2)/vendor/laravel/framework/src/Illuminate/Support/Facades/Facade.php(361): Illuminate\\Auth\\AuthManager->__call('attempt', Array)
#15 /storage/emulated/0/Download/university-portal-backend  (2)/app/Http/Controllers/Api/AuthController.php(21): Illuminate\\Support\\Facades\\Facade::__callStatic('attempt', Array)
#16 /storage/emulated/0/Download/university-portal-backend  (2)/vendor/laravel/framework/src/Illuminate/Routing/ControllerDispatcher.php(47): App\\Http\\Controllers\\Api\\AuthController->login(Object(Illuminate\\Http\\Request))
#17 /storage/emulated/0/Download/university-portal-backend  (2)/vendor/laravel/framework/src/Illuminate/Routing/Route.php(266): Illuminate\\Routing\\ControllerDispatcher->dispatch(Object(Illuminate\\Routing\\Route), Object(App\\Http\\Controllers\\Api\\AuthController), 'login')
#18 /storage/emulated/0/Download/university-portal-backend  (2)/vendor/laravel/framework/src/Illuminate/Routing/Route.php(212): Illuminate\\Routing\\Route->runController()
#19 /storage/emulated/0/Download/university-portal-backend  (2)/vendor/laravel/framework/src/Illuminate/Routing/Router.php(808): Illuminate\\Routing\\Route->run()
#20 /storage/emulated/0/Download/university-portal-backend  (2)/vendor/laravel/framework/src/Illuminate/Pipeline/Pipeline.php(170): Illuminate\\Routing\\Router->{closure:Illuminate\\Routing\\Router::runRouteWithinStack():807}(Object(Illuminate\\Http\\Request))
#21 /storage/emulated/0/Download/university-portal-backend  (2)/vendor/laravel/framework/src/Illuminate/Routing/Middleware/SubstituteBindings.php(51): Illuminate\\Pipeline\\Pipeline->{closure:Illuminate\\Pipeline\\Pipeline::prepareDestination():168}(Object(Illuminate\\Http\\Request))
#22 /storage/emulated/0/Download/university-portal-backend  (2)/vendor/laravel/framework/src/Illuminate/Pipeline/Pipeline.php(209): Illuminate\\Routing\\Middleware\\SubstituteBindings->handle(Object(Illuminate\\Http\\Request), Object(Closure))
#23 /storage/emulated/0/Download/university-portal-backend  (2)/vendor/laravel/framework/src/Illuminate/Pipeline/Pipeline.php(127): Illuminate\\Pipeline\\Pipeline->{closure:{closure:Illuminate\\Pipeline\\Pipeline::carry():184}:185}(Object(Illuminate\\Http\\Request))
#24 /storage/emulated/0/Download/university-portal-backend  (2)/vendor/laravel/framework/src/Illuminate/Routing/Router.php(807): Illuminate\\Pipeline\\Pipeline->then(Object(Closure))
#25 /storage/emulated/0/Download/university-portal-backend  (2)/vendor/laravel/framework/src/Illuminate/Routing/Router.php(786): Illuminate\\Routing\\Router->runRouteWithinStack(Object(Illuminate\\Routing\\Route), Object(Illuminate\\Http\\Request))
#26 /storage/emulated/0/Download/university-portal-backend  (2)/vendor/laravel/framework/src/Illuminate/Routing/Router.php(750): Illuminate\\Routing\\Router->runRoute(Object(Illuminate\\Http\\Request), Object(Illuminate\\Routing\\Route))
#27 /storage/emulated/0/Download/university-portal-backend  (2)/vendor/laravel/framework/src/Illuminate/Routing/Router.php(739): Illuminate\\Routing\\Router->dispatchToRoute(Object(Illuminate\\Http\\Request))
#28 /storage/emulated/0/Download/university-portal-backend  (2)/vendor/laravel/framework/src/Illuminate/Foundation/Http/Kernel.php(201): Illuminate\\Routing\\Router->dispatch(Object(Illuminate\\Http\\Request))
#29 /storage/emulated/0/Download/university-portal-backend  (2)/vendor/laravel/framework/src/Illuminate/Pipeline/Pipeline.php(170): Illuminate\\Foundation\\Http\\Kernel->{closure:Illuminate\\Foundation\\Http\\Kernel::dispatchToRouter():198}(Object(Illuminate\\Http\\Request))
#30 /storage/emulated/0/Download/university-portal-backend  (2)/vendor/laravel/framework/src/Illuminate/Foundation/Http/Middleware/TransformsRequest.php(21): Illuminate\\Pipeline\\Pipeline->{closure:Illuminate\\Pipeline\\Pipeline::prepareDestination():168}(Object(Illuminate\\Http\\Request))
#31 /storage/emulated/0/Download/university-portal-backend  (2)/vendor/laravel/framework/src/Illuminate/Foundation/Http/Middleware/ConvertEmptyStringsToNull.php(31): Illuminate\\Foundation\\Http\\Middleware\\TransformsRequest->handle(Object(Illuminate\\Http\\Request), Object(Closure))
#32 /storage/emulated/0/Download/university-portal-backend  (2)/vendor/laravel/framework/src/Illuminate/Pipeline/Pipeline.php(209): Illuminate\\Foundation\\Http\\Middleware\\ConvertEmptyStringsToNull->handle(Object(Illuminate\\Http\\Request), Object(Closure))
#33 /storage/emulated/0/Download/university-portal-backend  (2)/vendor/laravel/framework/src/Illuminate/Foundation/Http/Middleware/TransformsRequest.php(21): Illuminate\\Pipeline\\Pipeline->{closure:{closure:Illuminate\\Pipeline\\Pipeline::carry():184}:185}(Object(Illuminate\\Http\\Request))
#34 /storage/emulated/0/Download/university-portal-backend  (2)/vendor/laravel/framework/src/Illuminate/Foundation/Http/Middleware/TrimStrings.php(51): Illuminate\\Foundation\\Http\\Middleware\\TransformsRequest->handle(Object(Illuminate\\Http\\Request), Object(Closure))
#35 /storage/emulated/0/Download/university-portal-backend  (2)/vendor/laravel/framework/src/Illuminate/Pipeline/Pipeline.php(209): Illuminate\\Foundation\\Http\\Middleware\\TrimStrings->handle(Object(Illuminate\\Http\\Request), Object(Closure))
#36 /storage/emulated/0/Download/university-portal-backend  (2)/vendor/laravel/framework/src/Illuminate/Http/Middleware/ValidatePostSize.php(27): Illuminate\\Pipeline\\Pipeline->{closure:{closure:Illuminate\\Pipeline\\Pipeline::carry():184}:185}(Object(Illuminate\\Http\\Request))
#37 /storage/emulated/0/Download/university-portal-backend  (2)/vendor/laravel/framework/src/Illuminate/Pipeline/Pipeline.php(209): Illuminate\\Http\\Middleware\\ValidatePostSize->handle(Object(Illuminate\\Http\\Request), Object(Closure))
#38 /storage/emulated/0/Download/university-portal-backend  (2)/vendor/laravel/framework/src/Illuminate/Foundation/Http/Middleware/PreventRequestsDuringMaintenance.php(110): Illuminate\\Pipeline\\Pipeline->{closure:{closure:Illuminate\\Pipeline\\Pipeline::carry():184}:185}(Object(Illuminate\\Http\\Request))
#39 /storage/emulated/0/Download/university-portal-backend  (2)/vendor/laravel/framework/src/Illuminate/Pipeline/Pipeline.php(209): Illuminate\\Foundation\\Http\\Middleware\\PreventRequestsDuringMaintenance->handle(Object(Illuminate\\Http\\Request), Object(Closure))
#40 /storage/emulated/0/Download/university-portal-backend  (2)/vendor/laravel/framework/src/Illuminate/Http/Middleware/HandleCors.php(62): Illuminate\\Pipeline\\Pipeline->{closure:{closure:Illuminate\\Pipeline\\Pipeline::carry():184}:185}(Object(Illuminate\\Http\\Request))
#41 /storage/emulated/0/Download/university-portal-backend  (2)/vendor/laravel/framework/src/Illuminate/Pipeline/Pipeline.php(209): Illuminate\\Http\\Middleware\\HandleCors->handle(Object(Illuminate\\Http\\Request), Object(Closure))
#42 /storage/emulated/0/Download/university-portal-backend  (2)/vendor/laravel/framework/src/Illuminate/Http/Middleware/TrustProxies.php(58): Illuminate\\Pipeline\\Pipeline->{closure:{closure:Illuminate\\Pipeline\\Pipeline::carry():184}:185}(Object(Illuminate\\Http\\Request))
#43 /storage/emulated/0/Download/university-portal-backend  (2)/vendor/laravel/framework/src/Illuminate/Pipeline/Pipeline.php(209): Illuminate\\Http\\Middleware\\TrustProxies->handle(Object(Illuminate\\Http\\Request), Object(Closure))
#44 /storage/emulated/0/Download/university-portal-backend  (2)/vendor/laravel/framework/src/Illuminate/Foundation/Http/Middleware/InvokeDeferredCallbacks.php(22): Illuminate\\Pipeline\\Pipeline->{closure:{closure:Illuminate\\Pipeline\\Pipeline::carry():184}:185}(Object(Illuminate\\Http\\Request))
#45 /storage/emulated/0/Download/university-portal-backend  (2)/vendor/laravel/framework/src/Illuminate/Pipeline/Pipeline.php(209): Illuminate\\Foundation\\Http\\Middleware\\InvokeDeferredCallbacks->handle(Object(Illuminate\\Http\\Request), Object(Closure))
#46 /storage/emulated/0/Download/university-portal-backend  (2)/vendor/laravel/framework/src/Illuminate/Pipeline/Pipeline.php(127): Illuminate\\Pipeline\\Pipeline->{closure:{closure:Illuminate\\Pipeline\\Pipeline::carry():184}:185}(Object(Illuminate\\Http\\Request))
#47 /storage/emulated/0/Download/university-portal-backend  (2)/vendor/laravel/framework/src/Illuminate/Foundation/Http/Kernel.php(176): Illuminate\\Pipeline\\Pipeline->then(Object(Closure))
#48 /storage/emulated/0/Download/university-portal-backend  (2)/vendor/laravel/framework/src/Illuminate/Foundation/Http/Kernel.php(145): Illuminate\\Foundation\\Http\\Kernel->sendRequestThroughRouter(Object(Illuminate\\Http\\Request))
#49 /storage/emulated/0/Download/university-portal-backend  (2)/vendor/laravel/framework/src/Illuminate/Foundation/Application.php(1220): Illuminate\\Foundation\\Http\\Kernel->handle(Object(Illuminate\\Http\\Request))
#50 /storage/emulated/0/Download/university-portal-backend  (2)/public/index.php(15): Illuminate\\Foundation\\Application->handleRequest(Object(Illuminate\\Http\\Request))
#51 {main}
"} 
[2026-08-02 19:19:03] production.ERROR: SQLSTATE[HY000]: General error: 1 no such table: sessions (Connection: sqlite, SQL: delete from "sessions" where "id" = xb9Bu9xQzIsVVIu6w2D9rcIgoQukz5tzC97SVh1R) {"userId":1,"exception":"[object] (Illuminate\\Database\\QueryException(code: HY000): SQLSTATE[HY000]: General error: 1 no such table: sessions (Connection: sqlite, SQL: delete from \"sessions\" where \"id\" = xb9Bu9xQzIsVVIu6w2D9rcIgoQukz5tzC97SVh1R) at /storage/emulated/0/Download/university-portal-backend  (2)/vendor/laravel/framework/src/Illuminate/Database/Connection.php:825)
[stacktrace]
#0 /storage/emulated/0/Download/university-portal-backend  (2)/vendor/laravel/framework/src/Illuminate/Database/Connection.php(779): Illuminate\\Database\\Connection->runQueryCallback('delete from \"se...', Array, Object(Closure))
#1 /storage/emulated/0/Download/university-portal-backend  (2)/vendor/laravel/framework/src/Illuminate/Database/Connection.php(584): Illuminate\\Database\\Connection->run('delete from \"se...', Array, Object(Closure))
#2 /storage/emulated/0/Download/university-portal-backend  (2)/vendor/laravel/framework/src/Illuminate/Database/Connection.php(548): Illuminate\\Database\\Connection->affectingStatement('delete from \"se...', Array)
#3 /storage/emulated/0/Download/university-portal-backend  (2)/vendor/laravel/framework/src/Illuminate/Database/Query/Builder.php(4024): Illuminate\\Database\\Connection->delete('delete from \"se...', Array)
#4 /storage/emulated/0/Download/university-portal-backend  (2)/vendor/laravel/framework/src/Illuminate/Session/DatabaseSessionHandler.php(269): Illuminate\\Database\\Query\\Builder->delete()
#5 /storage/emulated/0/Download/university-portal-backend  (2)/vendor/laravel/framework/src/Illuminate/Session/Store.php(609): Illuminate\\Session\\DatabaseSessionHandler->destroy('xb9Bu9xQzIsVVIu...')
#6 /storage/emulated/0/Download/university-portal-backend  (2)/vendor/laravel/framework/src/Illuminate/Auth/SessionGuard.php(579): Illuminate\\Session\\Store->migrate(true)
#7 /storage/emulated/0/Download/university-portal-backend  (2)/vendor/laravel/framework/src/Illuminate/Auth/SessionGuard.php(550): Illuminate\\Auth\\SessionGuard->updateSession(1)
#8 /storage/emulated/0/Download/university-portal-backend  (2)/vendor/laravel/framework/src/Illuminate/Auth/SessionGuard.php(423): Illuminate\\Auth\\SessionGuard->login(Object(App\\Models\\User), false)
#9 /storage/emulated/0/Download/university-portal-backend  (2)/vendor/laravel/framework/src/Illuminate/Support/Timebox.php(34): Illuminate\\Auth\\SessionGuard->{closure:Illuminate\\Auth\\SessionGuard::attempt():412}(Object(Illuminate\\Support\\Timebox))
#10 /storage/emulated/0/Download/university-portal-backend  (2)/vendor/laravel/framework/src/Illuminate/Auth/SessionGuard.php(412): Illuminate\\Support\\Timebox->call(Object(Closure), 200000)
#11 /storage/emulated/0/Download/university-portal-backend  (2)/vendor/laravel/framework/src/Illuminate/Auth/AuthManager.php(340): Illuminate\\Auth\\SessionGuard->attempt(Array)
#12 /storage/emulated/0/Download/university-portal-backend  (2)/vendor/laravel/framework/src/Illuminate/Support/Facades/Facade.php(361): Illuminate\\Auth\\AuthManager->__call('attempt', Array)
#13 /storage/emulated/0/Download/university-portal-backend  (2)/app/Http/Controllers/Api/AuthController.php(21): Illuminate\\Support\\Facades\\Facade::__callStatic('attempt', Array)
#14 /storage/emulated/0/Download/university-portal-backend  (2)/vendor/laravel/framework/src/Illuminate/Routing/ControllerDispatcher.php(47): App\\Http\\Controllers\\Api\\AuthController->login(Object(Illuminate\\Http\\Request))
#15 /storage/emulated/0/Download/university-portal-backend  (2)/vendor/laravel/framework/src/Illuminate/Routing/Route.php(266): Illuminate\\Routing\\ControllerDispatcher->dispatch(Object(Illuminate\\Routing\\Route), Object(App\\Http\\Controllers\\Api\\AuthController), 'login')
#16 /storage/emulated/0/Download/university-portal-backend  (2)/vendor/laravel/framework/src/Illuminate/Routing/Route.php(212): Illuminate\\Routing\\Route->runController()
#17 /storage/emulated/0/Download/university-portal-backend  (2)/vendor/laravel/framework/src/Illuminate/Routing/Router.php(808): Illuminate\\Routing\\Route->run()
#18 /storage/emulated/0/Download/university-portal-backend  (2)/vendor/laravel/framework/src/Illuminate/Pipeline/Pipeline.php(170): Illuminate\\Routing\\Router->{closure:Illuminate\\Routing\\Router::runRouteWithinStack():807}(Object(Illuminate\\Http\\Request))
#19 /storage/emulated/0/Download/university-portal-backend  (2)/vendor/laravel/framework/src/Illuminate/Routing/Middleware/SubstituteBindings.php(51): Illuminate\\Pipeline\\Pipeline->{closure:Illuminate\\Pipeline\\Pipeline::prepareDestination():168}(Object(Illuminate\\Http\\Request))
#20 /storage/emulated/0/Download/university-portal-backend  (2)/vendor/laravel/framework/src/Illuminate/Pipeline/Pipeline.php(209): Illuminate\\Routing\\Middleware\\SubstituteBindings->handle(Object(Illuminate\\Http\\Request), Object(Closure))
#21 /storage/emulated/0/Download/university-portal-backend  (2)/vendor/laravel/framework/src/Illuminate/Pipeline/Pipeline.php(127): Illuminate\\Pipeline\\Pipeline->{closure:{closure:Illuminate\\Pipeline\\Pipeline::carry():184}:185}(Object(Illuminate\\Http\\Request))
#22 /storage/emulated/0/Download/university-portal-backend  (2)/vendor/laravel/framework/src/Illuminate/Routing/Router.php(807): Illuminate\\Pipeline\\Pipeline->then(Object(Closure))
#23 /storage/emulated/0/Download/university-portal-backend  (2)/vendor/laravel/framework/src/Illuminate/Routing/Router.php(786): Illuminate\\Routing\\Router->runRouteWithinStack(Object(Illuminate\\Routing\\Route), Object(Illuminate\\Http\\Request))
#24 /storage/emulated/0/Download/university-portal-backend  (2)/vendor/laravel/framework/src/Illuminate/Routing/Router.php(750): Illuminate\\Routing\\Router->runRoute(Object(Illuminate\\Http\\Request), Object(Illuminate\\Routing\\Route))
#25 /storage/emulated/0/Download/university-portal-backend  (2)/vendor/laravel/framework/src/Illuminate/Routing/Router.php(739): Illuminate\\Routing\\Router->dispatchToRoute(Object(Illuminate\\Http\\Request))
#26 /storage/emulated/0/Download/university-portal-backend  (2)/vendor/laravel/framework/src/Illuminate/Foundation/Http/Kernel.php(201): Illuminate\\Routing\\Router->dispatch(Object(Illuminate\\Http\\Request))
#27 /storage/emulated/0/Download/university-portal-backend  (2)/vendor/laravel/framework/src/Illuminate/Pipeline/Pipeline.php(170): Illuminate\\Foundation\\Http\\Kernel->{closure:Illuminate\\Foundation\\Http\\Kernel::dispatchToRouter():198}(Object(Illuminate\\Http\\Request))
#28 /storage/emulated/0/Download/university-portal-backend  (2)/vendor/laravel/framework/src/Illuminate/Foundation/Http/Middleware/TransformsRequest.php(21): Illuminate\\Pipeline\\Pipeline->{closure:Illuminate\\Pipeline\\Pipeline::prepareDestination():168}(Object(Illuminate\\Http\\Request))
#29 /storage/emulated/0/Download/university-portal-backend  (2)/vendor/laravel/framework/src/Illuminate/Foundation/Http/Middleware/ConvertEmptyStringsToNull.php(31): Illuminate\\Foundation\\Http\\Middleware\\TransformsRequest->handle(Object(Illuminate\\Http\\Request), Object(Closure))
#30 /storage/emulated/0/Download/university-portal-backend  (2)/vendor/laravel/framework/src/Illuminate/Pipeline/Pipeline.php(209): Illuminate\\Foundation\\Http\\Middleware\\ConvertEmptyStringsToNull->handle(Object(Illuminate\\Http\\Request), Object(Closure))
#31 /storage/emulated/0/Download/university-portal-backend  (2)/vendor/laravel/framework/src/Illuminate/Foundation/Http/Middleware/TransformsRequest.php(21): Illuminate\\Pipeline\\Pipeline->{closure:{closure:Illuminate\\Pipeline\\Pipeline::carry():184}:185}(Object(Illuminate\\Http\\Request))
#32 /storage/emulated/0/Download/university-portal-backend  (2)/vendor/laravel/framework/src/Illuminate/Foundation/Http/Middleware/TrimStrings.php(51): Illuminate\\Foundation\\Http\\Middleware\\TransformsRequest->handle(Object(Illuminate\\Http\\Request), Object(Closure))
#33 /storage/emulated/0/Download/university-portal-backend  (2)/vendor/laravel/framework/src/Illuminate/Pipeline/Pipeline.php(209): Illuminate\\Foundation\\Http\\Middleware\\TrimStrings->handle(Object(Illuminate\\Http\\Request), Object(Closure))
#34 /storage/emulated/0/Download/university-portal-backend  (2)/vendor/laravel/framework/src/Illuminate/Http/Middleware/ValidatePostSize.php(27): Illuminate\\Pipeline\\Pipeline->{closure:{closure:Illuminate\\Pipeline\\Pipeline::carry():184}:185}(Object(Illuminate\\Http\\Request))
#35 /storage/emulated/0/Download/university-portal-backend  (2)/vendor/laravel/framework/src/Illuminate/Pipeline/Pipeline.php(209): Illuminate\\Http\\Middleware\\ValidatePostSize->handle(Object(Illuminate\\Http\\Request), Object(Closure))
#36 /storage/emulated/0/Download/university-portal-backend  (2)/vendor/laravel/framework/src/Illuminate/Foundation/Http/Middleware/PreventRequestsDuringMaintenance.php(110): Illuminate\\Pipeline\\Pipeline->{closure:{closure:Illuminate\\Pipeline\\Pipeline::carry():184}:185}(Object(Illuminate\\Http\\Request))
#37 /storage/emulated/0/Download/university-portal-backend  (2)/vendor/laravel/framework/src/Illuminate/Pipeline/Pipeline.php(209): Illuminate\\Foundation\\Http\\Middleware\\PreventRequestsDuringMaintenance->handle(Object(Illuminate\\Http\\Request), Object(Closure))
#38 /storage/emulated/0/Download/university-portal-backend  (2)/vendor/laravel/framework/src/Illuminate/Http/Middleware/HandleCors.php(62): Illuminate\\Pipeline\\Pipeline->{closure:{closure:Illuminate\\Pipeline\\Pipeline::carry():184}:185}(Object(Illuminate\\Http\\Request))
#39 /storage/emulated/0/Download/university-portal-backend  (2)/vendor/laravel/framework/src/Illuminate/Pipeline/Pipeline.php(209): Illuminate\\Http\\Middleware\\HandleCors->handle(Object(Illuminate\\Http\\Request), Object(Closure))
#40 /storage/emulated/0/Download/university-portal-backend  (2)/vendor/laravel/framework/src/Illuminate/Http/Middleware/TrustProxies.php(58): Illuminate\\Pipeline\\Pipeline->{closure:{closure:Illuminate\\Pipeline\\Pipeline::carry():184}:185}(Object(Illuminate\\Http\\Request))
#41 /storage/emulated/0/Download/university-portal-backend  (2)/vendor/laravel/framework/src/Illuminate/Pipeline/Pipeline.php(209): Illuminate\\Http\\Middleware\\TrustProxies->handle(Object(Illuminate\\Http\\Request), Object(Closure))
#42 /storage/emulated/0/Download/university-portal-backend  (2)/vendor/laravel/framework/src/Illuminate/Foundation/Http/Middleware/InvokeDeferredCallbacks.php(22): Illuminate\\Pipeline\\Pipeline->{closure:{closure:Illuminate\\Pipeline\\Pipeline::carry():184}:185}(Object(Illuminate\\Http\\Request))
#43 /storage/emulated/0/Download/university-portal-backend  (2)/vendor/laravel/framework/src/Illuminate/Pipeline/Pipeline.php(209): Illuminate\\Foundation\\Http\\Middleware\\InvokeDeferredCallbacks->handle(Object(Illuminate\\Http\\Request), Object(Closure))
#44 /storage/emulated/0/Download/university-portal-backend  (2)/vendor/laravel/framework/src/Illuminate/Pipeline/Pipeline.php(127): Illuminate\\Pipeline\\Pipeline->{closure:{closure:Illuminate\\Pipeline\\Pipeline::carry():184}:185}(Object(Illuminate\\Http\\Request))
#45 /storage/emulated/0/Download/university-portal-backend  (2)/vendor/laravel/framework/src/Illuminate/Foundation/Http/Kernel.php(176): Illuminate\\Pipeline\\Pipeline->then(Object(Closure))
#46 /storage/emulated/0/Download/university-portal-backend  (2)/vendor/laravel/framework/src/Illuminate/Foundation/Http/Kernel.php(145): Illuminate\\Foundation\\Http\\Kernel->sendRequestThroughRouter(Object(Illuminate\\Http\\Request))
#47 /storage/emulated/0/Download/university-portal-backend  (2)/vendor/laravel/framework/src/Illuminate/Foundation/Application.php(1220): Illuminate\\Foundation\\Http\\Kernel->handle(Object(Illuminate\\Http\\Request))
#48 /storage/emulated/0/Download/university-portal-backend  (2)/public/index.php(15): Illuminate\\Foundation\\Application->handleRequest(Object(Illuminate\\Http\\Request))
#49 {main}

[previous exception] [object] (PDOException(code: HY000): SQLSTATE[HY000]: General error: 1 no such table: sessions at /storage/emulated/0/Download/university-portal-backend  (2)/vendor/laravel/framework/src/Illuminate/Database/Connection.php:592)
[stacktrace]
#0 /storage/emulated/0/Download/university-portal-backend  (2)/vendor/laravel/framework/src/Illuminate/Database/Connection.php(592): PDO->prepare('delete from \"se...')
#1 /storage/emulated/0/Download/university-portal-backend  (2)/vendor/laravel/framework/src/Illuminate/Database/Connection.php(812): Illuminate\\Database\\Connection->{closure:Illuminate\\Database\\Connection::affectingStatement():584}('delete from \"se...', Array)
#2 /storage/emulated/0/Download/university-portal-backend  (2)/vendor/laravel/framework/src/Illuminate/Database/Connection.php(779): Illuminate\\Database\\Connection->runQueryCallback('delete from \"se...', Array, Object(Closure))
#3 /storage/emulated/0/Download/university-portal-backend  (2)/vendor/laravel/framework/src/Illuminate/Database/Connection.php(584): Illuminate\\Database\\Connection->run('delete from \"se...', Array, Object(Closure))
#4 /storage/emulated/0/Download/university-portal-backend  (2)/vendor/laravel/framework/src/Illuminate/Database/Connection.php(548): Illuminate\\Database\\Connection->affectingStatement('delete from \"se...', Array)
#5 /storage/emulated/0/Download/university-portal-backend  (2)/vendor/laravel/framework/src/Illuminate/Database/Query/Builder.php(4024): Illuminate\\Database\\Connection->delete('delete from \"se...', Array)
#6 /storage/emulated/0/Download/university-portal-backend  (2)/vendor/laravel/framework/src/Illuminate/Session/DatabaseSessionHandler.php(269): Illuminate\\Database\\Query\\Builder->delete()
#7 /storage/emulated/0/Download/university-portal-backend  (2)/vendor/laravel/framework/src/Illuminate/Session/Store.php(609): Illuminate\\Session\\DatabaseSessionHandler->destroy('xb9Bu9xQzIsVVIu...')
#8 /storage/emulated/0/Download/university-portal-backend  (2)/vendor/laravel/framework/src/Illuminate/Auth/SessionGuard.php(579): Illuminate\\Session\\Store->migrate(true)
#9 /storage/emulated/0/Download/university-portal-backend  (2)/vendor/laravel/framework/src/Illuminate/Auth/SessionGuard.php(550): Illuminate\\Auth\\SessionGuard->updateSession(1)
#10 /storage/emulated/0/Download/university-portal-backend  (2)/vendor/laravel/framework/src/Illuminate/Auth/SessionGuard.php(423): Illuminate\\Auth\\SessionGuard->login(Object(App\\Models\\User), false)
#11 /storage/emulated/0/Download/university-portal-backend  (2)/vendor/laravel/framework/src/Illuminate/Support/Timebox.php(34): Illuminate\\Auth\\SessionGuard->{closure:Illuminate\\Auth\\SessionGuard::attempt():412}(Object(Illuminate\\Support\\Timebox))
#12 /storage/emulated/0/Download/university-portal-backend  (2)/vendor/laravel/framework/src/Illuminate/Auth/SessionGuard.php(412): Illuminate\\Support\\Timebox->call(Object(Closure), 200000)
#13 /storage/emulated/0/Download/university-portal-backend  (2)/vendor/laravel/framework/src/Illuminate/Auth/AuthManager.php(340): Illuminate\\Auth\\SessionGuard->attempt(Array)
#14 /storage/emulated/0/Download/university-portal-backend  (2)/vendor/laravel/framework/src/Illuminate/Support/Facades/Facade.php(361): Illuminate\\Auth\\AuthManager->__call('attempt', Array)
#15 /storage/emulated/0/Download/university-portal-backend  (2)/app/Http/Controllers/Api/AuthController.php(21): Illuminate\\Support\\Facades\\Facade::__callStatic('attempt', Array)
#16 /storage/emulated/0/Download/university-portal-backend  (2)/vendor/laravel/framework/src/Illuminate/Routing/ControllerDispatcher.php(47): App\\Http\\Controllers\\Api\\AuthController->login(Object(Illuminate\\Http\\Request))
#17 /storage/emulated/0/Download/university-portal-backend  (2)/vendor/laravel/framework/src/Illuminate/Routing/Route.php(266): Illuminate\\Routing\\ControllerDispatcher->dispatch(Object(Illuminate\\Routing\\Route), Object(App\\Http\\Controllers\\Api\\AuthController), 'login')
#18 /storage/emulated/0/Download/university-portal-backend  (2)/vendor/laravel/framework/src/Illuminate/Routing/Route.php(212): Illuminate\\Routing\\Route->runController()
#19 /storage/emulated/0/Download/university-portal-backend  (2)/vendor/laravel/framework/src/Illuminate/Routing/Router.php(808): Illuminate\\Routing\\Route->run()
#20 /storage/emulated/0/Download/university-portal-backend  (2)/vendor/laravel/framework/src/Illuminate/Pipeline/Pipeline.php(170): Illuminate\\Routing\\Router->{closure:Illuminate\\Routing\\Router::runRouteWithinStack():807}(Object(Illuminate\\Http\\Request))
#21 /storage/emulated/0/Download/university-portal-backend  (2)/vendor/laravel/framework/src/Illuminate/Routing/Middleware/SubstituteBindings.php(51): Illuminate\\Pipeline\\Pipeline->{closure:Illuminate\\Pipeline\\Pipeline::prepareDestination():168}(Object(Illuminate\\Http\\Request))
#22 /storage/emulated/0/Download/university-portal-backend  (2)/vendor/laravel/framework/src/Illuminate/Pipeline/Pipeline.php(209): Illuminate\\Routing\\Middleware\\SubstituteBindings->handle(Object(Illuminate\\Http\\Request), Object(Closure))
#23 /storage/emulated/0/Download/university-portal-backend  (2)/vendor/laravel/framework/src/Illuminate/Pipeline/Pipeline.php(127): Illuminate\\Pipeline\\Pipeline->{closure:{closure:Illuminate\\Pipeline\\Pipeline::carry():184}:185}(Object(Illuminate\\Http\\Request))
#24 /storage/emulated/0/Download/university-portal-backend  (2)/vendor/laravel/framework/src/Illuminate/Routing/Router.php(807): Illuminate\\Pipeline\\Pipeline->then(Object(Closure))
#25 /storage/emulated/0/Download/university-portal-backend  (2)/vendor/laravel/framework/src/Illuminate/Routing/Router.php(786): Illuminate\\Routing\\Router->runRouteWithinStack(Object(Illuminate\\Routing\\Route), Object(Illuminate\\Http\\Request))
#26 /storage/emulated/0/Download/university-portal-backend  (2)/vendor/laravel/framework/src/Illuminate/Routing/Router.php(750): Illuminate\\Routing\\Router->runRoute(Object(Illuminate\\Http\\Request), Object(Illuminate\\Routing\\Route))
#27 /storage/emulated/0/Download/university-portal-backend  (2)/vendor/laravel/framework/src/Illuminate/Routing/Router.php(739): Illuminate\\Routing\\Router->dispatchToRoute(Object(Illuminate\\Http\\Request))
#28 /storage/emulated/0/Download/university-portal-backend  (2)/vendor/laravel/framework/src/Illuminate/Foundation/Http/Kernel.php(201): Illuminate\\Routing\\Router->dispatch(Object(Illuminate\\Http\\Request))
#29 /storage/emulated/0/Download/university-portal-backend  (2)/vendor/laravel/framework/src/Illuminate/Pipeline/Pipeline.php(170): Illuminate\\Foundation\\Http\\Kernel->{closure:Illuminate\\Foundation\\Http\\Kernel::dispatchToRouter():198}(Object(Illuminate\\Http\\Request))
#30 /storage/emulated/0/Download/university-portal-backend  (2)/vendor/laravel/framework/src/Illuminate/Foundation/Http/Middleware/TransformsRequest.php(21): Illuminate\\Pipeline\\Pipeline->{closure:Illuminate\\Pipeline\\Pipeline::prepareDestination():168}(Object(Illuminate\\Http\\Request))
#31 /storage/emulated/0/Download/university-portal-backend  (2)/vendor/laravel/framework/src/Illuminate/Foundation/Http/Middleware/ConvertEmptyStringsToNull.php(31): Illuminate\\Foundation\\Http\\Middleware\\TransformsRequest->handle(Object(Illuminate\\Http\\Request), Object(Closure))
#32 /storage/emulated/0/Download/university-portal-backend  (2)/vendor/laravel/framework/src/Illuminate/Pipeline/Pipeline.php(209): Illuminate\\Foundation\\Http\\Middleware\\ConvertEmptyStringsToNull->handle(Object(Illuminate\\Http\\Request), Object(Closure))
#33 /storage/emulated/0/Download/university-portal-backend  (2)/vendor/laravel/framework/src/Illuminate/Foundation/Http/Middleware/TransformsRequest.php(21): Illuminate\\Pipeline\\Pipeline->{closure:{closure:Illuminate\\Pipeline\\Pipeline::carry():184}:185}(Object(Illuminate\\Http\\Request))
#34 /storage/emulated/0/Download/university-portal-backend  (2)/vendor/laravel/framework/src/Illuminate/Foundation/Http/Middleware/TrimStrings.php(51): Illuminate\\Foundation\\Http\\Middleware\\TransformsRequest->handle(Object(Illuminate\\Http\\Request), Object(Closure))
#35 /storage/emulated/0/Download/university-portal-backend  (2)/vendor/laravel/framework/src/Illuminate/Pipeline/Pipeline.php(209): Illuminate\\Foundation\\Http\\Middleware\\TrimStrings->handle(Object(Illuminate\\Http\\Request), Object(Closure))
#36 /storage/emulated/0/Download/university-portal-backend  (2)/vendor/laravel/framework/src/Illuminate/Http/Middleware/ValidatePostSize.php(27): Illuminate\\Pipeline\\Pipeline->{closure:{closure:Illuminate\\Pipeline\\Pipeline::carry():184}:185}(Object(Illuminate\\Http\\Request))
#37 /storage/emulated/0/Download/university-portal-backend  (2)/vendor/laravel/framework/src/Illuminate/Pipeline/Pipeline.php(209): Illuminate\\Http\\Middleware\\ValidatePostSize->handle(Object(Illuminate\\Http\\Request), Object(Closure))
#38 /storage/emulated/0/Download/university-portal-backend  (2)/vendor/laravel/framework/src/Illuminate/Foundation/Http/Middleware/PreventRequestsDuringMaintenance.php(110): Illuminate\\Pipeline\\Pipeline->{closure:{closure:Illuminate\\Pipeline\\Pipeline::carry():184}:185}(Object(Illuminate\\Http\\Request))
#39 /storage/emulated/0/Download/university-portal-backend  (2)/vendor/laravel/framework/src/Illuminate/Pipeline/Pipeline.php(209): Illuminate\\Foundation\\Http\\Middleware\\PreventRequestsDuringMaintenance->handle(Object(Illuminate\\Http\\Request), Object(Closure))
#40 /storage/emulated/0/Download/university-portal-backend  (2)/vendor/laravel/framework/src/Illuminate/Http/Middleware/HandleCors.php(62): Illuminate\\Pipeline\\Pipeline->{closure:{closure:Illuminate\\Pipeline\\Pipeline::carry():184}:185}(Object(Illuminate\\Http\\Request))
#41 /storage/emulated/0/Download/university-portal-backend  (2)/vendor/laravel/framework/src/Illuminate/Pipeline/Pipeline.php(209): Illuminate\\Http\\Middleware\\HandleCors->handle(Object(Illuminate\\Http\\Request), Object(Closure))
#42 /storage/emulated/0/Download/university-portal-backend  (2)/vendor/laravel/framework/src/Illuminate/Http/Middleware/TrustProxies.php(58): Illuminate\\Pipeline\\Pipeline->{closure:{closure:Illuminate\\Pipeline\\Pipeline::carry():184}:185}(Object(Illuminate\\Http\\Request))
#43 /storage/emulated/0/Download/university-portal-backend  (2)/vendor/laravel/framework/src/Illuminate/Pipeline/Pipeline.php(209): Illuminate\\Http\\Middleware\\TrustProxies->handle(Object(Illuminate\\Http\\Request), Object(Closure))
#44 /storage/emulated/0/Download/university-portal-backend  (2)/vendor/laravel/framework/src/Illuminate/Foundation/Http/Middleware/InvokeDeferredCallbacks.php(22): Illuminate\\Pipeline\\Pipeline->{closure:{closure:Illuminate\\Pipeline\\Pipeline::carry():184}:185}(Object(Illuminate\\Http\\Request))
#45 /storage/emulated/0/Download/university-portal-backend  (2)/vendor/laravel/framework/src/Illuminate/Pipeline/Pipeline.php(209): Illuminate\\Foundation\\Http\\Middleware\\InvokeDeferredCallbacks->handle(Object(Illuminate\\Http\\Request), Object(Closure))
#46 /storage/emulated/0/Download/university-portal-backend  (2)/vendor/laravel/framework/src/Illuminate/Pipeline/Pipeline.php(127): Illuminate\\Pipeline\\Pipeline->{closure:{closure:Illuminate\\Pipeline\\Pipeline::carry():184}:185}(Object(Illuminate\\Http\\Request))
#47 /storage/emulated/0/Download/university-portal-backend  (2)/vendor/laravel/framework/src/Illuminate/Foundation/Http/Kernel.php(176): Illuminate\\Pipeline\\Pipeline->then(Object(Closure))
#48 /storage/emulated/0/Download/university-portal-backend  (2)/vendor/laravel/framework/src/Illuminate/Foundation/Http/Kernel.php(145): Illuminate\\Foundation\\Http\\Kernel->sendRequestThroughRouter(Object(Illuminate\\Http\\Request))
#49 /storage/emulated/0/Download/university-portal-backend  (2)/vendor/laravel/framework/src/Illuminate/Foundation/Application.php(1220): Illuminate\\Foundation\\Http\\Kernel->handle(Object(Illuminate\\Http\\Request))
#50 /storage/emulated/0/Download/university-portal-backend  (2)/public/index.php(15): Illuminate\\Foundation\\Application->handleRequest(Object(Illuminate\\Http\\Request))
#51 {main}
"} 
